ARM GAS  C:\Users\ADSTRU~1\AppData\Local\Temp\ccEcZ2Z6.s 			page 1


   1              		.syntax unified
   2              		.cpu cortex-m0plus
   3              		.fpu softvfp
   4              		.eabi_attribute 20, 1
   5              		.eabi_attribute 21, 1
   6              		.eabi_attribute 23, 3
   7              		.eabi_attribute 24, 1
   8              		.eabi_attribute 25, 1
   9              		.eabi_attribute 26, 1
  10              		.eabi_attribute 30, 1
  11              		.eabi_attribute 34, 0
  12              		.eabi_attribute 18, 4
  13              		.thumb
  14              		.syntax unified
  15              		.file	"CapSense_Sensing.c"
  16              		.text
  17              	.Ltext0:
  18              		.cfi_sections	.debug_frame
  19              		.global	__aeabi_uidivmod
  20              		.section	.text.CapSense_SsCalcLfsrSize,"ax",%progbits
  21              		.align	2
  22              		.code	16
  23              		.thumb_func
  24              		.type	CapSense_SsCalcLfsrSize, %function
  25              	CapSense_SsCalcLfsrSize:
  26              	.LFB23:
  27              		.file 1 "Generated_Source\\PSoC4\\CapSense_Sensing.c"
   1:Generated_Source\PSoC4/CapSense_Sensing.c **** /***************************************************************************//**
   2:Generated_Source\PSoC4/CapSense_Sensing.c **** * \file CapSense_Sensing.c
   3:Generated_Source\PSoC4/CapSense_Sensing.c **** * \version 7.0
   4:Generated_Source\PSoC4/CapSense_Sensing.c **** *
   5:Generated_Source\PSoC4/CapSense_Sensing.c **** * \brief
   6:Generated_Source\PSoC4/CapSense_Sensing.c **** *   This file contains the source of functions common for
   7:Generated_Source\PSoC4/CapSense_Sensing.c **** *   different sensing methods.
   8:Generated_Source\PSoC4/CapSense_Sensing.c **** *
   9:Generated_Source\PSoC4/CapSense_Sensing.c **** * \see CapSense v7.0 Datasheet
  10:Generated_Source\PSoC4/CapSense_Sensing.c **** *
  11:Generated_Source\PSoC4/CapSense_Sensing.c **** *//*****************************************************************************
  12:Generated_Source\PSoC4/CapSense_Sensing.c **** * Copyright (2016-2019), Cypress Semiconductor Corporation.
  13:Generated_Source\PSoC4/CapSense_Sensing.c **** ********************************************************************************
  14:Generated_Source\PSoC4/CapSense_Sensing.c **** * This software is owned by Cypress Semiconductor Corporation (Cypress) and is
  15:Generated_Source\PSoC4/CapSense_Sensing.c **** * protected by and subject to worldwide patent protection (United States and
  16:Generated_Source\PSoC4/CapSense_Sensing.c **** * foreign), United States copyright laws and international treaty provisions.
  17:Generated_Source\PSoC4/CapSense_Sensing.c **** * Cypress hereby grants to licensee a personal, non-exclusive, non-transferable
  18:Generated_Source\PSoC4/CapSense_Sensing.c **** * license to copy, use, modify, create derivative works of, and compile the
  19:Generated_Source\PSoC4/CapSense_Sensing.c **** * Cypress Source Code and derivative works for the sole purpose of creating
  20:Generated_Source\PSoC4/CapSense_Sensing.c **** * custom software in support of licensee product to be used only in conjunction
  21:Generated_Source\PSoC4/CapSense_Sensing.c **** * with a Cypress integrated circuit as specified in the applicable agreement.
  22:Generated_Source\PSoC4/CapSense_Sensing.c **** * Any reproduction, modification, translation, compilation, or representation of
  23:Generated_Source\PSoC4/CapSense_Sensing.c **** * this software except as specified above is prohibited without the express
  24:Generated_Source\PSoC4/CapSense_Sensing.c **** * written permission of Cypress.
  25:Generated_Source\PSoC4/CapSense_Sensing.c **** *
  26:Generated_Source\PSoC4/CapSense_Sensing.c **** * Disclaimer: CYPRESS MAKES NO WARRANTY OF ANY KIND, EXPRESS OR IMPLIED, WITH
  27:Generated_Source\PSoC4/CapSense_Sensing.c **** * REGARD TO THIS MATERIAL, INCLUDING, BUT NOT LIMITED TO, THE IMPLIED
  28:Generated_Source\PSoC4/CapSense_Sensing.c **** * WARRANTIES OF MERCHANTABILITY AND FITNESS FOR A PARTICULAR PURPOSE.
  29:Generated_Source\PSoC4/CapSense_Sensing.c **** * Cypress reserves the right to make changes without further notice to the
  30:Generated_Source\PSoC4/CapSense_Sensing.c **** * materials described herein. Cypress does not assume any liability arising out
ARM GAS  C:\Users\ADSTRU~1\AppData\Local\Temp\ccEcZ2Z6.s 			page 2


  31:Generated_Source\PSoC4/CapSense_Sensing.c **** * of the application or use of any product or circuit described herein. Cypress
  32:Generated_Source\PSoC4/CapSense_Sensing.c **** * does not authorize its products for use as critical components in life-support
  33:Generated_Source\PSoC4/CapSense_Sensing.c **** * systems where a malfunction or failure may reasonably be expected to result in
  34:Generated_Source\PSoC4/CapSense_Sensing.c **** * significant injury to the user. The inclusion of Cypress' product in a life-
  35:Generated_Source\PSoC4/CapSense_Sensing.c **** * support systems application implies that the manufacturer assumes all risk of
  36:Generated_Source\PSoC4/CapSense_Sensing.c **** * such use and in doing so indemnifies Cypress against all charges. Use may be
  37:Generated_Source\PSoC4/CapSense_Sensing.c **** * limited by and subject to the applicable Cypress software license agreement.
  38:Generated_Source\PSoC4/CapSense_Sensing.c **** *******************************************************************************/
  39:Generated_Source\PSoC4/CapSense_Sensing.c **** 
  40:Generated_Source\PSoC4/CapSense_Sensing.c **** #include "cyfitter.h"
  41:Generated_Source\PSoC4/CapSense_Sensing.c **** #include "CapSense_Configuration.h"
  42:Generated_Source\PSoC4/CapSense_Sensing.c **** #include "CapSense_Structure.h"
  43:Generated_Source\PSoC4/CapSense_Sensing.c **** #include "CapSense_Sensing.h"
  44:Generated_Source\PSoC4/CapSense_Sensing.c **** #if (CapSense_ENABLE == CapSense_CSX_EN)
  45:Generated_Source\PSoC4/CapSense_Sensing.c ****     #include "CapSense_SensingCSX_LL.h"
  46:Generated_Source\PSoC4/CapSense_Sensing.c **** #endif
  47:Generated_Source\PSoC4/CapSense_Sensing.c **** #if (CapSense_ENABLE == CapSense_ISX_EN)
  48:Generated_Source\PSoC4/CapSense_Sensing.c ****     #include "CapSense_SensingISX_LL.h"
  49:Generated_Source\PSoC4/CapSense_Sensing.c **** #endif
  50:Generated_Source\PSoC4/CapSense_Sensing.c **** #if (CapSense_ENABLE == CapSense_CSD_EN)
  51:Generated_Source\PSoC4/CapSense_Sensing.c ****     #include "CapSense_SensingCSD_LL.h"
  52:Generated_Source\PSoC4/CapSense_Sensing.c **** #endif
  53:Generated_Source\PSoC4/CapSense_Sensing.c **** #if (CapSense_CSD_SS_DIS != CapSense_CSD_AUTOTUNE)
  54:Generated_Source\PSoC4/CapSense_Sensing.c ****     #include "CapSense_SmartSense_LL.h"
  55:Generated_Source\PSoC4/CapSense_Sensing.c **** #endif
  56:Generated_Source\PSoC4/CapSense_Sensing.c **** #if (CapSense_ENABLE == CapSense_ADC_EN)
  57:Generated_Source\PSoC4/CapSense_Sensing.c ****     #include "CapSense_Adc.h"
  58:Generated_Source\PSoC4/CapSense_Sensing.c **** #endif
  59:Generated_Source\PSoC4/CapSense_Sensing.c **** #if (CapSense_ENABLE == CapSense_SELF_TEST_EN)
  60:Generated_Source\PSoC4/CapSense_Sensing.c ****     #include "CapSense_SelfTest.h"
  61:Generated_Source\PSoC4/CapSense_Sensing.c **** #endif
  62:Generated_Source\PSoC4/CapSense_Sensing.c **** 
  63:Generated_Source\PSoC4/CapSense_Sensing.c **** #if (0u != CapSense_ISX_EN)
  64:Generated_Source\PSoC4/CapSense_Sensing.c ****     #include "CapSense_DigPrt2.h"
  65:Generated_Source\PSoC4/CapSense_Sensing.c ****     #if (CapSense_USES_PORT_3)
  66:Generated_Source\PSoC4/CapSense_Sensing.c ****         #include "CapSense_DigPrt3.h"
  67:Generated_Source\PSoC4/CapSense_Sensing.c ****     #endif
  68:Generated_Source\PSoC4/CapSense_Sensing.c **** #endif
  69:Generated_Source\PSoC4/CapSense_Sensing.c **** 
  70:Generated_Source\PSoC4/CapSense_Sensing.c **** /***************************************
  71:Generated_Source\PSoC4/CapSense_Sensing.c **** * API Constants
  72:Generated_Source\PSoC4/CapSense_Sensing.c **** ***************************************/
  73:Generated_Source\PSoC4/CapSense_Sensing.c **** 
  74:Generated_Source\PSoC4/CapSense_Sensing.c **** #define CapSense_IMO_FREQUENCY_OFFSET_MIN               (0u)
  75:Generated_Source\PSoC4/CapSense_Sensing.c **** #define CapSense_IMO_FREQUENCY_OFFSET_MAX               (255u)
  76:Generated_Source\PSoC4/CapSense_Sensing.c **** #define CapSense_AUTOTUNE_CALIBRATION_RESOLUTION        (12u)
  77:Generated_Source\PSoC4/CapSense_Sensing.c **** #define CapSense_AUTOTUNE_CALIBRATION_FREQ_KHZ          (1500u)
  78:Generated_Source\PSoC4/CapSense_Sensing.c **** #define CapSense_AUTOTUNE_CAL_LEVEL                     (CapSense_CSD_RAWCOUNT_CAL_LEVEL)
  79:Generated_Source\PSoC4/CapSense_Sensing.c **** #define CapSense_AUTOTUNE_CAL_UNITS                     (1000u)
  80:Generated_Source\PSoC4/CapSense_Sensing.c **** #define CapSense_AUTOTUNE_CP_MAX                        (69000Lu)
  81:Generated_Source\PSoC4/CapSense_Sensing.c **** #define CapSense_CLK_SOURCE_LFSR_SCALE_OFFSET           (4u)
  82:Generated_Source\PSoC4/CapSense_Sensing.c **** 
  83:Generated_Source\PSoC4/CapSense_Sensing.c **** /* HW IP Block limitation */
  84:Generated_Source\PSoC4/CapSense_Sensing.c **** #if (CapSense_ENABLE == CapSense_CSDV2)
  85:Generated_Source\PSoC4/CapSense_Sensing.c ****     #define CapSense_CSD_SNS_FREQ_KHZ_MAX               (6000u)
  86:Generated_Source\PSoC4/CapSense_Sensing.c **** #else
  87:Generated_Source\PSoC4/CapSense_Sensing.c ****     #define CapSense_CSD_SNS_FREQ_KHZ_MAX               (12600u)
ARM GAS  C:\Users\ADSTRU~1\AppData\Local\Temp\ccEcZ2Z6.s 			page 3


  88:Generated_Source\PSoC4/CapSense_Sensing.c **** #endif /* (CapSense_ENABLE == CapSense_CSDV2) */
  89:Generated_Source\PSoC4/CapSense_Sensing.c **** 
  90:Generated_Source\PSoC4/CapSense_Sensing.c **** #define CapSense_FLIP_FLOP_DIV                          (1u)
  91:Generated_Source\PSoC4/CapSense_Sensing.c **** 
  92:Generated_Source\PSoC4/CapSense_Sensing.c **** #define CapSense_MOD_CSD_CLK_12000KHZ                   (12000uL)
  93:Generated_Source\PSoC4/CapSense_Sensing.c **** #define CapSense_MOD_CSD_CLK_24000KHZ                   (24000uL)
  94:Generated_Source\PSoC4/CapSense_Sensing.c **** #define CapSense_MOD_CSD_CLK_48000KHZ                   (48000uL)
  95:Generated_Source\PSoC4/CapSense_Sensing.c **** 
  96:Generated_Source\PSoC4/CapSense_Sensing.c **** /*****************************************************************************/
  97:Generated_Source\PSoC4/CapSense_Sensing.c **** /* Enumeration types definition                                              */
  98:Generated_Source\PSoC4/CapSense_Sensing.c **** /*****************************************************************************/
  99:Generated_Source\PSoC4/CapSense_Sensing.c **** 
 100:Generated_Source\PSoC4/CapSense_Sensing.c **** typedef enum
 101:Generated_Source\PSoC4/CapSense_Sensing.c **** {
 102:Generated_Source\PSoC4/CapSense_Sensing.c ****     CapSense_RES_PULLUP_E   = 0x02u,
 103:Generated_Source\PSoC4/CapSense_Sensing.c ****     CapSense_RES_PULLDOWN_E = 0x03u
 104:Generated_Source\PSoC4/CapSense_Sensing.c **** } CapSense_PORT_TEST_DM;
 105:Generated_Source\PSoC4/CapSense_Sensing.c **** 
 106:Generated_Source\PSoC4/CapSense_Sensing.c **** typedef enum
 107:Generated_Source\PSoC4/CapSense_Sensing.c **** {
 108:Generated_Source\PSoC4/CapSense_Sensing.c ****     CapSense_STS_RESET      = 0x01u,
 109:Generated_Source\PSoC4/CapSense_Sensing.c ****     CapSense_STS_NO_RESET   = 0x02u
 110:Generated_Source\PSoC4/CapSense_Sensing.c **** } CapSense_TEST_TYPE;
 111:Generated_Source\PSoC4/CapSense_Sensing.c **** 
 112:Generated_Source\PSoC4/CapSense_Sensing.c **** 
 113:Generated_Source\PSoC4/CapSense_Sensing.c **** /*******************************************************************************
 114:Generated_Source\PSoC4/CapSense_Sensing.c **** * Static Function Prototypes
 115:Generated_Source\PSoC4/CapSense_Sensing.c **** *******************************************************************************/
 116:Generated_Source\PSoC4/CapSense_Sensing.c **** /**
 117:Generated_Source\PSoC4/CapSense_Sensing.c **** * \cond SECTION_C_INTERNAL
 118:Generated_Source\PSoC4/CapSense_Sensing.c **** * \addtogroup group_c_internal
 119:Generated_Source\PSoC4/CapSense_Sensing.c **** * \{
 120:Generated_Source\PSoC4/CapSense_Sensing.c **** */
 121:Generated_Source\PSoC4/CapSense_Sensing.c **** 
 122:Generated_Source\PSoC4/CapSense_Sensing.c **** #if (CapSense_DISABLE == CapSense_CSDV2)
 123:Generated_Source\PSoC4/CapSense_Sensing.c ****     static void CapSense_SsTrimIdacs(void);
 124:Generated_Source\PSoC4/CapSense_Sensing.c ****     #if ((CapSense_ENABLE == CapSense_CSX_EN) || \
 125:Generated_Source\PSoC4/CapSense_Sensing.c ****          (CapSense_ENABLE == CapSense_ISX_EN) || \
 126:Generated_Source\PSoC4/CapSense_Sensing.c ****          (CapSense_IDAC_SINKING == CapSense_CSD_IDAC_CONFIG))
 127:Generated_Source\PSoC4/CapSense_Sensing.c ****         static void CapSense_SsTrimIdacsSinking(void);
 128:Generated_Source\PSoC4/CapSense_Sensing.c ****     #endif /* ((CapSense_ENABLE == CapSense_CSX_EN) || \
 129:Generated_Source\PSoC4/CapSense_Sensing.c ****                (CapSense_IDAC_SINKING == CapSense_CSD_IDAC_CONFIG)) */
 130:Generated_Source\PSoC4/CapSense_Sensing.c ****     #if ((CapSense_ENABLE == CapSense_CSX_EN) || \
 131:Generated_Source\PSoC4/CapSense_Sensing.c ****          (CapSense_ENABLE == CapSense_ISX_EN) || \
 132:Generated_Source\PSoC4/CapSense_Sensing.c ****          (CapSense_IDAC_SOURCING == CapSense_CSD_IDAC_CONFIG))
 133:Generated_Source\PSoC4/CapSense_Sensing.c ****         static void CapSense_SsTrimIdacsSourcing(void);
 134:Generated_Source\PSoC4/CapSense_Sensing.c ****     #endif /* ((CapSense_ENABLE == CapSense_CSX_EN) || \
 135:Generated_Source\PSoC4/CapSense_Sensing.c ****                (CapSense_IDAC_SOURCING == CapSense_CSD_IDAC_CONFIG)) */
 136:Generated_Source\PSoC4/CapSense_Sensing.c **** #endif /* (CapSense_ENABLE == CapSense_CSDV2) */
 137:Generated_Source\PSoC4/CapSense_Sensing.c **** 
 138:Generated_Source\PSoC4/CapSense_Sensing.c **** #if (CapSense_ENABLE == CapSense_CSD_EN)
 139:Generated_Source\PSoC4/CapSense_Sensing.c ****     static void CapSense_SsCSDDisableMode(void);
 140:Generated_Source\PSoC4/CapSense_Sensing.c **** #endif /* (CapSense_ENABLE == CapSense_CSD_EN) */
 141:Generated_Source\PSoC4/CapSense_Sensing.c **** #if (CapSense_ENABLE == CapSense_CSX_EN)
 142:Generated_Source\PSoC4/CapSense_Sensing.c ****     static void CapSense_SsDisableCSXMode(void);
 143:Generated_Source\PSoC4/CapSense_Sensing.c **** #endif /* (CapSense_ENABLE == CapSense_CSX_EN) */
 144:Generated_Source\PSoC4/CapSense_Sensing.c **** #if (CapSense_ENABLE == CapSense_ISX_EN)
ARM GAS  C:\Users\ADSTRU~1\AppData\Local\Temp\ccEcZ2Z6.s 			page 4


 145:Generated_Source\PSoC4/CapSense_Sensing.c ****     static void CapSense_SsDisableISXMode(void);
 146:Generated_Source\PSoC4/CapSense_Sensing.c **** #endif /* (CapSense_ENABLE == CapSense_ISX_EN) */
 147:Generated_Source\PSoC4/CapSense_Sensing.c **** 
 148:Generated_Source\PSoC4/CapSense_Sensing.c **** #if(((CapSense_ENABLE == CapSense_CSX_EN) && \
 149:Generated_Source\PSoC4/CapSense_Sensing.c ****      (CapSense_ENABLE == CapSense_CSDV2) && \
 150:Generated_Source\PSoC4/CapSense_Sensing.c ****      (CapSense_CLK_SOURCE_PRSAUTO == CapSense_CSX_TX_CLK_SOURCE) && \
 151:Generated_Source\PSoC4/CapSense_Sensing.c ****      (CapSense_DISABLE == CapSense_CSX_SKIP_OVSMPL_SPECIFIC_NODES)) ||\
 152:Generated_Source\PSoC4/CapSense_Sensing.c ****     ((CapSense_ENABLE == CapSense_CSD_EN) && \
 153:Generated_Source\PSoC4/CapSense_Sensing.c ****      (CapSense_ENABLE == CapSense_CSDV2) && \
 154:Generated_Source\PSoC4/CapSense_Sensing.c ****      (CapSense_CLK_SOURCE_PRSAUTO == CapSense_CSD_SNS_CLK_SOURCE)))
 155:Generated_Source\PSoC4/CapSense_Sensing.c ****     static uint8 CapSense_SsCalcLfsrSize(uint32 snsClkDivider, uint32 conversionsNum);
 156:Generated_Source\PSoC4/CapSense_Sensing.c ****     static uint8 CapSense_SsCalcLfsrScale(uint32 snsClkDivider, uint8 lfsrSize);
 157:Generated_Source\PSoC4/CapSense_Sensing.c **** #endif
 158:Generated_Source\PSoC4/CapSense_Sensing.c **** 
 159:Generated_Source\PSoC4/CapSense_Sensing.c **** #if (CapSense_ENABLE == CapSense_CSD_EN)
 160:Generated_Source\PSoC4/CapSense_Sensing.c ****     static void CapSense_SsSetWidgetSenseClkSrc(uint32 wdgtIndex, CapSense_RAM_WD_BASE_STRUCT * ptr
 161:Generated_Source\PSoC4/CapSense_Sensing.c **** #endif
 162:Generated_Source\PSoC4/CapSense_Sensing.c **** 
 163:Generated_Source\PSoC4/CapSense_Sensing.c **** #if ((CapSense_ENABLE == CapSense_CSX_EN) && (CapSense_ENABLE == CapSense_CSDV2))
 164:Generated_Source\PSoC4/CapSense_Sensing.c ****     static void CapSense_SsSetWidgetTxClkSrc(uint32 wdgtIndex, CapSense_RAM_WD_BASE_STRUCT * ptrWdg
 165:Generated_Source\PSoC4/CapSense_Sensing.c **** #endif
 166:Generated_Source\PSoC4/CapSense_Sensing.c **** 
 167:Generated_Source\PSoC4/CapSense_Sensing.c **** 
 168:Generated_Source\PSoC4/CapSense_Sensing.c **** /** \}
 169:Generated_Source\PSoC4/CapSense_Sensing.c **** * \endcond */
 170:Generated_Source\PSoC4/CapSense_Sensing.c **** 
 171:Generated_Source\PSoC4/CapSense_Sensing.c **** /*******************************************************************************
 172:Generated_Source\PSoC4/CapSense_Sensing.c **** * Defines module variables
 173:Generated_Source\PSoC4/CapSense_Sensing.c **** *******************************************************************************/
 174:Generated_Source\PSoC4/CapSense_Sensing.c **** 
 175:Generated_Source\PSoC4/CapSense_Sensing.c **** CapSense_SENSE_METHOD_ENUM CapSense_currentSenseMethod = CapSense_UNDEFINED_E;
 176:Generated_Source\PSoC4/CapSense_Sensing.c **** 
 177:Generated_Source\PSoC4/CapSense_Sensing.c **** #if(CapSense_ENABLE == CapSense_MULTI_FREQ_SCAN_EN)
 178:Generated_Source\PSoC4/CapSense_Sensing.c ****     /* Module variable keep track of multi-frequency scan channel index */
 179:Generated_Source\PSoC4/CapSense_Sensing.c ****     uint8 CapSense_scanFreqIndex = 0u;
 180:Generated_Source\PSoC4/CapSense_Sensing.c ****     /* Variable keep frequency offsets */
 181:Generated_Source\PSoC4/CapSense_Sensing.c ****     uint8 CapSense_immunity[CapSense_NUM_SCAN_FREQS] = {0u, 0u, 0u};
 182:Generated_Source\PSoC4/CapSense_Sensing.c **** #else
 183:Generated_Source\PSoC4/CapSense_Sensing.c ****     /* const allows C-compiler to do optimization */
 184:Generated_Source\PSoC4/CapSense_Sensing.c ****     const uint8 CapSense_scanFreqIndex = 0u;
 185:Generated_Source\PSoC4/CapSense_Sensing.c **** #endif
 186:Generated_Source\PSoC4/CapSense_Sensing.c **** 
 187:Generated_Source\PSoC4/CapSense_Sensing.c **** /* Global software variables */
 188:Generated_Source\PSoC4/CapSense_Sensing.c **** volatile uint8 CapSense_widgetIndex = 0u;    /* Index of the scanning widget */
 189:Generated_Source\PSoC4/CapSense_Sensing.c **** volatile uint8 CapSense_sensorIndex = 0u;    /* Index of the scanning sensor */
 190:Generated_Source\PSoC4/CapSense_Sensing.c **** uint8 CapSense_requestScanAllWidget = 0u;
 191:Generated_Source\PSoC4/CapSense_Sensing.c **** 
 192:Generated_Source\PSoC4/CapSense_Sensing.c **** /* Pointer to RAM_SNS_STRUCT structure */
 193:Generated_Source\PSoC4/CapSense_Sensing.c **** CapSense_RAM_SNS_STRUCT *CapSense_curRamSnsPtr;
 194:Generated_Source\PSoC4/CapSense_Sensing.c **** 
 195:Generated_Source\PSoC4/CapSense_Sensing.c **** #if ((CapSense_ENABLE == CapSense_CSD_GANGED_SNS_EN) || \
 196:Generated_Source\PSoC4/CapSense_Sensing.c ****      (CapSense_ENABLE == CapSense_CSX_EN) || \
 197:Generated_Source\PSoC4/CapSense_Sensing.c ****      (CapSense_ENABLE == CapSense_ISX_EN))
 198:Generated_Source\PSoC4/CapSense_Sensing.c ****     /* Pointer to Flash structure holding configuration of widget to be scanned */
 199:Generated_Source\PSoC4/CapSense_Sensing.c ****     CapSense_FLASH_WD_STRUCT const *CapSense_curFlashWdgtPtr = 0u;
 200:Generated_Source\PSoC4/CapSense_Sensing.c **** #endif
 201:Generated_Source\PSoC4/CapSense_Sensing.c **** 
ARM GAS  C:\Users\ADSTRU~1\AppData\Local\Temp\ccEcZ2Z6.s 			page 5


 202:Generated_Source\PSoC4/CapSense_Sensing.c **** #if (CapSense_ENABLE == CapSense_CSD_GANGED_SNS_EN)
 203:Generated_Source\PSoC4/CapSense_Sensing.c ****     /* Pointer to Flash structure holding info of sensor to be scanned */
 204:Generated_Source\PSoC4/CapSense_Sensing.c ****     CapSense_FLASH_SNS_STRUCT const *CapSense_curFlashSnsPtr = 0u;
 205:Generated_Source\PSoC4/CapSense_Sensing.c **** #endif
 206:Generated_Source\PSoC4/CapSense_Sensing.c **** 
 207:Generated_Source\PSoC4/CapSense_Sensing.c **** /* Pointer to Flash structure to hold Sns electrode that was connected previously */
 208:Generated_Source\PSoC4/CapSense_Sensing.c **** CapSense_FLASH_IO_STRUCT const *CapSense_curSnsIOPtr;
 209:Generated_Source\PSoC4/CapSense_Sensing.c **** 
 210:Generated_Source\PSoC4/CapSense_Sensing.c **** CapSense_IDAC_GAIN_TABLE_STRUCT const CapSense_idacGainTable[CapSense_IDAC_GAIN_NUMBER] = CapSense_
 211:Generated_Source\PSoC4/CapSense_Sensing.c **** 
 212:Generated_Source\PSoC4/CapSense_Sensing.c **** 
 213:Generated_Source\PSoC4/CapSense_Sensing.c **** /*******************************************************************************
 214:Generated_Source\PSoC4/CapSense_Sensing.c **** * Function Name: CapSense_IsBusy
 215:Generated_Source\PSoC4/CapSense_Sensing.c **** ****************************************************************************//**
 216:Generated_Source\PSoC4/CapSense_Sensing.c **** *
 217:Generated_Source\PSoC4/CapSense_Sensing.c **** * \brief
 218:Generated_Source\PSoC4/CapSense_Sensing.c **** *  Returns the current status of the Component (Scan is completed or Scan is in
 219:Generated_Source\PSoC4/CapSense_Sensing.c **** *  progress).
 220:Generated_Source\PSoC4/CapSense_Sensing.c **** *
 221:Generated_Source\PSoC4/CapSense_Sensing.c **** * \details
 222:Generated_Source\PSoC4/CapSense_Sensing.c **** *  This function returns a status of the hardware block whether a scan is
 223:Generated_Source\PSoC4/CapSense_Sensing.c **** *  currently in progress or not. If the Component is busy, no new scan or Widget
 224:Generated_Source\PSoC4/CapSense_Sensing.c **** *  setup is made. The critical section (i.e. disable global interrupt)
 225:Generated_Source\PSoC4/CapSense_Sensing.c **** *  is recommended for the application when the device transitions from
 226:Generated_Source\PSoC4/CapSense_Sensing.c **** *  the active mode to sleep or deep sleep modes.
 227:Generated_Source\PSoC4/CapSense_Sensing.c **** *
 228:Generated_Source\PSoC4/CapSense_Sensing.c **** * \return
 229:Generated_Source\PSoC4/CapSense_Sensing.c **** *  Returns the current status of the Component:
 230:Generated_Source\PSoC4/CapSense_Sensing.c **** *    - CapSense_NOT_BUSY - No scan is in progress and a next scan
 231:Generated_Source\PSoC4/CapSense_Sensing.c **** *      can be initiated.
 232:Generated_Source\PSoC4/CapSense_Sensing.c **** *    - CapSense_SW_STS_BUSY - The previous scanning is not completed
 233:Generated_Source\PSoC4/CapSense_Sensing.c **** *      and the hardware block is busy.
 234:Generated_Source\PSoC4/CapSense_Sensing.c **** *
 235:Generated_Source\PSoC4/CapSense_Sensing.c **** *******************************************************************************/
 236:Generated_Source\PSoC4/CapSense_Sensing.c **** uint32 CapSense_IsBusy(void)
 237:Generated_Source\PSoC4/CapSense_Sensing.c **** {
 238:Generated_Source\PSoC4/CapSense_Sensing.c ****     return (CapSense_dsRam.status & CapSense_SW_STS_BUSY);
 239:Generated_Source\PSoC4/CapSense_Sensing.c **** }
 240:Generated_Source\PSoC4/CapSense_Sensing.c **** 
 241:Generated_Source\PSoC4/CapSense_Sensing.c **** /*******************************************************************************
 242:Generated_Source\PSoC4/CapSense_Sensing.c **** * Function Name: CapSense_SetupWidget
 243:Generated_Source\PSoC4/CapSense_Sensing.c **** ****************************************************************************//**
 244:Generated_Source\PSoC4/CapSense_Sensing.c **** *
 245:Generated_Source\PSoC4/CapSense_Sensing.c **** * \brief
 246:Generated_Source\PSoC4/CapSense_Sensing.c **** *  Performs the initialization required to scan the specified widget.
 247:Generated_Source\PSoC4/CapSense_Sensing.c **** *
 248:Generated_Source\PSoC4/CapSense_Sensing.c **** * \details
 249:Generated_Source\PSoC4/CapSense_Sensing.c **** *  This function prepares the Component to scan all the sensors in the specified
 250:Generated_Source\PSoC4/CapSense_Sensing.c **** *  widget by executing the following tasks:
 251:Generated_Source\PSoC4/CapSense_Sensing.c **** *    1. Re-initialize the hardware if it is not configured to perform the
 252:Generated_Source\PSoC4/CapSense_Sensing.c **** *       sensing method used by the specified widget, this happens only if multiple
 253:Generated_Source\PSoC4/CapSense_Sensing.c **** *       sensing methods are used in the Component.
 254:Generated_Source\PSoC4/CapSense_Sensing.c **** *    2. Initialize the hardware with specific sensing configuration (e.g.
 255:Generated_Source\PSoC4/CapSense_Sensing.c **** *       sensor clock, scan resolution) used by the widget.
 256:Generated_Source\PSoC4/CapSense_Sensing.c **** *    3. Disconnect all previously connected electrodes, if the electrodes
 257:Generated_Source\PSoC4/CapSense_Sensing.c **** *       connected by the lower level SetupWidgetExt() or ConnectSns() functions
 258:Generated_Source\PSoC4/CapSense_Sensing.c ****         and not disconnected.
ARM GAS  C:\Users\ADSTRU~1\AppData\Local\Temp\ccEcZ2Z6.s 			page 6


 259:Generated_Source\PSoC4/CapSense_Sensing.c **** *
 260:Generated_Source\PSoC4/CapSense_Sensing.c **** *  This function does not start sensor scanning, the CapSense_Scan()
 261:Generated_Source\PSoC4/CapSense_Sensing.c **** *  function must be called to start the scan sensors in the widget. If this
 262:Generated_Source\PSoC4/CapSense_Sensing.c **** *  function is called more than once, it does not break the Component operation,
 263:Generated_Source\PSoC4/CapSense_Sensing.c **** *  but only the last initialized widget is in effect.
 264:Generated_Source\PSoC4/CapSense_Sensing.c **** *
 265:Generated_Source\PSoC4/CapSense_Sensing.c **** * \param widgetId
 266:Generated_Source\PSoC4/CapSense_Sensing.c **** *  Specifies the ID number of the widget to be initialized for scanning.
 267:Generated_Source\PSoC4/CapSense_Sensing.c **** *  A macro for the widget ID can be found in the
 268:Generated_Source\PSoC4/CapSense_Sensing.c **** *  CapSense Configuration header file defined as
 269:Generated_Source\PSoC4/CapSense_Sensing.c **** *  CapSense_<WidgetName>_WDGT_ID.
 270:Generated_Source\PSoC4/CapSense_Sensing.c **** *
 271:Generated_Source\PSoC4/CapSense_Sensing.c **** * \return
 272:Generated_Source\PSoC4/CapSense_Sensing.c **** *  Returns the status of the widget setting up operation:
 273:Generated_Source\PSoC4/CapSense_Sensing.c **** *    - CYRET_SUCCESS - The operation is successfully completed.
 274:Generated_Source\PSoC4/CapSense_Sensing.c **** *    - CYRET_BAD_PARAM - The widget is invalid or if the specified widget is
 275:Generated_Source\PSoC4/CapSense_Sensing.c **** *      disabled
 276:Generated_Source\PSoC4/CapSense_Sensing.c **** *    - CYRET_INVALID_STATE - The previous scanning is not completed and the
 277:Generated_Source\PSoC4/CapSense_Sensing.c **** *      hardware block is busy.
 278:Generated_Source\PSoC4/CapSense_Sensing.c **** *    - CYRET_UNKNOWN - An unknown sensing method is used by the widget or any
 279:Generated_Source\PSoC4/CapSense_Sensing.c **** *      other spurious error occurred.
 280:Generated_Source\PSoC4/CapSense_Sensing.c **** *
 281:Generated_Source\PSoC4/CapSense_Sensing.c **** **********************************************************************************/
 282:Generated_Source\PSoC4/CapSense_Sensing.c **** cystatus CapSense_SetupWidget(uint32 widgetId)
 283:Generated_Source\PSoC4/CapSense_Sensing.c **** {
 284:Generated_Source\PSoC4/CapSense_Sensing.c ****     cystatus widgetStatus;
 285:Generated_Source\PSoC4/CapSense_Sensing.c **** 
 286:Generated_Source\PSoC4/CapSense_Sensing.c ****     if (CapSense_WDGT_SW_STS_BUSY == (CapSense_dsRam.status & CapSense_WDGT_SW_STS_BUSY))
 287:Generated_Source\PSoC4/CapSense_Sensing.c ****     {
 288:Generated_Source\PSoC4/CapSense_Sensing.c ****         /* Previous widget is being scanned. Return error. */
 289:Generated_Source\PSoC4/CapSense_Sensing.c ****         widgetStatus = CYRET_INVALID_STATE;
 290:Generated_Source\PSoC4/CapSense_Sensing.c ****     }
 291:Generated_Source\PSoC4/CapSense_Sensing.c ****     /*
 292:Generated_Source\PSoC4/CapSense_Sensing.c ****      *  Check if widget id is valid, specified widget is enabled and widget did not
 293:Generated_Source\PSoC4/CapSense_Sensing.c ****      *  detect any fault conditions if BIST is enabled. If all conditions are met,
 294:Generated_Source\PSoC4/CapSense_Sensing.c ****      *  set widgetStatus as good, if not, set widgetStatus as bad.
 295:Generated_Source\PSoC4/CapSense_Sensing.c ****      */
 296:Generated_Source\PSoC4/CapSense_Sensing.c ****     else if ((CapSense_TOTAL_WIDGETS > widgetId) &&
 297:Generated_Source\PSoC4/CapSense_Sensing.c ****         (0uL != CapSense_GET_WIDGET_EN_STATUS(widgetId)))
 298:Generated_Source\PSoC4/CapSense_Sensing.c **** 
 299:Generated_Source\PSoC4/CapSense_Sensing.c ****     {
 300:Generated_Source\PSoC4/CapSense_Sensing.c ****         widgetStatus = CYRET_SUCCESS;
 301:Generated_Source\PSoC4/CapSense_Sensing.c ****     }
 302:Generated_Source\PSoC4/CapSense_Sensing.c ****     else
 303:Generated_Source\PSoC4/CapSense_Sensing.c ****     {
 304:Generated_Source\PSoC4/CapSense_Sensing.c ****         widgetStatus = CYRET_BAD_PARAM;
 305:Generated_Source\PSoC4/CapSense_Sensing.c ****     }
 306:Generated_Source\PSoC4/CapSense_Sensing.c **** 
 307:Generated_Source\PSoC4/CapSense_Sensing.c ****     /*
 308:Generated_Source\PSoC4/CapSense_Sensing.c ****      * Check widgetStatus flag that is set earlier, if flag is good, then set up only
 309:Generated_Source\PSoC4/CapSense_Sensing.c ****      * widget
 310:Generated_Source\PSoC4/CapSense_Sensing.c ****      */
 311:Generated_Source\PSoC4/CapSense_Sensing.c ****     if (CYRET_SUCCESS == widgetStatus)
 312:Generated_Source\PSoC4/CapSense_Sensing.c ****     {
 313:Generated_Source\PSoC4/CapSense_Sensing.c ****         switch (CapSense_GET_SENSE_METHOD(&CapSense_dsFlash.wdgtArray[widgetId]))
 314:Generated_Source\PSoC4/CapSense_Sensing.c ****         {
 315:Generated_Source\PSoC4/CapSense_Sensing.c ****         #if (CapSense_ENABLE == CapSense_CSX_EN)
ARM GAS  C:\Users\ADSTRU~1\AppData\Local\Temp\ccEcZ2Z6.s 			page 7


 316:Generated_Source\PSoC4/CapSense_Sensing.c ****             case CapSense_SENSE_METHOD_CSX_E:
 317:Generated_Source\PSoC4/CapSense_Sensing.c ****                 /* Set up widget for CSX scan */
 318:Generated_Source\PSoC4/CapSense_Sensing.c ****                 CapSense_CSXSetupWidget(widgetId);
 319:Generated_Source\PSoC4/CapSense_Sensing.c ****                 break;
 320:Generated_Source\PSoC4/CapSense_Sensing.c ****         #endif
 321:Generated_Source\PSoC4/CapSense_Sensing.c ****         #if (CapSense_ENABLE == CapSense_CSD_EN)
 322:Generated_Source\PSoC4/CapSense_Sensing.c ****             case CapSense_SENSE_METHOD_CSD_E:
 323:Generated_Source\PSoC4/CapSense_Sensing.c ****                 /* Set up widget for CSD scan */
 324:Generated_Source\PSoC4/CapSense_Sensing.c ****                 CapSense_CSDSetupWidget(widgetId);
 325:Generated_Source\PSoC4/CapSense_Sensing.c ****                 break;
 326:Generated_Source\PSoC4/CapSense_Sensing.c ****         #endif
 327:Generated_Source\PSoC4/CapSense_Sensing.c ****         #if (CapSense_ENABLE == CapSense_ISX_EN)
 328:Generated_Source\PSoC4/CapSense_Sensing.c ****             case CapSense_SENSE_METHOD_ISX_E:
 329:Generated_Source\PSoC4/CapSense_Sensing.c ****                 /* Set up widget for ISX scan */
 330:Generated_Source\PSoC4/CapSense_Sensing.c ****                 CapSense_ISXSetupWidget(widgetId);
 331:Generated_Source\PSoC4/CapSense_Sensing.c ****                 break;
 332:Generated_Source\PSoC4/CapSense_Sensing.c ****         #endif
 333:Generated_Source\PSoC4/CapSense_Sensing.c ****         default:
 334:Generated_Source\PSoC4/CapSense_Sensing.c ****             /* Sensing method is invalid, return error to caller */
 335:Generated_Source\PSoC4/CapSense_Sensing.c ****             widgetStatus = CYRET_UNKNOWN;
 336:Generated_Source\PSoC4/CapSense_Sensing.c ****             break;
 337:Generated_Source\PSoC4/CapSense_Sensing.c ****         }
 338:Generated_Source\PSoC4/CapSense_Sensing.c ****     }
 339:Generated_Source\PSoC4/CapSense_Sensing.c ****     return (widgetStatus);
 340:Generated_Source\PSoC4/CapSense_Sensing.c **** }
 341:Generated_Source\PSoC4/CapSense_Sensing.c **** 
 342:Generated_Source\PSoC4/CapSense_Sensing.c **** 
 343:Generated_Source\PSoC4/CapSense_Sensing.c **** /*******************************************************************************
 344:Generated_Source\PSoC4/CapSense_Sensing.c **** * Function Name: CapSense_Scan
 345:Generated_Source\PSoC4/CapSense_Sensing.c **** ****************************************************************************//**
 346:Generated_Source\PSoC4/CapSense_Sensing.c **** *
 347:Generated_Source\PSoC4/CapSense_Sensing.c **** * \brief
 348:Generated_Source\PSoC4/CapSense_Sensing.c **** *  Initiates scanning of all the sensors in the widget initialized by
 349:Generated_Source\PSoC4/CapSense_Sensing.c **** *  CapSense_SetupWidget(), if no scan is in progress.
 350:Generated_Source\PSoC4/CapSense_Sensing.c **** *
 351:Generated_Source\PSoC4/CapSense_Sensing.c **** * \details
 352:Generated_Source\PSoC4/CapSense_Sensing.c **** *  This function is called only after the CapSense_SetupWidget()
 353:Generated_Source\PSoC4/CapSense_Sensing.c **** *  function is called to start the scanning of the sensors in the widget. The
 354:Generated_Source\PSoC4/CapSense_Sensing.c **** *  status of a sensor scan must be checked using the CapSense_IsBusy()
 355:Generated_Source\PSoC4/CapSense_Sensing.c **** *  API prior to starting a next scan or setting up another widget.
 356:Generated_Source\PSoC4/CapSense_Sensing.c **** *
 357:Generated_Source\PSoC4/CapSense_Sensing.c **** * \return
 358:Generated_Source\PSoC4/CapSense_Sensing.c **** *  Returns the status of the scan initiation operation:
 359:Generated_Source\PSoC4/CapSense_Sensing.c **** *  - CYRET_SUCCESS - Scanning is successfully started.
 360:Generated_Source\PSoC4/CapSense_Sensing.c **** *  - CYRET_INVALID_STATE - The previous scanning is not completed and the
 361:Generated_Source\PSoC4/CapSense_Sensing.c **** *    hardware block is busy.
 362:Generated_Source\PSoC4/CapSense_Sensing.c **** *  - CYRET_UNKNOWN - An unknown sensing method is used by the widget.
 363:Generated_Source\PSoC4/CapSense_Sensing.c **** *
 364:Generated_Source\PSoC4/CapSense_Sensing.c **** ********************************************************************************/
 365:Generated_Source\PSoC4/CapSense_Sensing.c **** cystatus CapSense_Scan(void)
 366:Generated_Source\PSoC4/CapSense_Sensing.c **** {
 367:Generated_Source\PSoC4/CapSense_Sensing.c ****     cystatus scanStatus = CYRET_SUCCESS;
 368:Generated_Source\PSoC4/CapSense_Sensing.c **** 
 369:Generated_Source\PSoC4/CapSense_Sensing.c ****     if (CapSense_WDGT_SW_STS_BUSY == (CapSense_dsRam.status & CapSense_WDGT_SW_STS_BUSY))
 370:Generated_Source\PSoC4/CapSense_Sensing.c ****     {
 371:Generated_Source\PSoC4/CapSense_Sensing.c ****         /* Previous widget is being scanned. Return error. */
 372:Generated_Source\PSoC4/CapSense_Sensing.c ****         scanStatus = CYRET_INVALID_STATE;
ARM GAS  C:\Users\ADSTRU~1\AppData\Local\Temp\ccEcZ2Z6.s 			page 8


 373:Generated_Source\PSoC4/CapSense_Sensing.c ****     }
 374:Generated_Source\PSoC4/CapSense_Sensing.c ****     else
 375:Generated_Source\PSoC4/CapSense_Sensing.c ****     {
 376:Generated_Source\PSoC4/CapSense_Sensing.c ****         switch (CapSense_currentSenseMethod)
 377:Generated_Source\PSoC4/CapSense_Sensing.c ****         {
 378:Generated_Source\PSoC4/CapSense_Sensing.c ****         #if (CapSense_ENABLE == CapSense_CSX_EN)
 379:Generated_Source\PSoC4/CapSense_Sensing.c ****             case CapSense_SENSE_METHOD_CSX_E:
 380:Generated_Source\PSoC4/CapSense_Sensing.c ****                 CapSense_CSXScan();
 381:Generated_Source\PSoC4/CapSense_Sensing.c ****                 break;
 382:Generated_Source\PSoC4/CapSense_Sensing.c ****         #endif
 383:Generated_Source\PSoC4/CapSense_Sensing.c ****         #if (CapSense_ENABLE == CapSense_CSD_EN)
 384:Generated_Source\PSoC4/CapSense_Sensing.c ****             case CapSense_SENSE_METHOD_CSD_E:
 385:Generated_Source\PSoC4/CapSense_Sensing.c ****                 CapSense_CSDScan();
 386:Generated_Source\PSoC4/CapSense_Sensing.c ****                 break;
 387:Generated_Source\PSoC4/CapSense_Sensing.c ****         #endif
 388:Generated_Source\PSoC4/CapSense_Sensing.c ****         #if (CapSense_ENABLE == CapSense_ISX_EN)
 389:Generated_Source\PSoC4/CapSense_Sensing.c ****             case CapSense_SENSE_METHOD_ISX_E:
 390:Generated_Source\PSoC4/CapSense_Sensing.c ****                 CapSense_ISXScan();
 391:Generated_Source\PSoC4/CapSense_Sensing.c ****                 break;
 392:Generated_Source\PSoC4/CapSense_Sensing.c ****         #endif
 393:Generated_Source\PSoC4/CapSense_Sensing.c ****         default:
 394:Generated_Source\PSoC4/CapSense_Sensing.c ****             scanStatus = CYRET_UNKNOWN;
 395:Generated_Source\PSoC4/CapSense_Sensing.c ****             break;
 396:Generated_Source\PSoC4/CapSense_Sensing.c ****         }
 397:Generated_Source\PSoC4/CapSense_Sensing.c ****     }
 398:Generated_Source\PSoC4/CapSense_Sensing.c ****     return (scanStatus);
 399:Generated_Source\PSoC4/CapSense_Sensing.c **** }
 400:Generated_Source\PSoC4/CapSense_Sensing.c **** 
 401:Generated_Source\PSoC4/CapSense_Sensing.c **** 
 402:Generated_Source\PSoC4/CapSense_Sensing.c **** /*******************************************************************************
 403:Generated_Source\PSoC4/CapSense_Sensing.c **** * Function Name: CapSense_ScanAllWidgets
 404:Generated_Source\PSoC4/CapSense_Sensing.c **** ****************************************************************************//**
 405:Generated_Source\PSoC4/CapSense_Sensing.c **** *
 406:Generated_Source\PSoC4/CapSense_Sensing.c **** * \brief
 407:Generated_Source\PSoC4/CapSense_Sensing.c **** *  Initializes the first enabled widget and scanning of all the sensors in the
 408:Generated_Source\PSoC4/CapSense_Sensing.c **** *  widget, then the same process is repeated for all the widgets in the Component,
 409:Generated_Source\PSoC4/CapSense_Sensing.c **** *  i.e. scanning of all the widgets in the Component.
 410:Generated_Source\PSoC4/CapSense_Sensing.c **** *
 411:Generated_Source\PSoC4/CapSense_Sensing.c **** * \details
 412:Generated_Source\PSoC4/CapSense_Sensing.c **** *  This function initializes a widget and scans all the sensors in the widget,
 413:Generated_Source\PSoC4/CapSense_Sensing.c **** *  and then repeats the same for all the widgets in the Component. The tasks of
 414:Generated_Source\PSoC4/CapSense_Sensing.c **** *  the CapSense_SetupWidget() and CapSense_Scan() functions are
 415:Generated_Source\PSoC4/CapSense_Sensing.c **** *  executed by these functions. The status of a sensor scan must be checked
 416:Generated_Source\PSoC4/CapSense_Sensing.c **** *  using the CapSense_IsBusy() API prior to starting a next scan
 417:Generated_Source\PSoC4/CapSense_Sensing.c **** *  or setting up another widget.
 418:Generated_Source\PSoC4/CapSense_Sensing.c **** *
 419:Generated_Source\PSoC4/CapSense_Sensing.c **** * \return
 420:Generated_Source\PSoC4/CapSense_Sensing.c **** *  Returns the status of the operation:
 421:Generated_Source\PSoC4/CapSense_Sensing.c **** *  - CYRET_SUCCESS - Scanning is successfully started.
 422:Generated_Source\PSoC4/CapSense_Sensing.c **** *  - CYRET_BAD_PARAM - All the widgets are disabled.
 423:Generated_Source\PSoC4/CapSense_Sensing.c **** *  - CYRET_INVALID_STATE - The previous scanning is not completed and the HW block is busy.
 424:Generated_Source\PSoC4/CapSense_Sensing.c **** *  - CYRET_UNKNOWN - There are unknown errors.
 425:Generated_Source\PSoC4/CapSense_Sensing.c **** *
 426:Generated_Source\PSoC4/CapSense_Sensing.c **** *******************************************************************************/
 427:Generated_Source\PSoC4/CapSense_Sensing.c **** cystatus CapSense_ScanAllWidgets(void)
 428:Generated_Source\PSoC4/CapSense_Sensing.c **** {
 429:Generated_Source\PSoC4/CapSense_Sensing.c ****     cystatus scanStatus = CYRET_UNKNOWN;
ARM GAS  C:\Users\ADSTRU~1\AppData\Local\Temp\ccEcZ2Z6.s 			page 9


 430:Generated_Source\PSoC4/CapSense_Sensing.c **** 
 431:Generated_Source\PSoC4/CapSense_Sensing.c ****     uint32 wdgtIndex;
 432:Generated_Source\PSoC4/CapSense_Sensing.c **** 
 433:Generated_Source\PSoC4/CapSense_Sensing.c ****     if (CapSense_SW_STS_BUSY == (CapSense_dsRam.status & CapSense_SW_STS_BUSY))
 434:Generated_Source\PSoC4/CapSense_Sensing.c ****     {
 435:Generated_Source\PSoC4/CapSense_Sensing.c ****         /* Previous widget is being scanned. Return error. */
 436:Generated_Source\PSoC4/CapSense_Sensing.c ****         scanStatus = CYRET_INVALID_STATE;
 437:Generated_Source\PSoC4/CapSense_Sensing.c ****     }
 438:Generated_Source\PSoC4/CapSense_Sensing.c ****     else
 439:Generated_Source\PSoC4/CapSense_Sensing.c ****     {
 440:Generated_Source\PSoC4/CapSense_Sensing.c ****         /*
 441:Generated_Source\PSoC4/CapSense_Sensing.c ****          *  Set up widget first widget.
 442:Generated_Source\PSoC4/CapSense_Sensing.c ****          *  If widget returned error, set up next, continue same until widget does not return error
 443:Generated_Source\PSoC4/CapSense_Sensing.c ****          */
 444:Generated_Source\PSoC4/CapSense_Sensing.c ****         for (wdgtIndex = 0u;
 445:Generated_Source\PSoC4/CapSense_Sensing.c ****              wdgtIndex < CapSense_TOTAL_WIDGETS;
 446:Generated_Source\PSoC4/CapSense_Sensing.c ****              wdgtIndex++)
 447:Generated_Source\PSoC4/CapSense_Sensing.c ****         {
 448:Generated_Source\PSoC4/CapSense_Sensing.c **** 
 449:Generated_Source\PSoC4/CapSense_Sensing.c ****             scanStatus = CapSense_SetupWidget(wdgtIndex);
 450:Generated_Source\PSoC4/CapSense_Sensing.c **** 
 451:Generated_Source\PSoC4/CapSense_Sensing.c ****             if (CYRET_SUCCESS == scanStatus)
 452:Generated_Source\PSoC4/CapSense_Sensing.c ****             {
 453:Generated_Source\PSoC4/CapSense_Sensing.c ****                 #if (0u != (CapSense_TOTAL_WIDGETS - 1u))
 454:Generated_Source\PSoC4/CapSense_Sensing.c ****                     /* If there are more than one widget to be scanned, request callback to scan ne
 455:Generated_Source\PSoC4/CapSense_Sensing.c ****                     if ((CapSense_TOTAL_WIDGETS - 1u) > wdgtIndex)
 456:Generated_Source\PSoC4/CapSense_Sensing.c ****                     {
 457:Generated_Source\PSoC4/CapSense_Sensing.c ****                          /* Request callback to scan next widget in ISR */
 458:Generated_Source\PSoC4/CapSense_Sensing.c ****                         CapSense_requestScanAllWidget = CapSense_ENABLE;
 459:Generated_Source\PSoC4/CapSense_Sensing.c ****                     }
 460:Generated_Source\PSoC4/CapSense_Sensing.c ****                     else
 461:Generated_Source\PSoC4/CapSense_Sensing.c ****                     {
 462:Generated_Source\PSoC4/CapSense_Sensing.c ****                         /* Request to exit in ISR (Do not scan the next widgets) */
 463:Generated_Source\PSoC4/CapSense_Sensing.c ****                         CapSense_requestScanAllWidget = CapSense_DISABLE;
 464:Generated_Source\PSoC4/CapSense_Sensing.c ****                     }
 465:Generated_Source\PSoC4/CapSense_Sensing.c ****                 #else
 466:Generated_Source\PSoC4/CapSense_Sensing.c ****                     {
 467:Generated_Source\PSoC4/CapSense_Sensing.c ****                         /* Request to exit in ISR (We have only one widget) */
 468:Generated_Source\PSoC4/CapSense_Sensing.c ****                         CapSense_requestScanAllWidget = CapSense_DISABLE;
 469:Generated_Source\PSoC4/CapSense_Sensing.c ****                     }
 470:Generated_Source\PSoC4/CapSense_Sensing.c ****                 #endif  /* (0u != (CapSense_TOTAL_WIDGETS - 1u)) */
 471:Generated_Source\PSoC4/CapSense_Sensing.c **** 
 472:Generated_Source\PSoC4/CapSense_Sensing.c ****                 /* Initiate scan and quit loop */
 473:Generated_Source\PSoC4/CapSense_Sensing.c ****                 scanStatus = CapSense_Scan();
 474:Generated_Source\PSoC4/CapSense_Sensing.c **** 
 475:Generated_Source\PSoC4/CapSense_Sensing.c ****                 break;
 476:Generated_Source\PSoC4/CapSense_Sensing.c ****             }
 477:Generated_Source\PSoC4/CapSense_Sensing.c ****         }
 478:Generated_Source\PSoC4/CapSense_Sensing.c ****     }
 479:Generated_Source\PSoC4/CapSense_Sensing.c **** 
 480:Generated_Source\PSoC4/CapSense_Sensing.c ****     return (scanStatus);
 481:Generated_Source\PSoC4/CapSense_Sensing.c **** }
 482:Generated_Source\PSoC4/CapSense_Sensing.c **** 
 483:Generated_Source\PSoC4/CapSense_Sensing.c **** 
 484:Generated_Source\PSoC4/CapSense_Sensing.c **** /*******************************************************************************
 485:Generated_Source\PSoC4/CapSense_Sensing.c **** * Function Name: CapSense_SetupWidgetExt
 486:Generated_Source\PSoC4/CapSense_Sensing.c **** ****************************************************************************//**
ARM GAS  C:\Users\ADSTRU~1\AppData\Local\Temp\ccEcZ2Z6.s 			page 10


 487:Generated_Source\PSoC4/CapSense_Sensing.c **** *
 488:Generated_Source\PSoC4/CapSense_Sensing.c **** * \brief
 489:Generated_Source\PSoC4/CapSense_Sensing.c **** *  Performs extended initialization for the specified widget and also performs
 490:Generated_Source\PSoC4/CapSense_Sensing.c **** *  initialization required for a specific sensor in the widget. This function
 491:Generated_Source\PSoC4/CapSense_Sensing.c **** *  requires using the CapSense_ScanExt() function to initiate a scan.
 492:Generated_Source\PSoC4/CapSense_Sensing.c **** *
 493:Generated_Source\PSoC4/CapSense_Sensing.c **** * \details
 494:Generated_Source\PSoC4/CapSense_Sensing.c **** *  This function does the same as CapSense_SetupWidget() and also
 495:Generated_Source\PSoC4/CapSense_Sensing.c **** *  does the following tasks:
 496:Generated_Source\PSoC4/CapSense_Sensing.c **** *    1. Connects the first sensor of the widget.
 497:Generated_Source\PSoC4/CapSense_Sensing.c **** *    2. Configures the CSD HW block to perform a scan of the specified sensor.
 498:Generated_Source\PSoC4/CapSense_Sensing.c **** *
 499:Generated_Source\PSoC4/CapSense_Sensing.c **** *  Once this function is called to initialize a widget and a sensor, the
 500:Generated_Source\PSoC4/CapSense_Sensing.c **** *  CapSense_ScanExt() function is called to scan the sensor.
 501:Generated_Source\PSoC4/CapSense_Sensing.c **** *
 502:Generated_Source\PSoC4/CapSense_Sensing.c **** *  This function is called when no scanning is in progress. I.e.
 503:Generated_Source\PSoC4/CapSense_Sensing.c **** *  CapSense_IsBusy() returns a non-busy status.
 504:Generated_Source\PSoC4/CapSense_Sensing.c **** *
 505:Generated_Source\PSoC4/CapSense_Sensing.c **** *  Calling this function directly from the application layer is not
 506:Generated_Source\PSoC4/CapSense_Sensing.c **** *  recommended. This function is used to implement only the user's specific
 507:Generated_Source\PSoC4/CapSense_Sensing.c **** *  use cases (for faster execution time or pipeline scanning for example).
 508:Generated_Source\PSoC4/CapSense_Sensing.c **** *
 509:Generated_Source\PSoC4/CapSense_Sensing.c **** * \param widgetId
 510:Generated_Source\PSoC4/CapSense_Sensing.c **** *  Specifies the ID number of the widget to perform hardware and firmware
 511:Generated_Source\PSoC4/CapSense_Sensing.c **** *  initialization required for scanning the specific sensor in the specific
 512:Generated_Source\PSoC4/CapSense_Sensing.c **** *  widget.
 513:Generated_Source\PSoC4/CapSense_Sensing.c **** *  A macro for the widget ID can be found in the CapSense
 514:Generated_Source\PSoC4/CapSense_Sensing.c **** *  Configuration header file defined as CapSense_<WidgetName>_WDGT_ID.
 515:Generated_Source\PSoC4/CapSense_Sensing.c **** *
 516:Generated_Source\PSoC4/CapSense_Sensing.c **** * \param sensorId
 517:Generated_Source\PSoC4/CapSense_Sensing.c **** *  Specifies the ID number of the sensor within the widget to perform hardware
 518:Generated_Source\PSoC4/CapSense_Sensing.c **** *  and firmware initialization required for scanning a specific sensor in a
 519:Generated_Source\PSoC4/CapSense_Sensing.c **** *  specific widget.
 520:Generated_Source\PSoC4/CapSense_Sensing.c **** *  A macro for the sensor ID within a specified widget can be found in the
 521:Generated_Source\PSoC4/CapSense_Sensing.c **** *  CapSense Configuration header file defined as
 522:Generated_Source\PSoC4/CapSense_Sensing.c **** *  CapSense_<WidgetName>_SNS<SensorNumber>_ID
 523:Generated_Source\PSoC4/CapSense_Sensing.c **** *
 524:Generated_Source\PSoC4/CapSense_Sensing.c **** * \return
 525:Generated_Source\PSoC4/CapSense_Sensing.c **** *  Returns the status of the operation:
 526:Generated_Source\PSoC4/CapSense_Sensing.c **** *  - CYRET_SUCCESS - The operation is successfully completed.
 527:Generated_Source\PSoC4/CapSense_Sensing.c **** *  - CYRET_BAD_PARAM - The widget is invalid or if the specified widget is
 528:Generated_Source\PSoC4/CapSense_Sensing.c **** *    disabled
 529:Generated_Source\PSoC4/CapSense_Sensing.c **** *  - CYRET_INVALID_STATE - The previous scanning is not completed and the
 530:Generated_Source\PSoC4/CapSense_Sensing.c **** *    hardware block is busy.
 531:Generated_Source\PSoC4/CapSense_Sensing.c **** *  - CYRET_UNKNOWN - An unknown sensing method is used by the widget or any
 532:Generated_Source\PSoC4/CapSense_Sensing.c **** *    other spurious error occurred.
 533:Generated_Source\PSoC4/CapSense_Sensing.c **** *
 534:Generated_Source\PSoC4/CapSense_Sensing.c **** *******************************************************************************/
 535:Generated_Source\PSoC4/CapSense_Sensing.c **** cystatus CapSense_SetupWidgetExt(uint32 widgetId, uint32 sensorId)
 536:Generated_Source\PSoC4/CapSense_Sensing.c **** {
 537:Generated_Source\PSoC4/CapSense_Sensing.c ****     cystatus widgetStatus;
 538:Generated_Source\PSoC4/CapSense_Sensing.c **** 
 539:Generated_Source\PSoC4/CapSense_Sensing.c ****     if (CapSense_WDGT_SW_STS_BUSY == (CapSense_dsRam.status & CapSense_WDGT_SW_STS_BUSY))
 540:Generated_Source\PSoC4/CapSense_Sensing.c ****     {
 541:Generated_Source\PSoC4/CapSense_Sensing.c ****         /* Previous widget is being scanned. Return error. */
 542:Generated_Source\PSoC4/CapSense_Sensing.c ****         widgetStatus = CYRET_INVALID_STATE;
 543:Generated_Source\PSoC4/CapSense_Sensing.c ****     }
ARM GAS  C:\Users\ADSTRU~1\AppData\Local\Temp\ccEcZ2Z6.s 			page 11


 544:Generated_Source\PSoC4/CapSense_Sensing.c ****     /*
 545:Generated_Source\PSoC4/CapSense_Sensing.c ****      *  Check if widget id is valid, specified widget is enabled and widget did not
 546:Generated_Source\PSoC4/CapSense_Sensing.c ****      *  detect any fault conditions if BIST is enabled. If all conditions are met,
 547:Generated_Source\PSoC4/CapSense_Sensing.c ****      *  set widgetStatus as good, if not, set widgetStatus as bad.
 548:Generated_Source\PSoC4/CapSense_Sensing.c ****      */
 549:Generated_Source\PSoC4/CapSense_Sensing.c ****     else if ((CapSense_TOTAL_WIDGETS > widgetId) &&
 550:Generated_Source\PSoC4/CapSense_Sensing.c ****         (0uL != CapSense_GET_WIDGET_EN_STATUS(widgetId)) &&
 551:Generated_Source\PSoC4/CapSense_Sensing.c ****         (sensorId < CapSense_GET_SENSOR_COUNT(widgetId)))
 552:Generated_Source\PSoC4/CapSense_Sensing.c **** 
 553:Generated_Source\PSoC4/CapSense_Sensing.c ****     {
 554:Generated_Source\PSoC4/CapSense_Sensing.c ****         widgetStatus = CYRET_SUCCESS;
 555:Generated_Source\PSoC4/CapSense_Sensing.c ****     }
 556:Generated_Source\PSoC4/CapSense_Sensing.c ****     else
 557:Generated_Source\PSoC4/CapSense_Sensing.c ****     {
 558:Generated_Source\PSoC4/CapSense_Sensing.c ****         widgetStatus = CYRET_BAD_PARAM;
 559:Generated_Source\PSoC4/CapSense_Sensing.c ****     }
 560:Generated_Source\PSoC4/CapSense_Sensing.c **** 
 561:Generated_Source\PSoC4/CapSense_Sensing.c ****     /*
 562:Generated_Source\PSoC4/CapSense_Sensing.c ****      * Check widgetStatus flag that is set earlier, if flag is good, then set up only
 563:Generated_Source\PSoC4/CapSense_Sensing.c ****      * widget
 564:Generated_Source\PSoC4/CapSense_Sensing.c ****      */
 565:Generated_Source\PSoC4/CapSense_Sensing.c ****     if (CYRET_SUCCESS == widgetStatus)
 566:Generated_Source\PSoC4/CapSense_Sensing.c ****     {
 567:Generated_Source\PSoC4/CapSense_Sensing.c ****         switch (CapSense_GET_SENSE_METHOD(&CapSense_dsFlash.wdgtArray[widgetId]))
 568:Generated_Source\PSoC4/CapSense_Sensing.c ****         {
 569:Generated_Source\PSoC4/CapSense_Sensing.c ****         #if (CapSense_ENABLE == CapSense_CSX_EN)
 570:Generated_Source\PSoC4/CapSense_Sensing.c ****             case CapSense_SENSE_METHOD_CSX_E:
 571:Generated_Source\PSoC4/CapSense_Sensing.c ****                 /* Set up widget for CSX scan */
 572:Generated_Source\PSoC4/CapSense_Sensing.c ****                 CapSense_CSXSetupWidgetExt(widgetId, sensorId);
 573:Generated_Source\PSoC4/CapSense_Sensing.c ****                 break;
 574:Generated_Source\PSoC4/CapSense_Sensing.c ****         #endif
 575:Generated_Source\PSoC4/CapSense_Sensing.c ****         #if (CapSense_ENABLE == CapSense_CSD_EN)
 576:Generated_Source\PSoC4/CapSense_Sensing.c ****             case CapSense_SENSE_METHOD_CSD_E:
 577:Generated_Source\PSoC4/CapSense_Sensing.c ****                 /* Set up widget for CSD scan */
 578:Generated_Source\PSoC4/CapSense_Sensing.c ****                 CapSense_CSDSetupWidgetExt(widgetId, sensorId);
 579:Generated_Source\PSoC4/CapSense_Sensing.c ****                 break;
 580:Generated_Source\PSoC4/CapSense_Sensing.c ****         #endif
 581:Generated_Source\PSoC4/CapSense_Sensing.c ****         #if (CapSense_ENABLE == CapSense_ISX_EN)
 582:Generated_Source\PSoC4/CapSense_Sensing.c ****             case CapSense_SENSE_METHOD_ISX_E:
 583:Generated_Source\PSoC4/CapSense_Sensing.c ****                 /* Set up widget for ISX scan */
 584:Generated_Source\PSoC4/CapSense_Sensing.c ****                 CapSense_ISXSetupWidgetExt(widgetId, sensorId);
 585:Generated_Source\PSoC4/CapSense_Sensing.c ****                 break;
 586:Generated_Source\PSoC4/CapSense_Sensing.c ****         #endif
 587:Generated_Source\PSoC4/CapSense_Sensing.c ****         default:
 588:Generated_Source\PSoC4/CapSense_Sensing.c ****             /* Sensing method is invalid, return error to caller */
 589:Generated_Source\PSoC4/CapSense_Sensing.c ****             widgetStatus = CYRET_UNKNOWN;
 590:Generated_Source\PSoC4/CapSense_Sensing.c ****             break;
 591:Generated_Source\PSoC4/CapSense_Sensing.c ****         }
 592:Generated_Source\PSoC4/CapSense_Sensing.c ****     }
 593:Generated_Source\PSoC4/CapSense_Sensing.c ****     return (widgetStatus);
 594:Generated_Source\PSoC4/CapSense_Sensing.c **** }
 595:Generated_Source\PSoC4/CapSense_Sensing.c **** 
 596:Generated_Source\PSoC4/CapSense_Sensing.c **** 
 597:Generated_Source\PSoC4/CapSense_Sensing.c **** /*******************************************************************************
 598:Generated_Source\PSoC4/CapSense_Sensing.c **** * Function Name: CapSense_ScanExt
 599:Generated_Source\PSoC4/CapSense_Sensing.c **** ****************************************************************************//**
 600:Generated_Source\PSoC4/CapSense_Sensing.c **** *
ARM GAS  C:\Users\ADSTRU~1\AppData\Local\Temp\ccEcZ2Z6.s 			page 12


 601:Generated_Source\PSoC4/CapSense_Sensing.c **** * \brief
 602:Generated_Source\PSoC4/CapSense_Sensing.c **** *  Starts a conversion on the pre-configured sensor. This function requires
 603:Generated_Source\PSoC4/CapSense_Sensing.c **** *  using the CapSense_SetupWidgetExt() function to set up the a
 604:Generated_Source\PSoC4/CapSense_Sensing.c **** *  widget.
 605:Generated_Source\PSoC4/CapSense_Sensing.c **** *
 606:Generated_Source\PSoC4/CapSense_Sensing.c **** * \details
 607:Generated_Source\PSoC4/CapSense_Sensing.c **** *  This function performs single scanning of one sensor in the widget configured
 608:Generated_Source\PSoC4/CapSense_Sensing.c **** *  by the CapSense_SetupWidgetExt() function.
 609:Generated_Source\PSoC4/CapSense_Sensing.c **** *
 610:Generated_Source\PSoC4/CapSense_Sensing.c **** *  Calling this function directly from the application layer is not
 611:Generated_Source\PSoC4/CapSense_Sensing.c **** *  recommended. This function is used to implement only the user's specific
 612:Generated_Source\PSoC4/CapSense_Sensing.c **** *  use cases (for faster execution time or pipeline scanning for example).
 613:Generated_Source\PSoC4/CapSense_Sensing.c **** *  This function is called when no scanning is in progress. I.e.
 614:Generated_Source\PSoC4/CapSense_Sensing.c **** *  CapSense_IsBusy() returns a non-busy status.
 615:Generated_Source\PSoC4/CapSense_Sensing.c **** *
 616:Generated_Source\PSoC4/CapSense_Sensing.c **** *  The sensor must be preconfigured by using the
 617:Generated_Source\PSoC4/CapSense_Sensing.c **** *  CapSense_SetupWidgetExt() API prior to calling this function.
 618:Generated_Source\PSoC4/CapSense_Sensing.c **** *  The sensor remains ready for a next scan if a previous scan was triggered
 619:Generated_Source\PSoC4/CapSense_Sensing.c **** *  by using the CapSense_ScanExt() function. In this case, calling
 620:Generated_Source\PSoC4/CapSense_Sensing.c **** *  CapSense_SetupWidgetExt() is not required every time before the
 621:Generated_Source\PSoC4/CapSense_Sensing.c **** *  CapSense_ScanExt() function. If a previous scan was triggered in
 622:Generated_Source\PSoC4/CapSense_Sensing.c **** *  any other way - CapSense_Scan(), CapSense_ScanAllWidgets() or
 623:Generated_Source\PSoC4/CapSense_Sensing.c **** *  CapSense_RunTuner() - (see the CapSense_RunTuner() function
 624:Generated_Source\PSoC4/CapSense_Sensing.c **** *  description for more details), the sensor must be preconfigured again by
 625:Generated_Source\PSoC4/CapSense_Sensing.c **** *  using the CapSense_SetupWidgetExt() API prior to calling the
 626:Generated_Source\PSoC4/CapSense_Sensing.c **** *  CapSense_ScanExt() function.
 627:Generated_Source\PSoC4/CapSense_Sensing.c **** *
 628:Generated_Source\PSoC4/CapSense_Sensing.c **** *  If disconnection of the sensors is required after calling
 629:Generated_Source\PSoC4/CapSense_Sensing.c **** *  CapSense_ScanExt(), the CapSense_CSDDisconnectSns() or
 630:Generated_Source\PSoC4/CapSense_Sensing.c **** *  CapSense_CSXDisconnectTx() or CapSense_CSXDisconnectRx()
 631:Generated_Source\PSoC4/CapSense_Sensing.c **** *  functions can be used.
 632:Generated_Source\PSoC4/CapSense_Sensing.c **** *
 633:Generated_Source\PSoC4/CapSense_Sensing.c **** * \return
 634:Generated_Source\PSoC4/CapSense_Sensing.c **** *  Returns the status of the scan initiation operation:
 635:Generated_Source\PSoC4/CapSense_Sensing.c **** *  - CYRET_SUCCESS - Scanning is successfully started.
 636:Generated_Source\PSoC4/CapSense_Sensing.c **** *  - CYRET_INVALID_STATE - The previous scanning is not completed and the
 637:Generated_Source\PSoC4/CapSense_Sensing.c **** *    hardware block is busy.
 638:Generated_Source\PSoC4/CapSense_Sensing.c **** *  - CYRET_UNKNOWN - An unknown sensing method is used by the widget.
 639:Generated_Source\PSoC4/CapSense_Sensing.c **** *
 640:Generated_Source\PSoC4/CapSense_Sensing.c **** *******************************************************************************/
 641:Generated_Source\PSoC4/CapSense_Sensing.c **** cystatus CapSense_ScanExt(void)
 642:Generated_Source\PSoC4/CapSense_Sensing.c **** {
 643:Generated_Source\PSoC4/CapSense_Sensing.c ****     cystatus scanStatus = CYRET_SUCCESS;
 644:Generated_Source\PSoC4/CapSense_Sensing.c **** 
 645:Generated_Source\PSoC4/CapSense_Sensing.c ****     if (CapSense_WDGT_SW_STS_BUSY == (CapSense_dsRam.status & CapSense_WDGT_SW_STS_BUSY))
 646:Generated_Source\PSoC4/CapSense_Sensing.c ****     {
 647:Generated_Source\PSoC4/CapSense_Sensing.c ****         /* Previous widget is being scanned. Return error. */
 648:Generated_Source\PSoC4/CapSense_Sensing.c ****         scanStatus = CYRET_INVALID_STATE;
 649:Generated_Source\PSoC4/CapSense_Sensing.c ****     }
 650:Generated_Source\PSoC4/CapSense_Sensing.c ****     else
 651:Generated_Source\PSoC4/CapSense_Sensing.c ****     {
 652:Generated_Source\PSoC4/CapSense_Sensing.c ****         switch (CapSense_currentSenseMethod)
 653:Generated_Source\PSoC4/CapSense_Sensing.c ****         {
 654:Generated_Source\PSoC4/CapSense_Sensing.c ****         #if (CapSense_ENABLE == CapSense_CSX_EN)
 655:Generated_Source\PSoC4/CapSense_Sensing.c ****             case CapSense_SENSE_METHOD_CSX_E:
 656:Generated_Source\PSoC4/CapSense_Sensing.c ****                 CapSense_CSXScanExt();
 657:Generated_Source\PSoC4/CapSense_Sensing.c ****                 break;
ARM GAS  C:\Users\ADSTRU~1\AppData\Local\Temp\ccEcZ2Z6.s 			page 13


 658:Generated_Source\PSoC4/CapSense_Sensing.c ****         #endif
 659:Generated_Source\PSoC4/CapSense_Sensing.c ****         #if (CapSense_ENABLE == CapSense_CSD_EN)
 660:Generated_Source\PSoC4/CapSense_Sensing.c ****             case CapSense_SENSE_METHOD_CSD_E:
 661:Generated_Source\PSoC4/CapSense_Sensing.c ****                 CapSense_CSDScanExt();
 662:Generated_Source\PSoC4/CapSense_Sensing.c ****                 break;
 663:Generated_Source\PSoC4/CapSense_Sensing.c ****         #endif
 664:Generated_Source\PSoC4/CapSense_Sensing.c ****         #if (CapSense_ENABLE == CapSense_ISX_EN)
 665:Generated_Source\PSoC4/CapSense_Sensing.c ****             case CapSense_SENSE_METHOD_ISX_E:
 666:Generated_Source\PSoC4/CapSense_Sensing.c ****                 CapSense_ISXScanExt();
 667:Generated_Source\PSoC4/CapSense_Sensing.c ****                 break;
 668:Generated_Source\PSoC4/CapSense_Sensing.c ****         #endif
 669:Generated_Source\PSoC4/CapSense_Sensing.c ****         default:
 670:Generated_Source\PSoC4/CapSense_Sensing.c ****             scanStatus = CYRET_UNKNOWN;
 671:Generated_Source\PSoC4/CapSense_Sensing.c ****             break;
 672:Generated_Source\PSoC4/CapSense_Sensing.c ****         }
 673:Generated_Source\PSoC4/CapSense_Sensing.c ****     }
 674:Generated_Source\PSoC4/CapSense_Sensing.c ****     return (scanStatus);
 675:Generated_Source\PSoC4/CapSense_Sensing.c **** }
 676:Generated_Source\PSoC4/CapSense_Sensing.c **** 
 677:Generated_Source\PSoC4/CapSense_Sensing.c **** 
 678:Generated_Source\PSoC4/CapSense_Sensing.c **** /*******************************************************************************
 679:Generated_Source\PSoC4/CapSense_Sensing.c **** * Function Name: CapSense_SsInitialize
 680:Generated_Source\PSoC4/CapSense_Sensing.c **** ****************************************************************************//**
 681:Generated_Source\PSoC4/CapSense_Sensing.c **** *
 682:Generated_Source\PSoC4/CapSense_Sensing.c **** * \brief
 683:Generated_Source\PSoC4/CapSense_Sensing.c **** *  Performs hardware and firmware initialization required for proper operation
 684:Generated_Source\PSoC4/CapSense_Sensing.c **** *  of the CapSense Component. This function is called from
 685:Generated_Source\PSoC4/CapSense_Sensing.c **** *  the CapSense_Start() API prior to calling any other APIs of the Component.
 686:Generated_Source\PSoC4/CapSense_Sensing.c **** *
 687:Generated_Source\PSoC4/CapSense_Sensing.c **** * \details
 688:Generated_Source\PSoC4/CapSense_Sensing.c **** *  Performs hardware and firmware initialization required for proper operation
 689:Generated_Source\PSoC4/CapSense_Sensing.c **** *  of the CapSense Component. This function is called from
 690:Generated_Source\PSoC4/CapSense_Sensing.c **** *  the CapSense_Start() API prior to calling any other APIs of the Component.
 691:Generated_Source\PSoC4/CapSense_Sensing.c **** *  1. Depending on the configuration, the function initializes the CSD block
 692:Generated_Source\PSoC4/CapSense_Sensing.c **** *     for the corresponding sensing mode.
 693:Generated_Source\PSoC4/CapSense_Sensing.c **** *  2. The function updates the dsRam.wdgtWorking variable with 1 when Self-test
 694:Generated_Source\PSoC4/CapSense_Sensing.c **** *     is enabled.
 695:Generated_Source\PSoC4/CapSense_Sensing.c **** *
 696:Generated_Source\PSoC4/CapSense_Sensing.c **** *  Calling the CapSense_Start API is the recommended method to initialize
 697:Generated_Source\PSoC4/CapSense_Sensing.c **** *  the CapSense Component at power-up. The CapSense_SsInitialize()
 698:Generated_Source\PSoC4/CapSense_Sensing.c **** *  API should not be used for initialization, resume, or wake-up operations.
 699:Generated_Source\PSoC4/CapSense_Sensing.c **** *  The dsRam.wdgtWorking variable is updated.
 700:Generated_Source\PSoC4/CapSense_Sensing.c **** *
 701:Generated_Source\PSoC4/CapSense_Sensing.c **** * \return status
 702:Generated_Source\PSoC4/CapSense_Sensing.c **** *  Returns status of operation:
 703:Generated_Source\PSoC4/CapSense_Sensing.c **** *  - Zero        - Indicates successful initialization.
 704:Generated_Source\PSoC4/CapSense_Sensing.c **** *  - Non-zero    - One or more errors occurred in the initialization process.
 705:Generated_Source\PSoC4/CapSense_Sensing.c **** *
 706:Generated_Source\PSoC4/CapSense_Sensing.c **** *******************************************************************************/
 707:Generated_Source\PSoC4/CapSense_Sensing.c **** cystatus CapSense_SsInitialize(void)
 708:Generated_Source\PSoC4/CapSense_Sensing.c **** {
 709:Generated_Source\PSoC4/CapSense_Sensing.c ****     cystatus initStatus;
 710:Generated_Source\PSoC4/CapSense_Sensing.c **** 
 711:Generated_Source\PSoC4/CapSense_Sensing.c ****     #if ((CapSense_ENABLE == CapSense_MULTI_FREQ_SCAN_EN) &&\
 712:Generated_Source\PSoC4/CapSense_Sensing.c ****          (CapSense_MFS_IMO == CapSense_MFS_METHOD))
 713:Generated_Source\PSoC4/CapSense_Sensing.c ****         uint8 centerFreqTrim;
 714:Generated_Source\PSoC4/CapSense_Sensing.c **** 
ARM GAS  C:\Users\ADSTRU~1\AppData\Local\Temp\ccEcZ2Z6.s 			page 14


 715:Generated_Source\PSoC4/CapSense_Sensing.c ****         centerFreqTrim = (uint8)CY_GET_REG32(CY_SYS_CLK_IMO_TRIM1_PTR);
 716:Generated_Source\PSoC4/CapSense_Sensing.c ****         CapSense_immunity[CapSense_FREQ_CHANNEL_0] = centerFreqTrim;
 717:Generated_Source\PSoC4/CapSense_Sensing.c **** 
 718:Generated_Source\PSoC4/CapSense_Sensing.c ****         if (centerFreqTrim < CapSense_IMO_FREQUENCY_OFFSET_F1)
 719:Generated_Source\PSoC4/CapSense_Sensing.c ****         {
 720:Generated_Source\PSoC4/CapSense_Sensing.c ****             CapSense_immunity[CapSense_FREQ_CHANNEL_1] = centerFreqTrim + CapSense_IMO_FREQUENCY_OF
 721:Generated_Source\PSoC4/CapSense_Sensing.c ****             CapSense_immunity[CapSense_FREQ_CHANNEL_2] = centerFreqTrim + (CapSense_IMO_FREQUENCY_O
 722:Generated_Source\PSoC4/CapSense_Sensing.c ****                                                                                            CapSense
 723:Generated_Source\PSoC4/CapSense_Sensing.c ****         }
 724:Generated_Source\PSoC4/CapSense_Sensing.c ****         else if (centerFreqTrim > (CapSense_IMO_FREQUENCY_OFFSET_MAX - CapSense_IMO_FREQUENCY_OFFSE
 725:Generated_Source\PSoC4/CapSense_Sensing.c ****         {
 726:Generated_Source\PSoC4/CapSense_Sensing.c ****             CapSense_immunity[CapSense_FREQ_CHANNEL_1] = centerFreqTrim - CapSense_IMO_FREQUENCY_OF
 727:Generated_Source\PSoC4/CapSense_Sensing.c ****             CapSense_immunity[CapSense_FREQ_CHANNEL_2] = centerFreqTrim - (CapSense_IMO_FREQUENCY_O
 728:Generated_Source\PSoC4/CapSense_Sensing.c ****                                                                                            CapSense
 729:Generated_Source\PSoC4/CapSense_Sensing.c ****         }
 730:Generated_Source\PSoC4/CapSense_Sensing.c ****         else
 731:Generated_Source\PSoC4/CapSense_Sensing.c ****         {
 732:Generated_Source\PSoC4/CapSense_Sensing.c ****             CapSense_immunity[CapSense_FREQ_CHANNEL_1] = centerFreqTrim - CapSense_IMO_FREQUENCY_OF
 733:Generated_Source\PSoC4/CapSense_Sensing.c ****             CapSense_immunity[CapSense_FREQ_CHANNEL_2] = centerFreqTrim + CapSense_IMO_FREQUENCY_OF
 734:Generated_Source\PSoC4/CapSense_Sensing.c ****         }
 735:Generated_Source\PSoC4/CapSense_Sensing.c **** 
 736:Generated_Source\PSoC4/CapSense_Sensing.c ****     #endif /* ((CapSense_ENABLE == CapSense_MULTI_FREQ_SCAN_EN) &&\
 737:Generated_Source\PSoC4/CapSense_Sensing.c ****                (CapSense_MFS_IMO == CapSense_MFS_METHOD)) */
 738:Generated_Source\PSoC4/CapSense_Sensing.c **** 
 739:Generated_Source\PSoC4/CapSense_Sensing.c ****     initStatus = CYRET_SUCCESS;
 740:Generated_Source\PSoC4/CapSense_Sensing.c **** 
 741:Generated_Source\PSoC4/CapSense_Sensing.c ****     #if (CapSense_DISABLE == CapSense_CSDV2)
 742:Generated_Source\PSoC4/CapSense_Sensing.c ****         CapSense_SsTrimIdacs();
 743:Generated_Source\PSoC4/CapSense_Sensing.c ****     #endif /* (CapSense_ENABLE == CapSense_CSDV2) */
 744:Generated_Source\PSoC4/CapSense_Sensing.c **** 
 745:Generated_Source\PSoC4/CapSense_Sensing.c ****     #if((CapSense_ENABLE == CapSense_CSD_EN) ||\
 746:Generated_Source\PSoC4/CapSense_Sensing.c ****     ((CapSense_ENABLE == CapSense_CSX_EN) && (CapSense_ENABLE == CapSense_CSDV2)))
 747:Generated_Source\PSoC4/CapSense_Sensing.c ****         CapSense_SsInitializeSourceSenseClk();
 748:Generated_Source\PSoC4/CapSense_Sensing.c ****     #endif /* ((CapSense_ENABLE == CapSense_CSD_EN) ||\
 749:Generated_Source\PSoC4/CapSense_Sensing.c ****               ((CapSense_ENABLE == CapSense_CSX_EN) && (CapSense_ENABLE == CapSense_CSDV2))) */
 750:Generated_Source\PSoC4/CapSense_Sensing.c **** 
 751:Generated_Source\PSoC4/CapSense_Sensing.c ****     /* Set all IO states to the default state */
 752:Generated_Source\PSoC4/CapSense_Sensing.c ****     CapSense_SsSetAllIOsState((uint32)CapSense_SNS_CONNECTION_GROUND);
 753:Generated_Source\PSoC4/CapSense_Sensing.c ****     CapSense_dsRam.scanCurrentISC = CapSense_SNS_CONNECTION_GROUND;
 754:Generated_Source\PSoC4/CapSense_Sensing.c **** 
 755:Generated_Source\PSoC4/CapSense_Sensing.c ****     CapSense_SsSwitchSensingMode(CapSense_UNDEFINED_E);
 756:Generated_Source\PSoC4/CapSense_Sensing.c ****     #if (CapSense_ENABLE == CapSense_MANY_SENSE_MODES_EN)
 757:Generated_Source\PSoC4/CapSense_Sensing.c ****     #elif (CapSense_ENABLE == CapSense_CSD_EN)
 758:Generated_Source\PSoC4/CapSense_Sensing.c ****         CapSense_SsSwitchSensingMode(CapSense_SENSE_METHOD_CSD_E);
 759:Generated_Source\PSoC4/CapSense_Sensing.c ****     #elif (CapSense_ENABLE == CapSense_CSX_EN)
 760:Generated_Source\PSoC4/CapSense_Sensing.c ****         CapSense_SsSwitchSensingMode(CapSense_SENSE_METHOD_CSX_E);
 761:Generated_Source\PSoC4/CapSense_Sensing.c ****     #elif (CapSense_ENABLE == CapSense_ISX_EN)
 762:Generated_Source\PSoC4/CapSense_Sensing.c ****         CapSense_SsSwitchSensingMode(CapSense_SENSE_METHOD_ISX_E);
 763:Generated_Source\PSoC4/CapSense_Sensing.c ****     #else
 764:Generated_Source\PSoC4/CapSense_Sensing.c ****         #error "No sensing method enabled, Component cannot work in this mode"
 765:Generated_Source\PSoC4/CapSense_Sensing.c ****         initStatus = CYRET_UNKNOWN;
 766:Generated_Source\PSoC4/CapSense_Sensing.c ****     #endif
 767:Generated_Source\PSoC4/CapSense_Sensing.c **** 
 768:Generated_Source\PSoC4/CapSense_Sensing.c ****     return (initStatus);
 769:Generated_Source\PSoC4/CapSense_Sensing.c **** }
 770:Generated_Source\PSoC4/CapSense_Sensing.c **** 
 771:Generated_Source\PSoC4/CapSense_Sensing.c **** 
ARM GAS  C:\Users\ADSTRU~1\AppData\Local\Temp\ccEcZ2Z6.s 			page 15


 772:Generated_Source\PSoC4/CapSense_Sensing.c **** /*******************************************************************************
 773:Generated_Source\PSoC4/CapSense_Sensing.c **** * Function Name: CapSense_SetPinState
 774:Generated_Source\PSoC4/CapSense_Sensing.c **** ****************************************************************************//**
 775:Generated_Source\PSoC4/CapSense_Sensing.c **** *
 776:Generated_Source\PSoC4/CapSense_Sensing.c **** * \brief
 777:Generated_Source\PSoC4/CapSense_Sensing.c **** *  Sets the state (drive mode and output state) of the port pin used by a sensor.
 778:Generated_Source\PSoC4/CapSense_Sensing.c **** *  The possible states are GND, Shield, High-Z, Tx or Rx, Sensor. If the sensor
 779:Generated_Source\PSoC4/CapSense_Sensing.c **** *  specified in the input parameter is a ganged sensor, then the state of all pins
 780:Generated_Source\PSoC4/CapSense_Sensing.c **** *  associated with the ganged sensor is updated.
 781:Generated_Source\PSoC4/CapSense_Sensing.c **** *
 782:Generated_Source\PSoC4/CapSense_Sensing.c **** * \details
 783:Generated_Source\PSoC4/CapSense_Sensing.c **** *  This function sets a specified state for a specified sensor element. For the
 784:Generated_Source\PSoC4/CapSense_Sensing.c **** *  CSD widgets, sensor element is a sensor ID, for the CSX widgets, it is either
 785:Generated_Source\PSoC4/CapSense_Sensing.c **** *  an Rx or Tx electrode ID. If the specified sensor is a ganged sensor, then
 786:Generated_Source\PSoC4/CapSense_Sensing.c **** *  the specified state is set for all the electrodes belong to the sensor.
 787:Generated_Source\PSoC4/CapSense_Sensing.c **** *  This function must not be called while the Component is in the busy state.
 788:Generated_Source\PSoC4/CapSense_Sensing.c **** *
 789:Generated_Source\PSoC4/CapSense_Sensing.c **** *  This function accepts the CapSense_SHIELD and
 790:Generated_Source\PSoC4/CapSense_Sensing.c **** *  CapSense_SENSOR states as an input only if there is at least
 791:Generated_Source\PSoC4/CapSense_Sensing.c **** *  one CSD widget. Similarly, this function accepts the CapSense_TX_PIN
 792:Generated_Source\PSoC4/CapSense_Sensing.c **** *  and CapSense_RX_PIN states as an input only if there is at least
 793:Generated_Source\PSoC4/CapSense_Sensing.c **** *  one CSX widget in the project.
 794:Generated_Source\PSoC4/CapSense_Sensing.c **** 
 795:Generated_Source\PSoC4/CapSense_Sensing.c **** *  Calling this function directly from the application layer is not
 796:Generated_Source\PSoC4/CapSense_Sensing.c **** *  recommended. This function is used to implement only the custom-specific
 797:Generated_Source\PSoC4/CapSense_Sensing.c **** *  use cases. Functions that perform a setup and scan of a sensor/widget
 798:Generated_Source\PSoC4/CapSense_Sensing.c **** *  automatically set the required pin states. They ignore changes
 799:Generated_Source\PSoC4/CapSense_Sensing.c **** *  in the design made by the CapSense_SetPinState() function.
 800:Generated_Source\PSoC4/CapSense_Sensing.c **** *  This function neither check wdgtIndex nor sensorElement for the correctness.
 801:Generated_Source\PSoC4/CapSense_Sensing.c **** *
 802:Generated_Source\PSoC4/CapSense_Sensing.c **** * \param widgetId
 803:Generated_Source\PSoC4/CapSense_Sensing.c **** *  Specifies the ID of the widget to change the pin state of the specified
 804:Generated_Source\PSoC4/CapSense_Sensing.c **** *  sensor.
 805:Generated_Source\PSoC4/CapSense_Sensing.c **** *  A macro for the widget ID can be found in the CapSense Configuration
 806:Generated_Source\PSoC4/CapSense_Sensing.c **** *  header file defined as CapSense_<WidgetName>_WDGT_ID.
 807:Generated_Source\PSoC4/CapSense_Sensing.c **** *
 808:Generated_Source\PSoC4/CapSense_Sensing.c **** * \param sensorElement
 809:Generated_Source\PSoC4/CapSense_Sensing.c **** *  Specifies the ID of the sensor element within the widget to change
 810:Generated_Source\PSoC4/CapSense_Sensing.c **** *  its pin state.
 811:Generated_Source\PSoC4/CapSense_Sensing.c **** *  \if SECTION_C_LOW_LEVEL
 812:Generated_Source\PSoC4/CapSense_Sensing.c **** *  For the CSD widgets, sensorElement is the sensor ID and can be found in the
 813:Generated_Source\PSoC4/CapSense_Sensing.c **** *  CapSense Configuration header file defined as
 814:Generated_Source\PSoC4/CapSense_Sensing.c **** *  - CapSense_<WidgetName>_SNS<SensorNumber>_ID.
 815:Generated_Source\PSoC4/CapSense_Sensing.c **** *  For the CSX widgets, sensorElement is defined either as Rx ID or Tx ID.
 816:Generated_Source\PSoC4/CapSense_Sensing.c **** *  The first Rx in a widget corresponds to sensorElement = 0, the second
 817:Generated_Source\PSoC4/CapSense_Sensing.c **** *  Rx in a widget corresponds to sensorElement = 1, and so on.
 818:Generated_Source\PSoC4/CapSense_Sensing.c **** *  The last Tx in a widget corresponds to sensorElement = (RxNum + TxNum).
 819:Generated_Source\PSoC4/CapSense_Sensing.c **** *  \endif
 820:Generated_Source\PSoC4/CapSense_Sensing.c **** *  Macros for Rx and Tx IDs can be found in the
 821:Generated_Source\PSoC4/CapSense_Sensing.c **** *  CapSense Configuration header file defined as:
 822:Generated_Source\PSoC4/CapSense_Sensing.c **** *  - CapSense_<WidgetName>_RX<RXNumber>_ID
 823:Generated_Source\PSoC4/CapSense_Sensing.c **** *  - CapSense_<WidgetName>_TX<TXNumber>_ID.
 824:Generated_Source\PSoC4/CapSense_Sensing.c **** *
 825:Generated_Source\PSoC4/CapSense_Sensing.c **** * \param state
 826:Generated_Source\PSoC4/CapSense_Sensing.c **** *  Specifies the state of the sensor to be set:
 827:Generated_Source\PSoC4/CapSense_Sensing.c **** *     1. CapSense_GROUND - The pin is connected to the ground.
 828:Generated_Source\PSoC4/CapSense_Sensing.c **** *     2. CapSense_HIGHZ - The drive mode of the pin is set to High-Z
ARM GAS  C:\Users\ADSTRU~1\AppData\Local\Temp\ccEcZ2Z6.s 			page 16


 829:Generated_Source\PSoC4/CapSense_Sensing.c **** *        Analog.
 830:Generated_Source\PSoC4/CapSense_Sensing.c **** *     3. CapSense_SHIELD - The shield signal is routed to the pin
 831:Generated_Source\PSoC4/CapSense_Sensing.c **** *        (available only if CSD sensing method with shield electrode is enabled).
 832:Generated_Source\PSoC4/CapSense_Sensing.c **** *     4. CapSense_SENSOR - The pin is connected to the scanning bus
 833:Generated_Source\PSoC4/CapSense_Sensing.c **** *        (available only if CSD sensing method is enabled).
 834:Generated_Source\PSoC4/CapSense_Sensing.c **** *     5. CapSense_TX_PIN - The Tx or Lx signal is routed to the sensor
 835:Generated_Source\PSoC4/CapSense_Sensing.c **** *        (available only if CSX or ISX sensing method is enabled).
 836:Generated_Source\PSoC4/CapSense_Sensing.c **** *     6. CapSense_RX_PIN - The pin is connected to the scanning bus
 837:Generated_Source\PSoC4/CapSense_Sensing.c **** *        (available only if CSX or ISX sensing method is enabled).
 838:Generated_Source\PSoC4/CapSense_Sensing.c **** *
 839:Generated_Source\PSoC4/CapSense_Sensing.c **** *******************************************************************************/
 840:Generated_Source\PSoC4/CapSense_Sensing.c **** void CapSense_SetPinState(uint32 widgetId, uint32 sensorElement, uint32 state)
 841:Generated_Source\PSoC4/CapSense_Sensing.c **** {
 842:Generated_Source\PSoC4/CapSense_Sensing.c ****     uint32 eltdNum;
 843:Generated_Source\PSoC4/CapSense_Sensing.c ****     uint32 eltdIndex;
 844:Generated_Source\PSoC4/CapSense_Sensing.c ****     uint8  interruptState;
 845:Generated_Source\PSoC4/CapSense_Sensing.c ****     CapSense_FLASH_IO_STRUCT const *ioPtr;
 846:Generated_Source\PSoC4/CapSense_Sensing.c ****     #if (CapSense_ENABLE == CapSense_GANGED_SNS_EN)
 847:Generated_Source\PSoC4/CapSense_Sensing.c ****         CapSense_FLASH_SNS_STRUCT const *curFlashSnsPtr;
 848:Generated_Source\PSoC4/CapSense_Sensing.c ****     #endif
 849:Generated_Source\PSoC4/CapSense_Sensing.c **** 
 850:Generated_Source\PSoC4/CapSense_Sensing.c ****     /* Getting sensor element pointer and number of electrodes */
 851:Generated_Source\PSoC4/CapSense_Sensing.c ****     #if (CapSense_ENABLE == CapSense_GANGED_SNS_EN)
 852:Generated_Source\PSoC4/CapSense_Sensing.c ****         /* Check the ganged sns flag */
 853:Generated_Source\PSoC4/CapSense_Sensing.c ****         if (CapSense_GANGED_SNS_MASK == (CapSense_dsFlash.wdgtArray[widgetId].staticConfig & CapSen
 854:Generated_Source\PSoC4/CapSense_Sensing.c ****         {
 855:Generated_Source\PSoC4/CapSense_Sensing.c ****             curFlashSnsPtr = CapSense_dsFlash.wdgtArray[widgetId].ptr2SnsFlash;
 856:Generated_Source\PSoC4/CapSense_Sensing.c ****             curFlashSnsPtr += sensorElement;
 857:Generated_Source\PSoC4/CapSense_Sensing.c ****             ioPtr = &CapSense_ioList[curFlashSnsPtr->firstPinId];
 858:Generated_Source\PSoC4/CapSense_Sensing.c ****             eltdNum = curFlashSnsPtr->numPins;
 859:Generated_Source\PSoC4/CapSense_Sensing.c ****         }
 860:Generated_Source\PSoC4/CapSense_Sensing.c ****         else
 861:Generated_Source\PSoC4/CapSense_Sensing.c ****         {
 862:Generated_Source\PSoC4/CapSense_Sensing.c ****             ioPtr = (CapSense_FLASH_IO_STRUCT const *)CapSense_dsFlash.wdgtArray[widgetId].ptr2SnsF
 863:Generated_Source\PSoC4/CapSense_Sensing.c ****             eltdNum = 1u;
 864:Generated_Source\PSoC4/CapSense_Sensing.c ****         }
 865:Generated_Source\PSoC4/CapSense_Sensing.c ****     #else
 866:Generated_Source\PSoC4/CapSense_Sensing.c ****         ioPtr = (CapSense_FLASH_IO_STRUCT const *)CapSense_dsFlash.wdgtArray[widgetId].ptr2SnsFlash
 867:Generated_Source\PSoC4/CapSense_Sensing.c ****         eltdNum = 1u;
 868:Generated_Source\PSoC4/CapSense_Sensing.c ****     #endif
 869:Generated_Source\PSoC4/CapSense_Sensing.c **** 
 870:Generated_Source\PSoC4/CapSense_Sensing.c ****     /* Loop through all electrodes of the specified sensor element */
 871:Generated_Source\PSoC4/CapSense_Sensing.c ****     for (eltdIndex = 0u; eltdIndex < eltdNum; eltdIndex++)
 872:Generated_Source\PSoC4/CapSense_Sensing.c ****     {
 873:Generated_Source\PSoC4/CapSense_Sensing.c ****         /* Reset HSIOM and PC registers */
 874:Generated_Source\PSoC4/CapSense_Sensing.c ****         interruptState = CyEnterCriticalSection();
 875:Generated_Source\PSoC4/CapSense_Sensing.c ****         CY_SET_REG32(ioPtr->hsiomPtr, CY_GET_REG32(ioPtr->hsiomPtr) & ~(CapSense_HSIOM_SEL_MASK << 
 876:Generated_Source\PSoC4/CapSense_Sensing.c ****         CY_SET_REG32(ioPtr->pcPtr, CY_GET_REG32(ioPtr->pcPtr) & ~(CapSense_GPIO_PC_MASK << ioPtr->s
 877:Generated_Source\PSoC4/CapSense_Sensing.c ****         CyExitCriticalSection(interruptState);
 878:Generated_Source\PSoC4/CapSense_Sensing.c **** 
 879:Generated_Source\PSoC4/CapSense_Sensing.c ****         switch (state)
 880:Generated_Source\PSoC4/CapSense_Sensing.c ****         {
 881:Generated_Source\PSoC4/CapSense_Sensing.c ****         case CapSense_GROUND:
 882:Generated_Source\PSoC4/CapSense_Sensing.c **** 
 883:Generated_Source\PSoC4/CapSense_Sensing.c ****             interruptState = CyEnterCriticalSection();
 884:Generated_Source\PSoC4/CapSense_Sensing.c ****             CY_SET_REG32(ioPtr->pcPtr, CY_GET_REG32(ioPtr->pcPtr) | (CapSense_SNS_GROUND_CONNECT <<
 885:Generated_Source\PSoC4/CapSense_Sensing.c ****             CY_SET_REG32(ioPtr->drPtr, CY_GET_REG32(ioPtr->drPtr) & (uint32)(~(uint32)((uint32)1u <
ARM GAS  C:\Users\ADSTRU~1\AppData\Local\Temp\ccEcZ2Z6.s 			page 17


 886:Generated_Source\PSoC4/CapSense_Sensing.c ****             CyExitCriticalSection(interruptState);
 887:Generated_Source\PSoC4/CapSense_Sensing.c ****             break;
 888:Generated_Source\PSoC4/CapSense_Sensing.c **** 
 889:Generated_Source\PSoC4/CapSense_Sensing.c ****         case CapSense_HIGHZ:
 890:Generated_Source\PSoC4/CapSense_Sensing.c ****             interruptState = CyEnterCriticalSection();
 891:Generated_Source\PSoC4/CapSense_Sensing.c ****             CY_SET_REG32(ioPtr->drPtr, CY_GET_REG32(ioPtr->drPtr) & (uint32)~(uint32)((uint32)1u <<
 892:Generated_Source\PSoC4/CapSense_Sensing.c ****             CyExitCriticalSection(interruptState);
 893:Generated_Source\PSoC4/CapSense_Sensing.c ****             break;
 894:Generated_Source\PSoC4/CapSense_Sensing.c **** 
 895:Generated_Source\PSoC4/CapSense_Sensing.c ****         #if (CapSense_ENABLE == CapSense_CSD_EN)
 896:Generated_Source\PSoC4/CapSense_Sensing.c ****             case CapSense_SENSOR:
 897:Generated_Source\PSoC4/CapSense_Sensing.c ****                 /* Enable sensor */
 898:Generated_Source\PSoC4/CapSense_Sensing.c ****                 CapSense_CSDConnectSns(ioPtr);
 899:Generated_Source\PSoC4/CapSense_Sensing.c ****                 break;
 900:Generated_Source\PSoC4/CapSense_Sensing.c **** 
 901:Generated_Source\PSoC4/CapSense_Sensing.c ****             #if (CapSense_ENABLE == CapSense_CSD_SHIELD_EN)
 902:Generated_Source\PSoC4/CapSense_Sensing.c ****                 case CapSense_SHIELD:
 903:Generated_Source\PSoC4/CapSense_Sensing.c ****                     /* Set appropriate bit in HSIOM register to configure pin to shield mode */
 904:Generated_Source\PSoC4/CapSense_Sensing.c ****                     interruptState = CyEnterCriticalSection();
 905:Generated_Source\PSoC4/CapSense_Sensing.c ****                     CY_SET_REG32(ioPtr->hsiomPtr, CY_GET_REG32(ioPtr->hsiomPtr) | (CapSense_HSIOM_S
 906:Generated_Source\PSoC4/CapSense_Sensing.c ****                     CyExitCriticalSection(interruptState);
 907:Generated_Source\PSoC4/CapSense_Sensing.c ****                     break;
 908:Generated_Source\PSoC4/CapSense_Sensing.c ****             #endif /* (CapSense_ENABLE == CapSense_CSD_SHIELD_EN) */
 909:Generated_Source\PSoC4/CapSense_Sensing.c ****         #endif /* (CapSense_ENABLE == CapSense_CSD_EN) */
 910:Generated_Source\PSoC4/CapSense_Sensing.c **** 
 911:Generated_Source\PSoC4/CapSense_Sensing.c ****         #if ((CapSense_ENABLE == CapSense_CSX_EN) || \
 912:Generated_Source\PSoC4/CapSense_Sensing.c ****              (CapSense_ENABLE == CapSense_ISX_EN))
 913:Generated_Source\PSoC4/CapSense_Sensing.c ****             case CapSense_TX_PIN:
 914:Generated_Source\PSoC4/CapSense_Sensing.c ****                 interruptState = CyEnterCriticalSection();
 915:Generated_Source\PSoC4/CapSense_Sensing.c ****                 CY_SET_REG32(ioPtr->hsiomPtr, CY_GET_REG32(ioPtr->hsiomPtr) | (CapSense_HSIOM_SEL_C
 916:Generated_Source\PSoC4/CapSense_Sensing.c ****                 CY_SET_REG32(ioPtr->pcPtr, CY_GET_REG32(ioPtr->pcPtr) | (CapSense_GPIO_STRGDRV << i
 917:Generated_Source\PSoC4/CapSense_Sensing.c ****                 CyExitCriticalSection(interruptState);
 918:Generated_Source\PSoC4/CapSense_Sensing.c ****                 break;
 919:Generated_Source\PSoC4/CapSense_Sensing.c **** 
 920:Generated_Source\PSoC4/CapSense_Sensing.c ****             case CapSense_RX_PIN:
 921:Generated_Source\PSoC4/CapSense_Sensing.c ****                 interruptState = CyEnterCriticalSection();
 922:Generated_Source\PSoC4/CapSense_Sensing.c ****                 CY_SET_REG32(ioPtr->hsiomPtr, CY_GET_REG32(ioPtr->hsiomPtr) | (CapSense_HSIOM_SEL_A
 923:Generated_Source\PSoC4/CapSense_Sensing.c ****                 CY_SET_REG32(ioPtr->pcPtr, CY_GET_REG32(ioPtr->pcPtr) & ~(CapSense_GPIO_PC_MASK << 
 924:Generated_Source\PSoC4/CapSense_Sensing.c ****                 CyExitCriticalSection(interruptState);
 925:Generated_Source\PSoC4/CapSense_Sensing.c ****                 break;
 926:Generated_Source\PSoC4/CapSense_Sensing.c ****         #endif
 927:Generated_Source\PSoC4/CapSense_Sensing.c **** 
 928:Generated_Source\PSoC4/CapSense_Sensing.c ****         default:
 929:Generated_Source\PSoC4/CapSense_Sensing.c ****             /* Wrong state */
 930:Generated_Source\PSoC4/CapSense_Sensing.c ****             break;
 931:Generated_Source\PSoC4/CapSense_Sensing.c ****         }
 932:Generated_Source\PSoC4/CapSense_Sensing.c **** 
 933:Generated_Source\PSoC4/CapSense_Sensing.c ****         ioPtr++;
 934:Generated_Source\PSoC4/CapSense_Sensing.c ****     }
 935:Generated_Source\PSoC4/CapSense_Sensing.c **** }
 936:Generated_Source\PSoC4/CapSense_Sensing.c **** 
 937:Generated_Source\PSoC4/CapSense_Sensing.c **** #if (CapSense_ENABLE == CapSense_CSD_EN)
 938:Generated_Source\PSoC4/CapSense_Sensing.c ****     /*******************************************************************************
 939:Generated_Source\PSoC4/CapSense_Sensing.c ****     * Function Name: CapSense_SsCSDDisableMode
 940:Generated_Source\PSoC4/CapSense_Sensing.c ****     ****************************************************************************//**
 941:Generated_Source\PSoC4/CapSense_Sensing.c ****     *
 942:Generated_Source\PSoC4/CapSense_Sensing.c ****     * \brief
ARM GAS  C:\Users\ADSTRU~1\AppData\Local\Temp\ccEcZ2Z6.s 			page 18


 943:Generated_Source\PSoC4/CapSense_Sensing.c ****     *  This function disables CSD mode.
 944:Generated_Source\PSoC4/CapSense_Sensing.c ****     *
 945:Generated_Source\PSoC4/CapSense_Sensing.c ****     * \details
 946:Generated_Source\PSoC4/CapSense_Sensing.c ****     *  To disable CSD mode the following tasks are performed:
 947:Generated_Source\PSoC4/CapSense_Sensing.c ****     *  1. Disconnect Cmod from AMUXBUS-A.
 948:Generated_Source\PSoC4/CapSense_Sensing.c ****     *  2. Disconnect previous CSX electrode if it has been connected.
 949:Generated_Source\PSoC4/CapSense_Sensing.c ****     *  3. Disconnect Csh from AMUXBUS-B.
 950:Generated_Source\PSoC4/CapSense_Sensing.c ****     *  4. Disable Shield Electrodes.
 951:Generated_Source\PSoC4/CapSense_Sensing.c ****     *
 952:Generated_Source\PSoC4/CapSense_Sensing.c ****     *******************************************************************************/
 953:Generated_Source\PSoC4/CapSense_Sensing.c ****     static void CapSense_SsCSDDisableMode(void)
 954:Generated_Source\PSoC4/CapSense_Sensing.c ****     {
 955:Generated_Source\PSoC4/CapSense_Sensing.c ****         #if ((CapSense_ENABLE == CapSense_CSDV2) && \
 956:Generated_Source\PSoC4/CapSense_Sensing.c ****              (CapSense_ENABLE == CapSense_CSD_IDAC_COMP_EN))
 957:Generated_Source\PSoC4/CapSense_Sensing.c **** 
 958:Generated_Source\PSoC4/CapSense_Sensing.c ****             uint32 newRegValue;
 959:Generated_Source\PSoC4/CapSense_Sensing.c **** 
 960:Generated_Source\PSoC4/CapSense_Sensing.c ****             /* Disconnect IDACA and IDACB */
 961:Generated_Source\PSoC4/CapSense_Sensing.c ****             newRegValue = CY_GET_REG32(CapSense_SW_REFGEN_SEL_PTR);
 962:Generated_Source\PSoC4/CapSense_Sensing.c ****             newRegValue &= (uint32)(~CapSense_SW_REFGEN_SEL_SW_IAIB_MASK);
 963:Generated_Source\PSoC4/CapSense_Sensing.c ****             CY_SET_REG32(CapSense_SW_REFGEN_SEL_PTR, newRegValue);
 964:Generated_Source\PSoC4/CapSense_Sensing.c ****         #endif /* ((CapSense_ENABLE == CapSense_CSDV2) && \
 965:Generated_Source\PSoC4/CapSense_Sensing.c ****                    (CapSense_ENABLE == CapSense_CSD_IDAC_COMP_EN)) */
 966:Generated_Source\PSoC4/CapSense_Sensing.c **** 
 967:Generated_Source\PSoC4/CapSense_Sensing.c ****         /* Disconnect Cmod from AMUXBUS-A using HSIOM registers */
 968:Generated_Source\PSoC4/CapSense_Sensing.c ****         CapSense_WriteBitsSafe(CapSense_CMOD_HSIOM_PTR, CapSense_CMOD_HSIOM_MASK, 0u);
 969:Generated_Source\PSoC4/CapSense_Sensing.c **** 
 970:Generated_Source\PSoC4/CapSense_Sensing.c ****         /* Disconnect previous CSD electrode if it has been connected */
 971:Generated_Source\PSoC4/CapSense_Sensing.c ****         CapSense_SsCSDElectrodeCheck();
 972:Generated_Source\PSoC4/CapSense_Sensing.c **** 
 973:Generated_Source\PSoC4/CapSense_Sensing.c ****         /* Disconnect Csh from AMUXBUS-B */
 974:Generated_Source\PSoC4/CapSense_Sensing.c ****         #if ((CapSense_ENABLE == CapSense_CSD_SHIELD_EN) && \
 975:Generated_Source\PSoC4/CapSense_Sensing.c ****              (CapSense_ENABLE == CapSense_CSD_SHIELD_TANK_EN))
 976:Generated_Source\PSoC4/CapSense_Sensing.c ****             CapSense_WriteBitsSafe(CapSense_CSH_HSIOM_PTR, CapSense_CSH_HSIOM_MASK, 0u);
 977:Generated_Source\PSoC4/CapSense_Sensing.c ****         #endif
 978:Generated_Source\PSoC4/CapSense_Sensing.c **** 
 979:Generated_Source\PSoC4/CapSense_Sensing.c ****         #if ((CapSense_ENABLE == CapSense_CSD_SHIELD_EN) && \
 980:Generated_Source\PSoC4/CapSense_Sensing.c ****              (0u != CapSense_CSD_TOTAL_SHIELD_COUNT))
 981:Generated_Source\PSoC4/CapSense_Sensing.c ****             CapSense_SsCSDDisableShieldElectrodes();
 982:Generated_Source\PSoC4/CapSense_Sensing.c ****         #endif
 983:Generated_Source\PSoC4/CapSense_Sensing.c ****     }
 984:Generated_Source\PSoC4/CapSense_Sensing.c **** #endif /* (CapSense_ENABLE == CapSense_CSD_EN) */
 985:Generated_Source\PSoC4/CapSense_Sensing.c **** 
 986:Generated_Source\PSoC4/CapSense_Sensing.c **** 
 987:Generated_Source\PSoC4/CapSense_Sensing.c **** #if (CapSense_ENABLE == CapSense_CSX_EN)
 988:Generated_Source\PSoC4/CapSense_Sensing.c ****     /*******************************************************************************
 989:Generated_Source\PSoC4/CapSense_Sensing.c ****     * Function Name: CapSense_SsDisableCSXMode
 990:Generated_Source\PSoC4/CapSense_Sensing.c ****     ****************************************************************************//**
 991:Generated_Source\PSoC4/CapSense_Sensing.c ****     *
 992:Generated_Source\PSoC4/CapSense_Sensing.c ****     * \brief
 993:Generated_Source\PSoC4/CapSense_Sensing.c ****     *  This function disables CSX mode.
 994:Generated_Source\PSoC4/CapSense_Sensing.c ****     *
 995:Generated_Source\PSoC4/CapSense_Sensing.c ****     * \details
 996:Generated_Source\PSoC4/CapSense_Sensing.c ****     *  To disable CSX mode the following tasks are performed:
 997:Generated_Source\PSoC4/CapSense_Sensing.c ****     *  1. Disconnect CintA and CintB from AMUXBUS-A.
 998:Generated_Source\PSoC4/CapSense_Sensing.c ****     *  2. Disconnect previous CSX electrode if it has been connected.
 999:Generated_Source\PSoC4/CapSense_Sensing.c ****     *
ARM GAS  C:\Users\ADSTRU~1\AppData\Local\Temp\ccEcZ2Z6.s 			page 19


1000:Generated_Source\PSoC4/CapSense_Sensing.c ****     *******************************************************************************/
1001:Generated_Source\PSoC4/CapSense_Sensing.c ****     static void CapSense_SsDisableCSXMode(void)
1002:Generated_Source\PSoC4/CapSense_Sensing.c ****     {
1003:Generated_Source\PSoC4/CapSense_Sensing.c ****         /* Disconnect CintA from AMUXBUS-A using HSIOM registers */
1004:Generated_Source\PSoC4/CapSense_Sensing.c ****         CapSense_WriteBitsSafe(CapSense_CintA_HSIOM_PTR, CapSense_CintA_HSIOM_MASK, 0u);
1005:Generated_Source\PSoC4/CapSense_Sensing.c ****         /* Disconnect CintB from AMUXBUS-A using HSIOM registers */
1006:Generated_Source\PSoC4/CapSense_Sensing.c ****         CapSense_WriteBitsSafe(CapSense_CintB_HSIOM_PTR, CapSense_CintB_HSIOM_MASK, 0u);
1007:Generated_Source\PSoC4/CapSense_Sensing.c ****         /* Disconnect previous CSX electrode if it has been connected */
1008:Generated_Source\PSoC4/CapSense_Sensing.c ****         CapSense_CSXElectrodeCheck();
1009:Generated_Source\PSoC4/CapSense_Sensing.c ****     }
1010:Generated_Source\PSoC4/CapSense_Sensing.c **** #endif /* (CapSense_ENABLE == CapSense_CSX_EN) */
1011:Generated_Source\PSoC4/CapSense_Sensing.c **** 
1012:Generated_Source\PSoC4/CapSense_Sensing.c **** 
1013:Generated_Source\PSoC4/CapSense_Sensing.c **** #if (CapSense_ENABLE == CapSense_ISX_EN)
1014:Generated_Source\PSoC4/CapSense_Sensing.c ****     /*******************************************************************************
1015:Generated_Source\PSoC4/CapSense_Sensing.c ****     * Function Name: CapSense_SsDisableISXMode
1016:Generated_Source\PSoC4/CapSense_Sensing.c ****     ****************************************************************************//**
1017:Generated_Source\PSoC4/CapSense_Sensing.c ****     *
1018:Generated_Source\PSoC4/CapSense_Sensing.c ****     * \brief
1019:Generated_Source\PSoC4/CapSense_Sensing.c ****     *  This function disables ISX mode.
1020:Generated_Source\PSoC4/CapSense_Sensing.c ****     *
1021:Generated_Source\PSoC4/CapSense_Sensing.c ****     * \details
1022:Generated_Source\PSoC4/CapSense_Sensing.c ****     *  To disable ISX mode the following tasks are performed:
1023:Generated_Source\PSoC4/CapSense_Sensing.c ****     *  1. Disconnect CintA and CintB from AMUXBUS-A
1024:Generated_Source\PSoC4/CapSense_Sensing.c ****     *  2. Disconnect previous ISX electrode if it has been connected
1025:Generated_Source\PSoC4/CapSense_Sensing.c ****     *
1026:Generated_Source\PSoC4/CapSense_Sensing.c ****     *******************************************************************************/
1027:Generated_Source\PSoC4/CapSense_Sensing.c ****     static void CapSense_SsDisableISXMode(void)
1028:Generated_Source\PSoC4/CapSense_Sensing.c ****     {
1029:Generated_Source\PSoC4/CapSense_Sensing.c ****         /* Disconnect CintA from AMUXBUS-A using HSIOM registers */
1030:Generated_Source\PSoC4/CapSense_Sensing.c ****         CapSense_WriteBitsSafe(CapSense_CintA_HSIOM_PTR, CapSense_CintA_HSIOM_MASK, 0u);
1031:Generated_Source\PSoC4/CapSense_Sensing.c ****         /* Disconnect CintB from AMUXBUS-A using HSIOM registers */
1032:Generated_Source\PSoC4/CapSense_Sensing.c ****         CapSense_WriteBitsSafe(CapSense_CintB_HSIOM_PTR, CapSense_CintB_HSIOM_MASK, 0u);
1033:Generated_Source\PSoC4/CapSense_Sensing.c ****         /* Disconnect previous ISX electrode if it has been connected */
1034:Generated_Source\PSoC4/CapSense_Sensing.c ****         CapSense_ISXElectrodeCheck();
1035:Generated_Source\PSoC4/CapSense_Sensing.c ****         CapSense_DigPrt2_Stop();
1036:Generated_Source\PSoC4/CapSense_Sensing.c ****         #if (CapSense_USES_PORT_3)
1037:Generated_Source\PSoC4/CapSense_Sensing.c ****             CapSense_DigPrt3_Stop();
1038:Generated_Source\PSoC4/CapSense_Sensing.c ****         #endif
1039:Generated_Source\PSoC4/CapSense_Sensing.c ****     }
1040:Generated_Source\PSoC4/CapSense_Sensing.c **** #endif /* (CapSense_ENABLE == CapSense_ISX_EN) */
1041:Generated_Source\PSoC4/CapSense_Sensing.c **** 
1042:Generated_Source\PSoC4/CapSense_Sensing.c **** 
1043:Generated_Source\PSoC4/CapSense_Sensing.c **** /*******************************************************************************
1044:Generated_Source\PSoC4/CapSense_Sensing.c **** * Function Name: CapSense_SsSwitchSensingMode
1045:Generated_Source\PSoC4/CapSense_Sensing.c **** ****************************************************************************//**
1046:Generated_Source\PSoC4/CapSense_Sensing.c **** *
1047:Generated_Source\PSoC4/CapSense_Sensing.c **** * \brief
1048:Generated_Source\PSoC4/CapSense_Sensing.c **** *  This function changes the Сomponent settings for operation in a specified
1049:Generated_Source\PSoC4/CapSense_Sensing.c **** *  sensing mode.
1050:Generated_Source\PSoC4/CapSense_Sensing.c **** *
1051:Generated_Source\PSoC4/CapSense_Sensing.c **** * \details
1052:Generated_Source\PSoC4/CapSense_Sensing.c **** *  This function performs following tasks:
1053:Generated_Source\PSoC4/CapSense_Sensing.c **** *  1. Releasing the CSD HW block.
1054:Generated_Source\PSoC4/CapSense_Sensing.c **** *  2. Disconnecting external capacitors.
1055:Generated_Source\PSoC4/CapSense_Sensing.c **** *  3. Setting new mode.
1056:Generated_Source\PSoC4/CapSense_Sensing.c **** *  4. Configuring HW to the new sensing mode.
ARM GAS  C:\Users\ADSTRU~1\AppData\Local\Temp\ccEcZ2Z6.s 			page 20


1057:Generated_Source\PSoC4/CapSense_Sensing.c **** *
1058:Generated_Source\PSoC4/CapSense_Sensing.c **** * \param mode
1059:Generated_Source\PSoC4/CapSense_Sensing.c **** *  Specifies the scan mode:
1060:Generated_Source\PSoC4/CapSense_Sensing.c **** *  - CapSense_SENSE_METHOD_CSD_E
1061:Generated_Source\PSoC4/CapSense_Sensing.c **** *  - CapSense_SENSE_METHOD_CSX_E
1062:Generated_Source\PSoC4/CapSense_Sensing.c **** *  - CapSense_SENSE_METHOD_ISX_E
1063:Generated_Source\PSoC4/CapSense_Sensing.c **** *  - CapSense_SENSE_METHOD_BIST_E
1064:Generated_Source\PSoC4/CapSense_Sensing.c **** *  - CapSense_UNDEFINED_E
1065:Generated_Source\PSoC4/CapSense_Sensing.c **** *
1066:Generated_Source\PSoC4/CapSense_Sensing.c **** *******************************************************************************/
1067:Generated_Source\PSoC4/CapSense_Sensing.c **** void CapSense_SsSwitchSensingMode(CapSense_SENSE_METHOD_ENUM mode)
1068:Generated_Source\PSoC4/CapSense_Sensing.c **** {
1069:Generated_Source\PSoC4/CapSense_Sensing.c ****     if (CapSense_currentSenseMethod != mode)
1070:Generated_Source\PSoC4/CapSense_Sensing.c ****     {
1071:Generated_Source\PSoC4/CapSense_Sensing.c ****         /* The requested mode differs to the current one. Disable the current mode */
1072:Generated_Source\PSoC4/CapSense_Sensing.c ****         if (CapSense_SENSE_METHOD_CSD_E == CapSense_currentSenseMethod)
1073:Generated_Source\PSoC4/CapSense_Sensing.c ****         {
1074:Generated_Source\PSoC4/CapSense_Sensing.c ****             #if (CapSense_ENABLE == CapSense_CSD_EN)
1075:Generated_Source\PSoC4/CapSense_Sensing.c ****                 CapSense_SsCSDDisableMode();
1076:Generated_Source\PSoC4/CapSense_Sensing.c ****             #endif /* (CapSense_ENABLE == CapSense_CSD_EN) */
1077:Generated_Source\PSoC4/CapSense_Sensing.c ****         }
1078:Generated_Source\PSoC4/CapSense_Sensing.c ****         else if (CapSense_SENSE_METHOD_CSX_E == CapSense_currentSenseMethod)
1079:Generated_Source\PSoC4/CapSense_Sensing.c ****         {
1080:Generated_Source\PSoC4/CapSense_Sensing.c ****             #if (CapSense_ENABLE == CapSense_CSX_EN)
1081:Generated_Source\PSoC4/CapSense_Sensing.c ****                 CapSense_SsDisableCSXMode();
1082:Generated_Source\PSoC4/CapSense_Sensing.c ****             #endif /* (CapSense_ENABLE == CapSense_CSX_EN) */
1083:Generated_Source\PSoC4/CapSense_Sensing.c ****         }
1084:Generated_Source\PSoC4/CapSense_Sensing.c ****         else if (CapSense_SENSE_METHOD_ISX_E == CapSense_currentSenseMethod)
1085:Generated_Source\PSoC4/CapSense_Sensing.c ****         {
1086:Generated_Source\PSoC4/CapSense_Sensing.c ****             #if (CapSense_ENABLE == CapSense_ISX_EN)
1087:Generated_Source\PSoC4/CapSense_Sensing.c ****                 CapSense_SsDisableISXMode();
1088:Generated_Source\PSoC4/CapSense_Sensing.c ****             #endif /* (CapSense_ENABLE == CapSense_ISX_EN) */
1089:Generated_Source\PSoC4/CapSense_Sensing.c ****         }
1090:Generated_Source\PSoC4/CapSense_Sensing.c ****         else if (CapSense_SENSE_METHOD_BIST_E == CapSense_currentSenseMethod)
1091:Generated_Source\PSoC4/CapSense_Sensing.c ****         {
1092:Generated_Source\PSoC4/CapSense_Sensing.c ****             #if (CapSense_ENABLE == CapSense_SELF_TEST_EN)
1093:Generated_Source\PSoC4/CapSense_Sensing.c ****                 CapSense_BistDisableMode();
1094:Generated_Source\PSoC4/CapSense_Sensing.c ****             #endif /* (CapSense_ENABLE == CapSense_SELF_TEST_EN) */
1095:Generated_Source\PSoC4/CapSense_Sensing.c ****         }
1096:Generated_Source\PSoC4/CapSense_Sensing.c ****         else
1097:Generated_Source\PSoC4/CapSense_Sensing.c ****         {
1098:Generated_Source\PSoC4/CapSense_Sensing.c ****             #if (CapSense_ENABLE == CapSense_ADC_EN)
1099:Generated_Source\PSoC4/CapSense_Sensing.c ****                 /* Release ADC resources */
1100:Generated_Source\PSoC4/CapSense_Sensing.c ****                 (void)CapSense_AdcReleaseResources();
1101:Generated_Source\PSoC4/CapSense_Sensing.c ****             #endif /* (CapSense_ENABLE == CapSense_ADC_EN) */
1102:Generated_Source\PSoC4/CapSense_Sensing.c ****         }
1103:Generated_Source\PSoC4/CapSense_Sensing.c **** 
1104:Generated_Source\PSoC4/CapSense_Sensing.c ****         /* Enable the specified mode */
1105:Generated_Source\PSoC4/CapSense_Sensing.c ****         if (CapSense_SENSE_METHOD_CSD_E == mode)
1106:Generated_Source\PSoC4/CapSense_Sensing.c ****         {
1107:Generated_Source\PSoC4/CapSense_Sensing.c ****             #if (CapSense_ENABLE == CapSense_CSD_EN)
1108:Generated_Source\PSoC4/CapSense_Sensing.c ****                 /* Initialize CSD mode to guarantee configured CSD mode */
1109:Generated_Source\PSoC4/CapSense_Sensing.c ****                 CapSense_SsCSDInitialize();
1110:Generated_Source\PSoC4/CapSense_Sensing.c ****                 CapSense_currentSenseMethod = CapSense_SENSE_METHOD_CSD_E;
1111:Generated_Source\PSoC4/CapSense_Sensing.c ****             #endif /* (CapSense_ENABLE == CapSense_CSD_EN) */
1112:Generated_Source\PSoC4/CapSense_Sensing.c ****         }
1113:Generated_Source\PSoC4/CapSense_Sensing.c ****         else if (CapSense_SENSE_METHOD_CSX_E == mode)
ARM GAS  C:\Users\ADSTRU~1\AppData\Local\Temp\ccEcZ2Z6.s 			page 21


1114:Generated_Source\PSoC4/CapSense_Sensing.c ****         {
1115:Generated_Source\PSoC4/CapSense_Sensing.c ****             #if (CapSense_ENABLE == CapSense_CSX_EN)
1116:Generated_Source\PSoC4/CapSense_Sensing.c ****                 /* Initialize CSX mode to guarantee configured CSX mode */
1117:Generated_Source\PSoC4/CapSense_Sensing.c ****                 CapSense_CSXInitialize();
1118:Generated_Source\PSoC4/CapSense_Sensing.c ****                 CapSense_currentSenseMethod = CapSense_SENSE_METHOD_CSX_E;
1119:Generated_Source\PSoC4/CapSense_Sensing.c ****             #endif /* (CapSense_ENABLE == CapSense_CSX_EN) */
1120:Generated_Source\PSoC4/CapSense_Sensing.c ****         }
1121:Generated_Source\PSoC4/CapSense_Sensing.c ****         else if (CapSense_SENSE_METHOD_ISX_E == mode)
1122:Generated_Source\PSoC4/CapSense_Sensing.c ****         {
1123:Generated_Source\PSoC4/CapSense_Sensing.c ****             #if (CapSense_ENABLE == CapSense_ISX_EN)
1124:Generated_Source\PSoC4/CapSense_Sensing.c ****                 /* Initialize ISX mode to guarantee configured ISX mode */
1125:Generated_Source\PSoC4/CapSense_Sensing.c ****                 CapSense_ISXInitialize();
1126:Generated_Source\PSoC4/CapSense_Sensing.c ****                 CapSense_currentSenseMethod = CapSense_SENSE_METHOD_ISX_E;
1127:Generated_Source\PSoC4/CapSense_Sensing.c ****             #endif /* (CapSense_ENABLE == CapSense_ISX_EN) */
1128:Generated_Source\PSoC4/CapSense_Sensing.c ****         }
1129:Generated_Source\PSoC4/CapSense_Sensing.c ****         else if (CapSense_SENSE_METHOD_BIST_E == mode)
1130:Generated_Source\PSoC4/CapSense_Sensing.c ****         {
1131:Generated_Source\PSoC4/CapSense_Sensing.c ****             #if (CapSense_ENABLE == CapSense_SELF_TEST_EN)
1132:Generated_Source\PSoC4/CapSense_Sensing.c ****                 CapSense_BistInitialize();
1133:Generated_Source\PSoC4/CapSense_Sensing.c ****                 CapSense_currentSenseMethod = CapSense_SENSE_METHOD_BIST_E;
1134:Generated_Source\PSoC4/CapSense_Sensing.c ****             #endif /* (CapSense_ENABLE == CapSense_SELF_TEST_EN) */
1135:Generated_Source\PSoC4/CapSense_Sensing.c ****         }
1136:Generated_Source\PSoC4/CapSense_Sensing.c ****         else
1137:Generated_Source\PSoC4/CapSense_Sensing.c ****         {
1138:Generated_Source\PSoC4/CapSense_Sensing.c ****             CapSense_currentSenseMethod = CapSense_UNDEFINED_E;
1139:Generated_Source\PSoC4/CapSense_Sensing.c ****         }
1140:Generated_Source\PSoC4/CapSense_Sensing.c ****     }
1141:Generated_Source\PSoC4/CapSense_Sensing.c **** }
1142:Generated_Source\PSoC4/CapSense_Sensing.c **** 
1143:Generated_Source\PSoC4/CapSense_Sensing.c **** 
1144:Generated_Source\PSoC4/CapSense_Sensing.c **** /*******************************************************************************
1145:Generated_Source\PSoC4/CapSense_Sensing.c **** * Function Name: CapSense_SsSetAllIOsState
1146:Generated_Source\PSoC4/CapSense_Sensing.c **** ****************************************************************************//**
1147:Generated_Source\PSoC4/CapSense_Sensing.c **** *
1148:Generated_Source\PSoC4/CapSense_Sensing.c **** * \brief
1149:Generated_Source\PSoC4/CapSense_Sensing.c **** *  Sets all electrodes into a default state.
1150:Generated_Source\PSoC4/CapSense_Sensing.c **** *
1151:Generated_Source\PSoC4/CapSense_Sensing.c **** * \details
1152:Generated_Source\PSoC4/CapSense_Sensing.c **** *  Sets all the CSD/CSX IOs into a default state:
1153:Generated_Source\PSoC4/CapSense_Sensing.c **** *  - HSIOM   - Disconnected, the GPIO mode.
1154:Generated_Source\PSoC4/CapSense_Sensing.c **** *  - DM      - Strong drive.
1155:Generated_Source\PSoC4/CapSense_Sensing.c **** *  - State   - Zero.
1156:Generated_Source\PSoC4/CapSense_Sensing.c **** *
1157:Generated_Source\PSoC4/CapSense_Sensing.c **** *  Sets all the ADC channels into a default state:
1158:Generated_Source\PSoC4/CapSense_Sensing.c **** *  - HSIOM   - Disconnected, the GPIO mode.
1159:Generated_Source\PSoC4/CapSense_Sensing.c **** *  - DM      - HiZ-Analog.
1160:Generated_Source\PSoC4/CapSense_Sensing.c **** *  - State   - Zero.
1161:Generated_Source\PSoC4/CapSense_Sensing.c **** *
1162:Generated_Source\PSoC4/CapSense_Sensing.c **** *  It is not recommended to call this function directly from the application
1163:Generated_Source\PSoC4/CapSense_Sensing.c **** *  layer.
1164:Generated_Source\PSoC4/CapSense_Sensing.c **** *
1165:Generated_Source\PSoC4/CapSense_Sensing.c **** *******************************************************************************/
1166:Generated_Source\PSoC4/CapSense_Sensing.c **** void CapSense_SsSetAllIOsState(uint32 state)
1167:Generated_Source\PSoC4/CapSense_Sensing.c **** {
1168:Generated_Source\PSoC4/CapSense_Sensing.c ****     uint8  interruptState;
1169:Generated_Source\PSoC4/CapSense_Sensing.c **** 
1170:Generated_Source\PSoC4/CapSense_Sensing.c ****     uint32 loopIndex;
ARM GAS  C:\Users\ADSTRU~1\AppData\Local\Temp\ccEcZ2Z6.s 			page 22


1171:Generated_Source\PSoC4/CapSense_Sensing.c **** 
1172:Generated_Source\PSoC4/CapSense_Sensing.c ****     uint32 newPinPcVal;
1173:Generated_Source\PSoC4/CapSense_Sensing.c ****     uint32 newPinHsiomVal;
1174:Generated_Source\PSoC4/CapSense_Sensing.c **** 
1175:Generated_Source\PSoC4/CapSense_Sensing.c ****     uint32 tmpPcDrRegValue;
1176:Generated_Source\PSoC4/CapSense_Sensing.c ****     uint32 tmpHsiomRegValue;
1177:Generated_Source\PSoC4/CapSense_Sensing.c **** 
1178:Generated_Source\PSoC4/CapSense_Sensing.c ****     CapSense_FLASH_IO_STRUCT const *snsIoPtr;
1179:Generated_Source\PSoC4/CapSense_Sensing.c **** 
1180:Generated_Source\PSoC4/CapSense_Sensing.c ****     switch(state)
1181:Generated_Source\PSoC4/CapSense_Sensing.c ****     {
1182:Generated_Source\PSoC4/CapSense_Sensing.c ****         case CapSense_SNS_CONNECTION_GROUND:
1183:Generated_Source\PSoC4/CapSense_Sensing.c ****             newPinPcVal = CY_SYS_PINS_DM_STRONG;
1184:Generated_Source\PSoC4/CapSense_Sensing.c ****             newPinHsiomVal = CapSense_HSIOM_SEL_GPIO;
1185:Generated_Source\PSoC4/CapSense_Sensing.c ****             break;
1186:Generated_Source\PSoC4/CapSense_Sensing.c ****         case CapSense_SNS_CONNECTION_HIGHZ:
1187:Generated_Source\PSoC4/CapSense_Sensing.c ****             newPinPcVal = CY_SYS_PINS_DM_ALG_HIZ;
1188:Generated_Source\PSoC4/CapSense_Sensing.c ****             newPinHsiomVal = CapSense_HSIOM_SEL_GPIO;
1189:Generated_Source\PSoC4/CapSense_Sensing.c ****             break;
1190:Generated_Source\PSoC4/CapSense_Sensing.c ****         case CapSense_SNS_CONNECTION_SHIELD:
1191:Generated_Source\PSoC4/CapSense_Sensing.c ****             newPinPcVal = CY_SYS_PINS_DM_ALG_HIZ;
1192:Generated_Source\PSoC4/CapSense_Sensing.c ****             newPinHsiomVal = CapSense_HSIOM_SEL_CSD_SHIELD;
1193:Generated_Source\PSoC4/CapSense_Sensing.c ****             break;
1194:Generated_Source\PSoC4/CapSense_Sensing.c ****         default:
1195:Generated_Source\PSoC4/CapSense_Sensing.c ****             newPinPcVal = CY_SYS_PINS_DM_STRONG;
1196:Generated_Source\PSoC4/CapSense_Sensing.c ****             newPinHsiomVal = CapSense_HSIOM_SEL_GPIO;
1197:Generated_Source\PSoC4/CapSense_Sensing.c ****             break;
1198:Generated_Source\PSoC4/CapSense_Sensing.c ****     }
1199:Generated_Source\PSoC4/CapSense_Sensing.c **** 
1200:Generated_Source\PSoC4/CapSense_Sensing.c ****     /* Loop through all electrodes */
1201:Generated_Source\PSoC4/CapSense_Sensing.c ****     snsIoPtr = &CapSense_ioList[0u];
1202:Generated_Source\PSoC4/CapSense_Sensing.c ****     for (loopIndex = 0u; loopIndex < CapSense_TOTAL_ELECTRODES; loopIndex++)
1203:Generated_Source\PSoC4/CapSense_Sensing.c ****     {
1204:Generated_Source\PSoC4/CapSense_Sensing.c ****         interruptState = CyEnterCriticalSection();
1205:Generated_Source\PSoC4/CapSense_Sensing.c **** 
1206:Generated_Source\PSoC4/CapSense_Sensing.c ****         tmpHsiomRegValue = CY_GET_REG32 (snsIoPtr->hsiomPtr);
1207:Generated_Source\PSoC4/CapSense_Sensing.c ****         tmpHsiomRegValue &= ~(snsIoPtr->hsiomMask);
1208:Generated_Source\PSoC4/CapSense_Sensing.c ****         CY_SET_REG32 (snsIoPtr->hsiomPtr, tmpHsiomRegValue);
1209:Generated_Source\PSoC4/CapSense_Sensing.c **** 
1210:Generated_Source\PSoC4/CapSense_Sensing.c ****         tmpPcDrRegValue = CY_GET_REG32 (snsIoPtr->pcPtr);
1211:Generated_Source\PSoC4/CapSense_Sensing.c ****         tmpPcDrRegValue &= ~(CapSense_GPIO_PC_MASK << snsIoPtr->shift);
1212:Generated_Source\PSoC4/CapSense_Sensing.c ****         tmpPcDrRegValue |=  (newPinPcVal << snsIoPtr->shift);
1213:Generated_Source\PSoC4/CapSense_Sensing.c ****         CY_SET_REG32 (snsIoPtr->pcPtr, tmpPcDrRegValue);
1214:Generated_Source\PSoC4/CapSense_Sensing.c **** 
1215:Generated_Source\PSoC4/CapSense_Sensing.c ****         tmpHsiomRegValue |=  (newPinHsiomVal << snsIoPtr->hsiomShift);
1216:Generated_Source\PSoC4/CapSense_Sensing.c ****         CY_SET_REG32 (snsIoPtr->hsiomPtr, tmpHsiomRegValue);
1217:Generated_Source\PSoC4/CapSense_Sensing.c **** 
1218:Generated_Source\PSoC4/CapSense_Sensing.c ****         tmpPcDrRegValue = CY_GET_REG32 (snsIoPtr->drPtr);
1219:Generated_Source\PSoC4/CapSense_Sensing.c ****         tmpPcDrRegValue &= ~(snsIoPtr->mask);
1220:Generated_Source\PSoC4/CapSense_Sensing.c ****         CY_SET_REG32 (snsIoPtr->drPtr, tmpPcDrRegValue);
1221:Generated_Source\PSoC4/CapSense_Sensing.c **** 
1222:Generated_Source\PSoC4/CapSense_Sensing.c ****         CyExitCriticalSection(interruptState);
1223:Generated_Source\PSoC4/CapSense_Sensing.c **** 
1224:Generated_Source\PSoC4/CapSense_Sensing.c ****         /* Get next electrode */
1225:Generated_Source\PSoC4/CapSense_Sensing.c ****         snsIoPtr++;
1226:Generated_Source\PSoC4/CapSense_Sensing.c ****     }
1227:Generated_Source\PSoC4/CapSense_Sensing.c **** 
ARM GAS  C:\Users\ADSTRU~1\AppData\Local\Temp\ccEcZ2Z6.s 			page 23


1228:Generated_Source\PSoC4/CapSense_Sensing.c ****     #if ((CapSense_ENABLE == CapSense_CSD_EN) &&\
1229:Generated_Source\PSoC4/CapSense_Sensing.c ****          (CapSense_ENABLE == CapSense_CSD_SHIELD_EN) &&\
1230:Generated_Source\PSoC4/CapSense_Sensing.c ****          (0u != CapSense_CSD_TOTAL_SHIELD_COUNT))
1231:Generated_Source\PSoC4/CapSense_Sensing.c ****         CapSense_SsCSDSetShieldElectrodesState(state);
1232:Generated_Source\PSoC4/CapSense_Sensing.c ****     #endif
1233:Generated_Source\PSoC4/CapSense_Sensing.c **** 
1234:Generated_Source\PSoC4/CapSense_Sensing.c ****     #if(CapSense_ENABLE == CapSense_ADC_EN)
1235:Generated_Source\PSoC4/CapSense_Sensing.c ****         CapSense_ClearAdcChannels();
1236:Generated_Source\PSoC4/CapSense_Sensing.c ****     #endif
1237:Generated_Source\PSoC4/CapSense_Sensing.c **** 
1238:Generated_Source\PSoC4/CapSense_Sensing.c **** }
1239:Generated_Source\PSoC4/CapSense_Sensing.c **** 
1240:Generated_Source\PSoC4/CapSense_Sensing.c **** #if (CapSense_ENABLE == CapSense_ADC_EN)
1241:Generated_Source\PSoC4/CapSense_Sensing.c **** /*******************************************************************************
1242:Generated_Source\PSoC4/CapSense_Sensing.c **** * Function Name: CapSense_SsReleaseResources()
1243:Generated_Source\PSoC4/CapSense_Sensing.c **** ****************************************************************************//**
1244:Generated_Source\PSoC4/CapSense_Sensing.c **** *
1245:Generated_Source\PSoC4/CapSense_Sensing.c **** * \brief
1246:Generated_Source\PSoC4/CapSense_Sensing.c **** *  This function sets the resources that do not belong to the sensing HW block to
1247:Generated_Source\PSoC4/CapSense_Sensing.c **** *  default state.
1248:Generated_Source\PSoC4/CapSense_Sensing.c **** *
1249:Generated_Source\PSoC4/CapSense_Sensing.c **** * \details
1250:Generated_Source\PSoC4/CapSense_Sensing.c **** *  The function performs following tasks:
1251:Generated_Source\PSoC4/CapSense_Sensing.c **** *  1. Checks if CSD block busy and returns error if it is busy
1252:Generated_Source\PSoC4/CapSense_Sensing.c **** *  2. Disconnects integration capacitors (CintA, CintB for CSX mode and
1253:Generated_Source\PSoC4/CapSense_Sensing.c **** *     Cmod for CSD mode)
1254:Generated_Source\PSoC4/CapSense_Sensing.c **** *  3. Disconnect electroded if they have been connected.
1255:Generated_Source\PSoC4/CapSense_Sensing.c **** *
1256:Generated_Source\PSoC4/CapSense_Sensing.c **** * \return
1257:Generated_Source\PSoC4/CapSense_Sensing.c **** *  Returns the status of the operation:
1258:Generated_Source\PSoC4/CapSense_Sensing.c **** *  - Zero        - Resources released successfully.
1259:Generated_Source\PSoC4/CapSense_Sensing.c **** *  - Non-zero    - One or more errors occurred in releasing process.
1260:Generated_Source\PSoC4/CapSense_Sensing.c **** *
1261:Generated_Source\PSoC4/CapSense_Sensing.c **** *******************************************************************************/
1262:Generated_Source\PSoC4/CapSense_Sensing.c **** cystatus CapSense_SsReleaseResources(void)
1263:Generated_Source\PSoC4/CapSense_Sensing.c **** {
1264:Generated_Source\PSoC4/CapSense_Sensing.c ****     cystatus busyStatus = CYRET_SUCCESS;
1265:Generated_Source\PSoC4/CapSense_Sensing.c **** 
1266:Generated_Source\PSoC4/CapSense_Sensing.c ****     if (CapSense_SW_STS_BUSY == (CapSense_dsRam.status & CapSense_SW_STS_BUSY))
1267:Generated_Source\PSoC4/CapSense_Sensing.c ****     {
1268:Generated_Source\PSoC4/CapSense_Sensing.c ****         /* Previous widget is being scanned. Return error. */
1269:Generated_Source\PSoC4/CapSense_Sensing.c ****         busyStatus = CYRET_INVALID_STATE;
1270:Generated_Source\PSoC4/CapSense_Sensing.c ****     }
1271:Generated_Source\PSoC4/CapSense_Sensing.c ****     else
1272:Generated_Source\PSoC4/CapSense_Sensing.c ****     {
1273:Generated_Source\PSoC4/CapSense_Sensing.c ****         #if (CapSense_ENABLE == CapSense_CSX_EN)
1274:Generated_Source\PSoC4/CapSense_Sensing.c ****             CapSense_SsDisableCSXMode();
1275:Generated_Source\PSoC4/CapSense_Sensing.c ****         #endif /* (CapSense_ENABLE == CapSense_CSX_EN) */
1276:Generated_Source\PSoC4/CapSense_Sensing.c **** 
1277:Generated_Source\PSoC4/CapSense_Sensing.c ****         #if (CapSense_ENABLE == CapSense_ISX_EN)
1278:Generated_Source\PSoC4/CapSense_Sensing.c ****             CapSense_SsDisableISXMode();
1279:Generated_Source\PSoC4/CapSense_Sensing.c ****         #endif /* (CapSense_ENABLE == CapSense_ISX_EN) */
1280:Generated_Source\PSoC4/CapSense_Sensing.c **** 
1281:Generated_Source\PSoC4/CapSense_Sensing.c ****         #if (CapSense_ENABLE == CapSense_CSD_EN)
1282:Generated_Source\PSoC4/CapSense_Sensing.c ****             CapSense_SsCSDDisableMode();
1283:Generated_Source\PSoC4/CapSense_Sensing.c ****         #endif /* (CapSense_ENABLE == CapSense_CSD_EN) */
1284:Generated_Source\PSoC4/CapSense_Sensing.c **** 
ARM GAS  C:\Users\ADSTRU~1\AppData\Local\Temp\ccEcZ2Z6.s 			page 24


1285:Generated_Source\PSoC4/CapSense_Sensing.c ****         #if (CapSense_ENABLE == CapSense_SELF_TEST_EN)
1286:Generated_Source\PSoC4/CapSense_Sensing.c ****             CapSense_BistDisableMode();
1287:Generated_Source\PSoC4/CapSense_Sensing.c ****         #endif /* (CapSense_ENABLE == CapSense_SELF_TEST_EN) */
1288:Generated_Source\PSoC4/CapSense_Sensing.c **** 
1289:Generated_Source\PSoC4/CapSense_Sensing.c ****         CapSense_SsSetAllIOsState((uint32)CapSense_SNS_CONNECTION_GROUND);
1290:Generated_Source\PSoC4/CapSense_Sensing.c **** 
1291:Generated_Source\PSoC4/CapSense_Sensing.c ****         /*
1292:Generated_Source\PSoC4/CapSense_Sensing.c ****          * Reset of the currentSenseMethod variable to make sure that the next
1293:Generated_Source\PSoC4/CapSense_Sensing.c ****          * call of SetupWidget() API setups the correct widget mode
1294:Generated_Source\PSoC4/CapSense_Sensing.c ****          */
1295:Generated_Source\PSoC4/CapSense_Sensing.c ****         CapSense_currentSenseMethod = CapSense_UNDEFINED_E;
1296:Generated_Source\PSoC4/CapSense_Sensing.c ****     }
1297:Generated_Source\PSoC4/CapSense_Sensing.c **** 
1298:Generated_Source\PSoC4/CapSense_Sensing.c ****     return busyStatus;
1299:Generated_Source\PSoC4/CapSense_Sensing.c **** }
1300:Generated_Source\PSoC4/CapSense_Sensing.c **** #endif /* (CapSense_ENABLE == CapSense_ADC_EN) */
1301:Generated_Source\PSoC4/CapSense_Sensing.c **** 
1302:Generated_Source\PSoC4/CapSense_Sensing.c **** 
1303:Generated_Source\PSoC4/CapSense_Sensing.c **** /*******************************************************************************
1304:Generated_Source\PSoC4/CapSense_Sensing.c **** * Function Name: CapSense_SsPostAllWidgetsScan
1305:Generated_Source\PSoC4/CapSense_Sensing.c **** ****************************************************************************//**
1306:Generated_Source\PSoC4/CapSense_Sensing.c **** *
1307:Generated_Source\PSoC4/CapSense_Sensing.c **** * \brief
1308:Generated_Source\PSoC4/CapSense_Sensing.c **** *  The ISR function for multiple widget scanning implementation.
1309:Generated_Source\PSoC4/CapSense_Sensing.c **** *
1310:Generated_Source\PSoC4/CapSense_Sensing.c **** * \details
1311:Generated_Source\PSoC4/CapSense_Sensing.c **** *  This is the function used by the CapSense ISR to implement multiple widget
1312:Generated_Source\PSoC4/CapSense_Sensing.c **** *  scanning.
1313:Generated_Source\PSoC4/CapSense_Sensing.c **** *  Should not be used by the application layer.
1314:Generated_Source\PSoC4/CapSense_Sensing.c **** *
1315:Generated_Source\PSoC4/CapSense_Sensing.c **** *******************************************************************************/
1316:Generated_Source\PSoC4/CapSense_Sensing.c **** void CapSense_SsPostAllWidgetsScan(void)
1317:Generated_Source\PSoC4/CapSense_Sensing.c **** {
1318:Generated_Source\PSoC4/CapSense_Sensing.c ****     /*
1319:Generated_Source\PSoC4/CapSense_Sensing.c ****     *  1. Increment widget index
1320:Generated_Source\PSoC4/CapSense_Sensing.c ****     *  2. Check if all the widgets are scanned
1321:Generated_Source\PSoC4/CapSense_Sensing.c ****     *  3. If all the widgets are not scanned, set up and scan next widget
1322:Generated_Source\PSoC4/CapSense_Sensing.c ****     */
1323:Generated_Source\PSoC4/CapSense_Sensing.c ****     #if (1u != CapSense_TOTAL_WIDGETS)
1324:Generated_Source\PSoC4/CapSense_Sensing.c ****         cystatus postScanStatus;
1325:Generated_Source\PSoC4/CapSense_Sensing.c **** 
1326:Generated_Source\PSoC4/CapSense_Sensing.c ****         do
1327:Generated_Source\PSoC4/CapSense_Sensing.c ****         {
1328:Generated_Source\PSoC4/CapSense_Sensing.c ****             CapSense_widgetIndex++;
1329:Generated_Source\PSoC4/CapSense_Sensing.c **** 
1330:Generated_Source\PSoC4/CapSense_Sensing.c ****             postScanStatus = CapSense_SetupWidget((uint32)CapSense_widgetIndex);
1331:Generated_Source\PSoC4/CapSense_Sensing.c **** 
1332:Generated_Source\PSoC4/CapSense_Sensing.c ****             if (CYRET_SUCCESS == postScanStatus)
1333:Generated_Source\PSoC4/CapSense_Sensing.c ****             {
1334:Generated_Source\PSoC4/CapSense_Sensing.c ****                 if((CapSense_TOTAL_WIDGETS - 1u) == CapSense_widgetIndex)
1335:Generated_Source\PSoC4/CapSense_Sensing.c ****                 {
1336:Generated_Source\PSoC4/CapSense_Sensing.c ****                     /* The last widget will be scanned. Reset flag to skip configuring the next wid
1337:Generated_Source\PSoC4/CapSense_Sensing.c ****                     CapSense_requestScanAllWidget = CapSense_DISABLE;
1338:Generated_Source\PSoC4/CapSense_Sensing.c ****                 }
1339:Generated_Source\PSoC4/CapSense_Sensing.c ****                 (void)CapSense_Scan();
1340:Generated_Source\PSoC4/CapSense_Sensing.c ****             }
1341:Generated_Source\PSoC4/CapSense_Sensing.c ****             else if((CapSense_TOTAL_WIDGETS - 1u) == CapSense_widgetIndex)
ARM GAS  C:\Users\ADSTRU~1\AppData\Local\Temp\ccEcZ2Z6.s 			page 25


1342:Generated_Source\PSoC4/CapSense_Sensing.c ****             {
1343:Generated_Source\PSoC4/CapSense_Sensing.c ****                 #if ((CapSense_ENABLE == CapSense_BLOCK_OFF_AFTER_SCAN_EN) && \
1344:Generated_Source\PSoC4/CapSense_Sensing.c ****                      (CapSense_ENABLE == CapSense_CSD_EN))
1345:Generated_Source\PSoC4/CapSense_Sensing.c ****                     if (CapSense_SENSE_METHOD_CSD_E ==
1346:Generated_Source\PSoC4/CapSense_Sensing.c ****                         CapSense_GET_SENSE_METHOD(&CapSense_dsFlash.wdgtArray[CapSense_widgetIndex]
1347:Generated_Source\PSoC4/CapSense_Sensing.c ****                     {
1348:Generated_Source\PSoC4/CapSense_Sensing.c ****                         /* Disable the CSD block */
1349:Generated_Source\PSoC4/CapSense_Sensing.c ****                         CY_SET_REG32(CapSense_CONFIG_PTR, CapSense_configCsd);
1350:Generated_Source\PSoC4/CapSense_Sensing.c ****                     }
1351:Generated_Source\PSoC4/CapSense_Sensing.c ****                 #endif /* ((CapSense_ENABLE == CapSense_BLOCK_OFF_AFTER_SCAN_EN) && \
1352:Generated_Source\PSoC4/CapSense_Sensing.c ****                            (CapSense_ENABLE == CapSense_CSD_EN)) */
1353:Generated_Source\PSoC4/CapSense_Sensing.c **** 
1354:Generated_Source\PSoC4/CapSense_Sensing.c ****                 /* Update scan Counter */
1355:Generated_Source\PSoC4/CapSense_Sensing.c ****                 CapSense_dsRam.scanCounter++;
1356:Generated_Source\PSoC4/CapSense_Sensing.c ****                 /* All widgets are totally processed. Reset BUSY flag */
1357:Generated_Source\PSoC4/CapSense_Sensing.c ****                 CapSense_dsRam.status &= ~CapSense_SW_STS_BUSY;
1358:Generated_Source\PSoC4/CapSense_Sensing.c **** 
1359:Generated_Source\PSoC4/CapSense_Sensing.c ****                 /* Update status with with the failure */
1360:Generated_Source\PSoC4/CapSense_Sensing.c ****                 CapSense_dsRam.status &= ~CapSense_STATUS_ERR_MASK;
1361:Generated_Source\PSoC4/CapSense_Sensing.c ****                 CapSense_dsRam.status |= ((postScanStatus & CapSense_STATUS_ERR_SIZE) << CapSense_S
1362:Generated_Source\PSoC4/CapSense_Sensing.c **** 
1363:Generated_Source\PSoC4/CapSense_Sensing.c ****                 /* Set postScanStatus to exit the while loop */
1364:Generated_Source\PSoC4/CapSense_Sensing.c ****                 postScanStatus = CYRET_SUCCESS;
1365:Generated_Source\PSoC4/CapSense_Sensing.c ****             }
1366:Generated_Source\PSoC4/CapSense_Sensing.c ****             else
1367:Generated_Source\PSoC4/CapSense_Sensing.c ****             {
1368:Generated_Source\PSoC4/CapSense_Sensing.c ****                 /* Update status with with the failure. Configure the next widget in while() loop *
1369:Generated_Source\PSoC4/CapSense_Sensing.c ****                 CapSense_dsRam.status &= ~CapSense_STATUS_ERR_MASK;
1370:Generated_Source\PSoC4/CapSense_Sensing.c ****                 CapSense_dsRam.status |= ((postScanStatus & CapSense_STATUS_ERR_SIZE) << CapSense_S
1371:Generated_Source\PSoC4/CapSense_Sensing.c ****             }
1372:Generated_Source\PSoC4/CapSense_Sensing.c ****         } while (CYRET_SUCCESS != postScanStatus);
1373:Generated_Source\PSoC4/CapSense_Sensing.c ****     #endif /* (1u != CapSense_TOTAL_WIDGETS) */
1374:Generated_Source\PSoC4/CapSense_Sensing.c **** }
1375:Generated_Source\PSoC4/CapSense_Sensing.c **** 
1376:Generated_Source\PSoC4/CapSense_Sensing.c **** 
1377:Generated_Source\PSoC4/CapSense_Sensing.c **** /*******************************************************************************
1378:Generated_Source\PSoC4/CapSense_Sensing.c **** * Function Name: CapSense_SsIsrInitialize
1379:Generated_Source\PSoC4/CapSense_Sensing.c **** ****************************************************************************//**
1380:Generated_Source\PSoC4/CapSense_Sensing.c **** *
1381:Generated_Source\PSoC4/CapSense_Sensing.c **** * \brief
1382:Generated_Source\PSoC4/CapSense_Sensing.c **** *  Enables and initializes for the function pointer for a callback for the ISR.
1383:Generated_Source\PSoC4/CapSense_Sensing.c **** *
1384:Generated_Source\PSoC4/CapSense_Sensing.c **** * \details
1385:Generated_Source\PSoC4/CapSense_Sensing.c **** *  The "address" is a special type cyisraddress defined by Cylib. This function
1386:Generated_Source\PSoC4/CapSense_Sensing.c **** *  is used by Component APIs and should not be used by an application program for
1387:Generated_Source\PSoC4/CapSense_Sensing.c **** *  proper working of the Component.
1388:Generated_Source\PSoC4/CapSense_Sensing.c **** *
1389:Generated_Source\PSoC4/CapSense_Sensing.c **** * \param address
1390:Generated_Source\PSoC4/CapSense_Sensing.c **** *  The address of the function to be called when interrupt is fired.
1391:Generated_Source\PSoC4/CapSense_Sensing.c **** *
1392:Generated_Source\PSoC4/CapSense_Sensing.c **** *******************************************************************************/
1393:Generated_Source\PSoC4/CapSense_Sensing.c **** void CapSense_SsIsrInitialize(cyisraddress address)
1394:Generated_Source\PSoC4/CapSense_Sensing.c **** {
1395:Generated_Source\PSoC4/CapSense_Sensing.c ****     CapSense_ISR_StartEx(address);
1396:Generated_Source\PSoC4/CapSense_Sensing.c **** }
1397:Generated_Source\PSoC4/CapSense_Sensing.c **** 
1398:Generated_Source\PSoC4/CapSense_Sensing.c **** 
ARM GAS  C:\Users\ADSTRU~1\AppData\Local\Temp\ccEcZ2Z6.s 			page 26


1399:Generated_Source\PSoC4/CapSense_Sensing.c **** /*******************************************************************************
1400:Generated_Source\PSoC4/CapSense_Sensing.c **** * Function Name: CapSense_SsSetModClkClockDivider
1401:Generated_Source\PSoC4/CapSense_Sensing.c **** ****************************************************************************//**
1402:Generated_Source\PSoC4/CapSense_Sensing.c **** *
1403:Generated_Source\PSoC4/CapSense_Sensing.c **** * \brief
1404:Generated_Source\PSoC4/CapSense_Sensing.c **** *  Sets the divider values for the modulator clock and then starts
1405:Generated_Source\PSoC4/CapSense_Sensing.c **** *  the modulator clock.
1406:Generated_Source\PSoC4/CapSense_Sensing.c **** *
1407:Generated_Source\PSoC4/CapSense_Sensing.c **** * \details
1408:Generated_Source\PSoC4/CapSense_Sensing.c **** *  It is not recommended to call this function directly by the application layer.
1409:Generated_Source\PSoC4/CapSense_Sensing.c **** *  It is used by initialization, widget APIs or wakeup functions to
1410:Generated_Source\PSoC4/CapSense_Sensing.c **** *  enable the clocks.
1411:Generated_Source\PSoC4/CapSense_Sensing.c **** *
1412:Generated_Source\PSoC4/CapSense_Sensing.c **** * \param modClk
1413:Generated_Source\PSoC4/CapSense_Sensing.c **** *  The divider value for the modulator clock.
1414:Generated_Source\PSoC4/CapSense_Sensing.c **** *
1415:Generated_Source\PSoC4/CapSense_Sensing.c **** *******************************************************************************/
1416:Generated_Source\PSoC4/CapSense_Sensing.c **** void CapSense_SsSetModClkClockDivider(uint32 modClk)
1417:Generated_Source\PSoC4/CapSense_Sensing.c **** {
1418:Generated_Source\PSoC4/CapSense_Sensing.c **** #if (CapSense_ENABLE == CapSense_IS_M0S8PERI_BLOCK)
1419:Generated_Source\PSoC4/CapSense_Sensing.c ****     /* Stop modulator clock */
1420:Generated_Source\PSoC4/CapSense_Sensing.c ****     CY_SET_REG32(CapSense_MODCLK_CMD_PTR,
1421:Generated_Source\PSoC4/CapSense_Sensing.c ****                  ((uint32)CapSense_ModClk__DIV_ID <<
1422:Generated_Source\PSoC4/CapSense_Sensing.c ****                  CapSense_MODCLK_CMD_DIV_SHIFT)|
1423:Generated_Source\PSoC4/CapSense_Sensing.c ****                  ((uint32)CapSense_MODCLK_CMD_DISABLE_MASK));
1424:Generated_Source\PSoC4/CapSense_Sensing.c **** 
1425:Generated_Source\PSoC4/CapSense_Sensing.c ****     /*
1426:Generated_Source\PSoC4/CapSense_Sensing.c ****      * Set divider value for sense modClk.
1427:Generated_Source\PSoC4/CapSense_Sensing.c ****      * 1u is subtracted from modClk because Divider register value 0 corresponds
1428:Generated_Source\PSoC4/CapSense_Sensing.c ****      * to dividing by 1.
1429:Generated_Source\PSoC4/CapSense_Sensing.c ****      */
1430:Generated_Source\PSoC4/CapSense_Sensing.c ****     CY_SET_REG32(CapSense_MODCLK_DIV_PTR, ((modClk - 1u) << 8u));
1431:Generated_Source\PSoC4/CapSense_Sensing.c **** 
1432:Generated_Source\PSoC4/CapSense_Sensing.c ****     /* Check whether previous modulator clock start command has finished. */
1433:Generated_Source\PSoC4/CapSense_Sensing.c ****     while(0u != (CY_GET_REG32(CapSense_MODCLK_CMD_PTR) & CapSense_MODCLK_CMD_ENABLE_MASK))
1434:Generated_Source\PSoC4/CapSense_Sensing.c ****     {
1435:Generated_Source\PSoC4/CapSense_Sensing.c ****         /* Wait until previous modulator clock start command has finished */
1436:Generated_Source\PSoC4/CapSense_Sensing.c ****     }
1437:Generated_Source\PSoC4/CapSense_Sensing.c **** 
1438:Generated_Source\PSoC4/CapSense_Sensing.c ****     /* Start modulator clock, aligned to HFCLK */
1439:Generated_Source\PSoC4/CapSense_Sensing.c ****     CY_SET_REG32(CapSense_MODCLK_CMD_PTR,
1440:Generated_Source\PSoC4/CapSense_Sensing.c ****                  (uint32)(((uint32)CapSense_ModClk__DIV_ID << CapSense_MODCLK_CMD_DIV_SHIFT) |
1441:Generated_Source\PSoC4/CapSense_Sensing.c ****                   ((uint32)CapSense_ModClk__PA_DIV_ID << CapSense_MODCLK_CMD_PA_DIV_SHIFT) |
1442:Generated_Source\PSoC4/CapSense_Sensing.c ****                   CapSense_MODCLK_CMD_ENABLE_MASK));
1443:Generated_Source\PSoC4/CapSense_Sensing.c **** #else
1444:Generated_Source\PSoC4/CapSense_Sensing.c ****     uint32 newRegValue;
1445:Generated_Source\PSoC4/CapSense_Sensing.c **** 
1446:Generated_Source\PSoC4/CapSense_Sensing.c ****     /* Clear bit to disable ModClk clock. */
1447:Generated_Source\PSoC4/CapSense_Sensing.c ****     CY_SET_REG32(CapSense_MODCLK_CMD_PTR,
1448:Generated_Source\PSoC4/CapSense_Sensing.c ****                  CY_GET_REG32(CapSense_MODCLK_CMD_PTR) &
1449:Generated_Source\PSoC4/CapSense_Sensing.c ****                  (uint32)(~CapSense_ModClk__ENABLE_MASK));
1450:Generated_Source\PSoC4/CapSense_Sensing.c **** 
1451:Generated_Source\PSoC4/CapSense_Sensing.c ****     /*
1452:Generated_Source\PSoC4/CapSense_Sensing.c ****      * Update ModClk clock divider.
1453:Generated_Source\PSoC4/CapSense_Sensing.c ****      * 1u is subtracted from modClk because Divider register value has range (0-65535).
1454:Generated_Source\PSoC4/CapSense_Sensing.c ****      */
1455:Generated_Source\PSoC4/CapSense_Sensing.c ****     newRegValue = CY_GET_REG32(CapSense_MODCLK_DIV_PTR) & (uint32)(~(uint32)CapSense_ModClk__DIVIDE
ARM GAS  C:\Users\ADSTRU~1\AppData\Local\Temp\ccEcZ2Z6.s 			page 27


1456:Generated_Source\PSoC4/CapSense_Sensing.c ****     newRegValue |= (modClk - 1u);
1457:Generated_Source\PSoC4/CapSense_Sensing.c ****     CY_SET_REG32(CapSense_MODCLK_DIV_PTR, newRegValue);
1458:Generated_Source\PSoC4/CapSense_Sensing.c **** 
1459:Generated_Source\PSoC4/CapSense_Sensing.c ****     /* Set bit to enable ModClk clock. */
1460:Generated_Source\PSoC4/CapSense_Sensing.c ****     CY_SET_REG32(CapSense_MODCLK_CMD_PTR,
1461:Generated_Source\PSoC4/CapSense_Sensing.c ****                  CY_GET_REG32(CapSense_MODCLK_CMD_PTR) |
1462:Generated_Source\PSoC4/CapSense_Sensing.c ****                 CapSense_ModClk__ENABLE_MASK);
1463:Generated_Source\PSoC4/CapSense_Sensing.c **** #endif /* (CapSense_ENABLE == CapSense_IS_M0S8PERI_BLOCK) */
1464:Generated_Source\PSoC4/CapSense_Sensing.c **** }
1465:Generated_Source\PSoC4/CapSense_Sensing.c **** 
1466:Generated_Source\PSoC4/CapSense_Sensing.c **** 
1467:Generated_Source\PSoC4/CapSense_Sensing.c **** /*******************************************************************************
1468:Generated_Source\PSoC4/CapSense_Sensing.c **** * Function Name: CapSense_SsSetSnsClockDivider
1469:Generated_Source\PSoC4/CapSense_Sensing.c **** ****************************************************************************//**
1470:Generated_Source\PSoC4/CapSense_Sensing.c **** *
1471:Generated_Source\PSoC4/CapSense_Sensing.c **** * \brief
1472:Generated_Source\PSoC4/CapSense_Sensing.c **** *  Sets the divider values for the sense clock and then starts
1473:Generated_Source\PSoC4/CapSense_Sensing.c **** *  the sense clock.
1474:Generated_Source\PSoC4/CapSense_Sensing.c **** *
1475:Generated_Source\PSoC4/CapSense_Sensing.c **** * \details
1476:Generated_Source\PSoC4/CapSense_Sensing.c **** *  It is not recommended to call this function directly by the application layer.
1477:Generated_Source\PSoC4/CapSense_Sensing.c **** *  It is used by initialization, widget APIs or wakeup functions to
1478:Generated_Source\PSoC4/CapSense_Sensing.c **** *  enable the clocks.
1479:Generated_Source\PSoC4/CapSense_Sensing.c **** *
1480:Generated_Source\PSoC4/CapSense_Sensing.c **** * \param
1481:Generated_Source\PSoC4/CapSense_Sensing.c **** *  snsClk The divider value for the sense clock.
1482:Generated_Source\PSoC4/CapSense_Sensing.c **** *
1483:Generated_Source\PSoC4/CapSense_Sensing.c **** *******************************************************************************/
1484:Generated_Source\PSoC4/CapSense_Sensing.c **** void CapSense_SsSetSnsClockDivider(uint32 snsClk)
1485:Generated_Source\PSoC4/CapSense_Sensing.c **** {
1486:Generated_Source\PSoC4/CapSense_Sensing.c **** #if (CapSense_ENABLE == CapSense_CSDV2)
1487:Generated_Source\PSoC4/CapSense_Sensing.c ****     uint32 newRegValue;
1488:Generated_Source\PSoC4/CapSense_Sensing.c **** 
1489:Generated_Source\PSoC4/CapSense_Sensing.c ****     /*
1490:Generated_Source\PSoC4/CapSense_Sensing.c ****      * Set divider value for sense clock.
1491:Generated_Source\PSoC4/CapSense_Sensing.c ****      * 1u is subtracted from snsClk because SENSE_DIV value 0 corresponds
1492:Generated_Source\PSoC4/CapSense_Sensing.c ****      * to dividing by 1.
1493:Generated_Source\PSoC4/CapSense_Sensing.c ****      */
1494:Generated_Source\PSoC4/CapSense_Sensing.c ****     newRegValue = CY_GET_REG32(CapSense_SENSE_PERIOD_PTR);
1495:Generated_Source\PSoC4/CapSense_Sensing.c ****     newRegValue &= (uint32)(~CapSense_SENSE_PERIOD_SENSE_DIV_MASK);
1496:Generated_Source\PSoC4/CapSense_Sensing.c ****     newRegValue |= snsClk - 1u;
1497:Generated_Source\PSoC4/CapSense_Sensing.c ****     CY_SET_REG32(CapSense_SENSE_PERIOD_PTR, newRegValue);
1498:Generated_Source\PSoC4/CapSense_Sensing.c **** #else
1499:Generated_Source\PSoC4/CapSense_Sensing.c ****     #if (CapSense_ENABLE == CapSense_IS_M0S8PERI_BLOCK)
1500:Generated_Source\PSoC4/CapSense_Sensing.c ****         /* Stop sense clock clock   */
1501:Generated_Source\PSoC4/CapSense_Sensing.c ****         CY_SET_REG32(CapSense_SNSCLK_CMD_PTR,
1502:Generated_Source\PSoC4/CapSense_Sensing.c ****                      ((uint32)CapSense_SnsClk__DIV_ID <<
1503:Generated_Source\PSoC4/CapSense_Sensing.c ****                      CapSense_SNSCLK_CMD_DIV_SHIFT)|
1504:Generated_Source\PSoC4/CapSense_Sensing.c ****                      ((uint32)CapSense_SNSCLK_CMD_DISABLE_MASK));
1505:Generated_Source\PSoC4/CapSense_Sensing.c **** 
1506:Generated_Source\PSoC4/CapSense_Sensing.c ****         /*
1507:Generated_Source\PSoC4/CapSense_Sensing.c ****          * Set divider value for sense clock.
1508:Generated_Source\PSoC4/CapSense_Sensing.c ****          * 1u is subtracted from snsClk because Divider register value 0 corresponds
1509:Generated_Source\PSoC4/CapSense_Sensing.c ****          * to dividing by 1.
1510:Generated_Source\PSoC4/CapSense_Sensing.c ****          */
1511:Generated_Source\PSoC4/CapSense_Sensing.c ****         CY_SET_REG32(CapSense_SNSCLK_DIV_PTR, ((snsClk - 1u) << 8u));
1512:Generated_Source\PSoC4/CapSense_Sensing.c **** 
ARM GAS  C:\Users\ADSTRU~1\AppData\Local\Temp\ccEcZ2Z6.s 			page 28


1513:Generated_Source\PSoC4/CapSense_Sensing.c ****         /* Check whether previous sense clock start command has finished. */
1514:Generated_Source\PSoC4/CapSense_Sensing.c ****         while(0u != (CY_GET_REG32(CapSense_SNSCLK_CMD_PTR) & CapSense_SNSCLK_CMD_ENABLE_MASK))
1515:Generated_Source\PSoC4/CapSense_Sensing.c ****         {
1516:Generated_Source\PSoC4/CapSense_Sensing.c ****             /* Wait until previous sense clock start command has finished. */
1517:Generated_Source\PSoC4/CapSense_Sensing.c ****         }
1518:Generated_Source\PSoC4/CapSense_Sensing.c **** 
1519:Generated_Source\PSoC4/CapSense_Sensing.c ****         /* Start sense clock aligned to previously started modulator clock. */
1520:Generated_Source\PSoC4/CapSense_Sensing.c ****         CY_SET_REG32(CapSense_SNSCLK_CMD_PTR,
1521:Generated_Source\PSoC4/CapSense_Sensing.c ****                      (uint32)(((uint32)CapSense_SnsClk__DIV_ID << CapSense_SNSCLK_CMD_DIV_SHIFT) |
1522:Generated_Source\PSoC4/CapSense_Sensing.c ****                       ((uint32)CapSense_ModClk__PA_DIV_ID << CapSense_SNSCLK_CMD_PA_DIV_SHIFT) |
1523:Generated_Source\PSoC4/CapSense_Sensing.c ****                       CapSense_SNSCLK_CMD_ENABLE_MASK));
1524:Generated_Source\PSoC4/CapSense_Sensing.c ****     #else
1525:Generated_Source\PSoC4/CapSense_Sensing.c ****         uint32 newRegValue;
1526:Generated_Source\PSoC4/CapSense_Sensing.c **** 
1527:Generated_Source\PSoC4/CapSense_Sensing.c ****         /* Clear bit to disable SnsClk clock. */
1528:Generated_Source\PSoC4/CapSense_Sensing.c ****         CY_SET_REG32(CapSense_SNSCLK_CMD_PTR,
1529:Generated_Source\PSoC4/CapSense_Sensing.c ****                      CY_GET_REG32(CapSense_SNSCLK_CMD_PTR) &
1530:Generated_Source\PSoC4/CapSense_Sensing.c ****                      (uint32)(~(uint32)CapSense_SnsClk__ENABLE_MASK));
1531:Generated_Source\PSoC4/CapSense_Sensing.c **** 
1532:Generated_Source\PSoC4/CapSense_Sensing.c ****         /*
1533:Generated_Source\PSoC4/CapSense_Sensing.c ****          * Update snsClk clock divider.
1534:Generated_Source\PSoC4/CapSense_Sensing.c ****          * 1u is subtracted from snsClk because Divider register value has range (0-65535).
1535:Generated_Source\PSoC4/CapSense_Sensing.c ****          */
1536:Generated_Source\PSoC4/CapSense_Sensing.c ****         newRegValue = CY_GET_REG32(CapSense_SNSCLK_DIV_PTR) & (uint32)(~(uint32)CapSense_SnsClk__DI
1537:Generated_Source\PSoC4/CapSense_Sensing.c ****         newRegValue |= (snsClk - 1u);
1538:Generated_Source\PSoC4/CapSense_Sensing.c ****         CY_SET_REG32(CapSense_SNSCLK_DIV_PTR, newRegValue);
1539:Generated_Source\PSoC4/CapSense_Sensing.c **** 
1540:Generated_Source\PSoC4/CapSense_Sensing.c ****         /* Set bit to enable SnsClk clock. */
1541:Generated_Source\PSoC4/CapSense_Sensing.c ****         CY_SET_REG32(CapSense_SNSCLK_CMD_PTR,
1542:Generated_Source\PSoC4/CapSense_Sensing.c ****                      CY_GET_REG32(CapSense_SNSCLK_CMD_PTR) |
1543:Generated_Source\PSoC4/CapSense_Sensing.c ****                     CapSense_SnsClk__ENABLE_MASK);
1544:Generated_Source\PSoC4/CapSense_Sensing.c ****     #endif /* (CapSense_ENABLE == CapSense_IS_M0S8PERI_BLOCK) */
1545:Generated_Source\PSoC4/CapSense_Sensing.c **** #endif /* (CapSense_ENABLE == CapSense_CSDV2) */
1546:Generated_Source\PSoC4/CapSense_Sensing.c **** }
1547:Generated_Source\PSoC4/CapSense_Sensing.c **** 
1548:Generated_Source\PSoC4/CapSense_Sensing.c **** 
1549:Generated_Source\PSoC4/CapSense_Sensing.c **** /*******************************************************************************
1550:Generated_Source\PSoC4/CapSense_Sensing.c **** * Function Name: CapSense_SsSetClockDividers
1551:Generated_Source\PSoC4/CapSense_Sensing.c **** ****************************************************************************//**
1552:Generated_Source\PSoC4/CapSense_Sensing.c **** *
1553:Generated_Source\PSoC4/CapSense_Sensing.c **** * \brief
1554:Generated_Source\PSoC4/CapSense_Sensing.c **** *  Sets the divider values for sense and modulator clocks and then starts
1555:Generated_Source\PSoC4/CapSense_Sensing.c **** *  a modulator clock-phase aligned to HFCLK and sense clock-phase aligned to
1556:Generated_Source\PSoC4/CapSense_Sensing.c **** *  the modulator clock.
1557:Generated_Source\PSoC4/CapSense_Sensing.c **** *
1558:Generated_Source\PSoC4/CapSense_Sensing.c **** * \details
1559:Generated_Source\PSoC4/CapSense_Sensing.c **** *  It is not recommended to call this function directly by the application layer.
1560:Generated_Source\PSoC4/CapSense_Sensing.c **** *  It is used by initialization, widget APIs or wakeup functions to
1561:Generated_Source\PSoC4/CapSense_Sensing.c **** *  enable the clocks.
1562:Generated_Source\PSoC4/CapSense_Sensing.c **** *
1563:Generated_Source\PSoC4/CapSense_Sensing.c **** * \param
1564:Generated_Source\PSoC4/CapSense_Sensing.c **** *  snsClk The divider value for the sense clock.
1565:Generated_Source\PSoC4/CapSense_Sensing.c **** *  modClk The divider value for the modulator clock.
1566:Generated_Source\PSoC4/CapSense_Sensing.c **** *
1567:Generated_Source\PSoC4/CapSense_Sensing.c **** *******************************************************************************/
1568:Generated_Source\PSoC4/CapSense_Sensing.c **** void CapSense_SsSetClockDividers(uint32 snsClk, uint32 modClk)
1569:Generated_Source\PSoC4/CapSense_Sensing.c **** {
ARM GAS  C:\Users\ADSTRU~1\AppData\Local\Temp\ccEcZ2Z6.s 			page 29


1570:Generated_Source\PSoC4/CapSense_Sensing.c ****     /* Configure Mod clock */
1571:Generated_Source\PSoC4/CapSense_Sensing.c ****     CapSense_SsSetModClkClockDivider(modClk);
1572:Generated_Source\PSoC4/CapSense_Sensing.c **** 
1573:Generated_Source\PSoC4/CapSense_Sensing.c ****     /* Configure Sns clock */
1574:Generated_Source\PSoC4/CapSense_Sensing.c ****     CapSense_SsSetSnsClockDivider(snsClk);
1575:Generated_Source\PSoC4/CapSense_Sensing.c **** }
1576:Generated_Source\PSoC4/CapSense_Sensing.c **** 
1577:Generated_Source\PSoC4/CapSense_Sensing.c **** 
1578:Generated_Source\PSoC4/CapSense_Sensing.c **** #if (CapSense_ANYMODE_AUTOCAL)
1579:Generated_Source\PSoC4/CapSense_Sensing.c ****     /*******************************************************************************
1580:Generated_Source\PSoC4/CapSense_Sensing.c ****     * Function Name: CapSense_CalibrateWidget
1581:Generated_Source\PSoC4/CapSense_Sensing.c ****     ****************************************************************************//**
1582:Generated_Source\PSoC4/CapSense_Sensing.c ****     *
1583:Generated_Source\PSoC4/CapSense_Sensing.c ****     * \brief
1584:Generated_Source\PSoC4/CapSense_Sensing.c ****     *  Calibrates the IDACs for all the sensors in the specified widget to the default
1585:Generated_Source\PSoC4/CapSense_Sensing.c ****     *  target, this function detects the sensing method used by the
1586:Generated_Source\PSoC4/CapSense_Sensing.c ****     *  widget prior to calibration.
1587:Generated_Source\PSoC4/CapSense_Sensing.c ****     *
1588:Generated_Source\PSoC4/CapSense_Sensing.c ****     * \details
1589:Generated_Source\PSoC4/CapSense_Sensing.c ****     *  This function performs exactly the same tasks as
1590:Generated_Source\PSoC4/CapSense_Sensing.c ****     *  CapSense_CalibrateAllWidgets, but only for a specified widget.
1591:Generated_Source\PSoC4/CapSense_Sensing.c ****     *  This function detects the sensing method used by the widgets and uses
1592:Generated_Source\PSoC4/CapSense_Sensing.c ****     *  the Enable compensation IDAC parameter.
1593:Generated_Source\PSoC4/CapSense_Sensing.c ****     *  \if SECTION_I_REP
1594:Generated_Source\PSoC4/CapSense_Sensing.c ****     *  For ISX mode, the frequency is also calibrated.
1595:Generated_Source\PSoC4/CapSense_Sensing.c ****     *  \endif
1596:Generated_Source\PSoC4/CapSense_Sensing.c ****     *
1597:Generated_Source\PSoC4/CapSense_Sensing.c ****     *  \if SECTION_C_LOW_LEVEL
1598:Generated_Source\PSoC4/CapSense_Sensing.c ****     *  This function is available when the CSD and/or CSX Enable IDAC
1599:Generated_Source\PSoC4/CapSense_Sensing.c ****     *  auto-calibration parameter is enabled.
1600:Generated_Source\PSoC4/CapSense_Sensing.c ****     *  \endif
1601:Generated_Source\PSoC4/CapSense_Sensing.c ****     *  \if SECTION_I_REP
1602:Generated_Source\PSoC4/CapSense_Sensing.c ****     *  This function is available when the ISX Enable auto-calibration parameter
1603:Generated_Source\PSoC4/CapSense_Sensing.c ****     *  is enabled.
1604:Generated_Source\PSoC4/CapSense_Sensing.c ****     *  \endif
1605:Generated_Source\PSoC4/CapSense_Sensing.c ****     *
1606:Generated_Source\PSoC4/CapSense_Sensing.c ****     * \param widgetId
1607:Generated_Source\PSoC4/CapSense_Sensing.c ****     *  Specifies the ID number of the widget to calibrate its raw count.
1608:Generated_Source\PSoC4/CapSense_Sensing.c ****     *  A macro for the widget ID can be found in the
1609:Generated_Source\PSoC4/CapSense_Sensing.c ****     *  CapSense Configuration header file defined as
1610:Generated_Source\PSoC4/CapSense_Sensing.c ****     *  CapSense_<WidgetName>_WDGT_ID.
1611:Generated_Source\PSoC4/CapSense_Sensing.c ****     *
1612:Generated_Source\PSoC4/CapSense_Sensing.c ****     * \return
1613:Generated_Source\PSoC4/CapSense_Sensing.c ****     *  Returns the status of the specified widget calibration:
1614:Generated_Source\PSoC4/CapSense_Sensing.c ****     *  - CYRET_SUCCESS - The operation is successfully completed.
1615:Generated_Source\PSoC4/CapSense_Sensing.c ****     *  - CYRET_BAD_PARAM - The input parameter is invalid.
1616:Generated_Source\PSoC4/CapSense_Sensing.c ****     *  - CYRET_BAD_DATA - The calibration failed and the Component may not
1617:Generated_Source\PSoC4/CapSense_Sensing.c ****     *    operate as expected.
1618:Generated_Source\PSoC4/CapSense_Sensing.c ****     *
1619:Generated_Source\PSoC4/CapSense_Sensing.c ****     *******************************************************************************/
1620:Generated_Source\PSoC4/CapSense_Sensing.c ****     cystatus CapSense_CalibrateWidget(uint32 widgetId)
1621:Generated_Source\PSoC4/CapSense_Sensing.c ****     {
1622:Generated_Source\PSoC4/CapSense_Sensing.c ****         cystatus calibrateStatus = CYRET_SUCCESS;
1623:Generated_Source\PSoC4/CapSense_Sensing.c **** 
1624:Generated_Source\PSoC4/CapSense_Sensing.c ****         do
1625:Generated_Source\PSoC4/CapSense_Sensing.c ****         {
1626:Generated_Source\PSoC4/CapSense_Sensing.c ****             if (CapSense_TOTAL_WIDGETS <= widgetId)
ARM GAS  C:\Users\ADSTRU~1\AppData\Local\Temp\ccEcZ2Z6.s 			page 30


1627:Generated_Source\PSoC4/CapSense_Sensing.c ****             {
1628:Generated_Source\PSoC4/CapSense_Sensing.c ****                 calibrateStatus = CYRET_BAD_PARAM;
1629:Generated_Source\PSoC4/CapSense_Sensing.c ****             }
1630:Generated_Source\PSoC4/CapSense_Sensing.c **** 
1631:Generated_Source\PSoC4/CapSense_Sensing.c ****             /*
1632:Generated_Source\PSoC4/CapSense_Sensing.c ****              *  Check if widget id is valid, specified widget did not
1633:Generated_Source\PSoC4/CapSense_Sensing.c ****              *  detect any faults conditions if BIST is enabled.
1634:Generated_Source\PSoC4/CapSense_Sensing.c ****              */
1635:Generated_Source\PSoC4/CapSense_Sensing.c ****             #if (CapSense_ENABLE == CapSense_SELF_TEST_EN)
1636:Generated_Source\PSoC4/CapSense_Sensing.c ****                 if (0u != CapSense_GET_WIDGET_EN_STATUS(widgetId))
1637:Generated_Source\PSoC4/CapSense_Sensing.c ****                 {
1638:Generated_Source\PSoC4/CapSense_Sensing.c ****                     calibrateStatus = CYRET_SUCCESS;
1639:Generated_Source\PSoC4/CapSense_Sensing.c ****                 }
1640:Generated_Source\PSoC4/CapSense_Sensing.c ****                 else
1641:Generated_Source\PSoC4/CapSense_Sensing.c ****                 {
1642:Generated_Source\PSoC4/CapSense_Sensing.c ****                     calibrateStatus = CYRET_INVALID_STATE;
1643:Generated_Source\PSoC4/CapSense_Sensing.c ****                 }
1644:Generated_Source\PSoC4/CapSense_Sensing.c ****             #endif  /* (CapSense_ENABLE == CapSense_SELF_TEST_EN) */
1645:Generated_Source\PSoC4/CapSense_Sensing.c **** 
1646:Generated_Source\PSoC4/CapSense_Sensing.c ****             if (CYRET_SUCCESS != calibrateStatus)
1647:Generated_Source\PSoC4/CapSense_Sensing.c ****             {
1648:Generated_Source\PSoC4/CapSense_Sensing.c ****                 /* Exit from the loop because of a fail */
1649:Generated_Source\PSoC4/CapSense_Sensing.c ****                 break;
1650:Generated_Source\PSoC4/CapSense_Sensing.c ****             }
1651:Generated_Source\PSoC4/CapSense_Sensing.c **** 
1652:Generated_Source\PSoC4/CapSense_Sensing.c ****             /* If both CSD and CSX are enabled, calibrate widget using sensing method */
1653:Generated_Source\PSoC4/CapSense_Sensing.c ****             #if (CapSense_ENABLE == CapSense_MANY_WIDGET_METHODS_EN)
1654:Generated_Source\PSoC4/CapSense_Sensing.c ****                 /* Check widget sensing method and call appropriate APIs */
1655:Generated_Source\PSoC4/CapSense_Sensing.c ****                 #if (CapSense_ENABLE == CapSense_ISX_IDAC_AUTOCAL_EN)
1656:Generated_Source\PSoC4/CapSense_Sensing.c ****                     if (CapSense_SENSE_METHOD_ISX_E ==
1657:Generated_Source\PSoC4/CapSense_Sensing.c ****                         CapSense_GET_SENSE_METHOD(&CapSense_dsFlash.wdgtArray[widgetId]))
1658:Generated_Source\PSoC4/CapSense_Sensing.c ****                     {
1659:Generated_Source\PSoC4/CapSense_Sensing.c ****                         /* Calibrate CSX widget */
1660:Generated_Source\PSoC4/CapSense_Sensing.c ****                        CapSense_ISXCalibrateWidget(widgetId, CapSense_ISX_RAWCOUNT_CAL_LEVEL);
1661:Generated_Source\PSoC4/CapSense_Sensing.c ****                     }
1662:Generated_Source\PSoC4/CapSense_Sensing.c ****                 #endif  /* (CapSense_ENABLE == CapSense_ISX_IDAC_AUTOCAL_EN) */
1663:Generated_Source\PSoC4/CapSense_Sensing.c **** 
1664:Generated_Source\PSoC4/CapSense_Sensing.c ****                 /* Check widget sensing method and call appropriate APIs */
1665:Generated_Source\PSoC4/CapSense_Sensing.c ****                 #if (CapSense_ENABLE == CapSense_CSX_IDAC_AUTOCAL_EN)
1666:Generated_Source\PSoC4/CapSense_Sensing.c ****                     if (CapSense_SENSE_METHOD_CSX_E ==
1667:Generated_Source\PSoC4/CapSense_Sensing.c ****                         CapSense_GET_SENSE_METHOD(&CapSense_dsFlash.wdgtArray[widgetId]))
1668:Generated_Source\PSoC4/CapSense_Sensing.c ****                     {
1669:Generated_Source\PSoC4/CapSense_Sensing.c ****                         /* Calibrate CSX widget */
1670:Generated_Source\PSoC4/CapSense_Sensing.c ****                        calibrateStatus = CapSense_CSXCalibrateWidget(widgetId, CapSense_CSX_RAWCOUN
1671:Generated_Source\PSoC4/CapSense_Sensing.c ****                     }
1672:Generated_Source\PSoC4/CapSense_Sensing.c ****                 #endif  /* (CapSense_ENABLE == CapSense_CSX_IDAC_AUTOCAL_EN) */
1673:Generated_Source\PSoC4/CapSense_Sensing.c **** 
1674:Generated_Source\PSoC4/CapSense_Sensing.c ****                 #if (CapSense_ENABLE == CapSense_CSD_IDAC_AUTOCAL_EN)
1675:Generated_Source\PSoC4/CapSense_Sensing.c ****                     if (CapSense_SENSE_METHOD_CSD_E ==
1676:Generated_Source\PSoC4/CapSense_Sensing.c ****                         CapSense_GET_SENSE_METHOD(&CapSense_dsFlash.wdgtArray[widgetId]))
1677:Generated_Source\PSoC4/CapSense_Sensing.c ****                     {
1678:Generated_Source\PSoC4/CapSense_Sensing.c ****                         /* Calibrate CSD widget */
1679:Generated_Source\PSoC4/CapSense_Sensing.c ****                         calibrateStatus = CapSense_CSDCalibrateWidget(widgetId, CapSense_CSD_RAWCOU
1680:Generated_Source\PSoC4/CapSense_Sensing.c ****                     }
1681:Generated_Source\PSoC4/CapSense_Sensing.c ****                 #endif  /* (CapSense_ENABLE == CapSense_CSD_IDAC_AUTOCAL_EN) */
1682:Generated_Source\PSoC4/CapSense_Sensing.c **** 
1683:Generated_Source\PSoC4/CapSense_Sensing.c ****             /* If only CSD is enabled, calibrate CSD sensor */
ARM GAS  C:\Users\ADSTRU~1\AppData\Local\Temp\ccEcZ2Z6.s 			page 31


1684:Generated_Source\PSoC4/CapSense_Sensing.c ****             #elif (CapSense_ENABLE == CapSense_CSD_EN)
1685:Generated_Source\PSoC4/CapSense_Sensing.c ****                 calibrateStatus = CapSense_CSDCalibrateWidget(widgetId, CapSense_CSD_RAWCOUNT_CAL_L
1686:Generated_Source\PSoC4/CapSense_Sensing.c **** 
1687:Generated_Source\PSoC4/CapSense_Sensing.c ****             /* If only CSX is enabled, call CSX scan */
1688:Generated_Source\PSoC4/CapSense_Sensing.c ****             #elif (CapSense_ENABLE == CapSense_CSX_EN)
1689:Generated_Source\PSoC4/CapSense_Sensing.c ****                 calibrateStatus = CapSense_CSXCalibrateWidget(widgetId, CapSense_CSX_RAWCOUNT_CAL_L
1690:Generated_Source\PSoC4/CapSense_Sensing.c **** 
1691:Generated_Source\PSoC4/CapSense_Sensing.c ****             /* If only ISX is enabled, call ISX scan */
1692:Generated_Source\PSoC4/CapSense_Sensing.c ****             #elif (CapSense_ENABLE == CapSense_ISX_EN)
1693:Generated_Source\PSoC4/CapSense_Sensing.c ****                 CapSense_ISXCalibrateWidget(widgetId, CapSense_ISX_RAWCOUNT_CAL_LEVEL);
1694:Generated_Source\PSoC4/CapSense_Sensing.c **** 
1695:Generated_Source\PSoC4/CapSense_Sensing.c ****             #else
1696:Generated_Source\PSoC4/CapSense_Sensing.c ****                 calibrateStatus = CYRET_UNKNOWN;
1697:Generated_Source\PSoC4/CapSense_Sensing.c ****             #endif
1698:Generated_Source\PSoC4/CapSense_Sensing.c ****         } while (0u);
1699:Generated_Source\PSoC4/CapSense_Sensing.c **** 
1700:Generated_Source\PSoC4/CapSense_Sensing.c ****         return calibrateStatus;
1701:Generated_Source\PSoC4/CapSense_Sensing.c ****     }
1702:Generated_Source\PSoC4/CapSense_Sensing.c **** 
1703:Generated_Source\PSoC4/CapSense_Sensing.c **** 
1704:Generated_Source\PSoC4/CapSense_Sensing.c ****     /*******************************************************************************
1705:Generated_Source\PSoC4/CapSense_Sensing.c ****     * Function Name: CapSense_CalibrateAllWidgets
1706:Generated_Source\PSoC4/CapSense_Sensing.c ****     ****************************************************************************//**
1707:Generated_Source\PSoC4/CapSense_Sensing.c ****     *
1708:Generated_Source\PSoC4/CapSense_Sensing.c ****     * \brief
1709:Generated_Source\PSoC4/CapSense_Sensing.c ****     *  Calibrates the IDACs for all the widgets in the Component to the default
1710:Generated_Source\PSoC4/CapSense_Sensing.c ****     *  target, this function detects the sensing method used by the widgets
1711:Generated_Source\PSoC4/CapSense_Sensing.c ****     *  prior to calibration.
1712:Generated_Source\PSoC4/CapSense_Sensing.c ****     *
1713:Generated_Source\PSoC4/CapSense_Sensing.c ****     * \details
1714:Generated_Source\PSoC4/CapSense_Sensing.c ****     *  Calibrates the IDACs for all the widgets in the Component to the default
1715:Generated_Source\PSoC4/CapSense_Sensing.c ****     *  target value. This function detects the sensing method used by the widgets
1716:Generated_Source\PSoC4/CapSense_Sensing.c ****     *  and regards the Enable compensation IDAC parameter.
1717:Generated_Source\PSoC4/CapSense_Sensing.c ****     *  \if SECTION_I_REP
1718:Generated_Source\PSoC4/CapSense_Sensing.c ****     *  For ISX mode, the frequency is also calibrated.
1719:Generated_Source\PSoC4/CapSense_Sensing.c ****     *  \endif
1720:Generated_Source\PSoC4/CapSense_Sensing.c ****     *
1721:Generated_Source\PSoC4/CapSense_Sensing.c ****     *  \cond SECTION_C_LOW_LEVEL
1722:Generated_Source\PSoC4/CapSense_Sensing.c ****     *  This function is available when the CSD and/or CSX Enable IDAC
1723:Generated_Source\PSoC4/CapSense_Sensing.c ****     *  auto-calibration parameter is enabled.
1724:Generated_Source\PSoC4/CapSense_Sensing.c ****     *  \endcond
1725:Generated_Source\PSoC4/CapSense_Sensing.c ****     *  \if SECTION_I_REP
1726:Generated_Source\PSoC4/CapSense_Sensing.c ****     *  This function is available when the ISX Enable Auto-calibration parameter
1727:Generated_Source\PSoC4/CapSense_Sensing.c ****     *  is enabled.
1728:Generated_Source\PSoC4/CapSense_Sensing.c ****     *  \endif
1729:Generated_Source\PSoC4/CapSense_Sensing.c ****     *
1730:Generated_Source\PSoC4/CapSense_Sensing.c ****     * \return
1731:Generated_Source\PSoC4/CapSense_Sensing.c ****     *  Returns the status of the calibration process:
1732:Generated_Source\PSoC4/CapSense_Sensing.c ****     *  - CYRET_SUCCESS - The operation is successfully completed.
1733:Generated_Source\PSoC4/CapSense_Sensing.c ****     *  - CYRET_BAD_DATA - The calibration failed and the Component may not
1734:Generated_Source\PSoC4/CapSense_Sensing.c ****     *    operate as expected.
1735:Generated_Source\PSoC4/CapSense_Sensing.c ****     *
1736:Generated_Source\PSoC4/CapSense_Sensing.c ****     *******************************************************************************/
1737:Generated_Source\PSoC4/CapSense_Sensing.c ****     cystatus CapSense_CalibrateAllWidgets(void)
1738:Generated_Source\PSoC4/CapSense_Sensing.c ****     {
1739:Generated_Source\PSoC4/CapSense_Sensing.c ****         cystatus calibrateStatus = CYRET_SUCCESS;
1740:Generated_Source\PSoC4/CapSense_Sensing.c ****         uint32 wdgtIndex;
ARM GAS  C:\Users\ADSTRU~1\AppData\Local\Temp\ccEcZ2Z6.s 			page 32


1741:Generated_Source\PSoC4/CapSense_Sensing.c **** 
1742:Generated_Source\PSoC4/CapSense_Sensing.c ****         for (wdgtIndex = 0u; wdgtIndex < CapSense_TOTAL_WIDGETS; wdgtIndex++)
1743:Generated_Source\PSoC4/CapSense_Sensing.c ****         {
1744:Generated_Source\PSoC4/CapSense_Sensing.c ****             calibrateStatus |= CapSense_CalibrateWidget(wdgtIndex);
1745:Generated_Source\PSoC4/CapSense_Sensing.c ****         }
1746:Generated_Source\PSoC4/CapSense_Sensing.c **** 
1747:Generated_Source\PSoC4/CapSense_Sensing.c ****         return calibrateStatus;
1748:Generated_Source\PSoC4/CapSense_Sensing.c ****     }
1749:Generated_Source\PSoC4/CapSense_Sensing.c **** #endif /* (CapSense_ANYMODE_AUTOCAL) */
1750:Generated_Source\PSoC4/CapSense_Sensing.c **** 
1751:Generated_Source\PSoC4/CapSense_Sensing.c **** 
1752:Generated_Source\PSoC4/CapSense_Sensing.c **** #if (CapSense_CSD_SS_DIS != CapSense_CSD_AUTOTUNE)
1753:Generated_Source\PSoC4/CapSense_Sensing.c ****     /*******************************************************************************
1754:Generated_Source\PSoC4/CapSense_Sensing.c ****     * Function Name: CapSense_SsAutoTuneWidget
1755:Generated_Source\PSoC4/CapSense_Sensing.c ****     ****************************************************************************//**
1756:Generated_Source\PSoC4/CapSense_Sensing.c ****     *
1757:Generated_Source\PSoC4/CapSense_Sensing.c ****     * \brief
1758:Generated_Source\PSoC4/CapSense_Sensing.c ****     *  This API performs the parameters auto-tuning for the optimal CapSense
1759:Generated_Source\PSoC4/CapSense_Sensing.c ****     *  operation for a desired widget.
1760:Generated_Source\PSoC4/CapSense_Sensing.c ****     *
1761:Generated_Source\PSoC4/CapSense_Sensing.c ****     * \details
1762:Generated_Source\PSoC4/CapSense_Sensing.c ****     *  This API performs the following:
1763:Generated_Source\PSoC4/CapSense_Sensing.c ****     *  - Calibrates Modulator and Compensation IDACs.
1764:Generated_Source\PSoC4/CapSense_Sensing.c ****     *  - Tunes the Sense Clock optimal value to get a Sense Clock period greater than
1765:Generated_Source\PSoC4/CapSense_Sensing.c ****     *    2*5*R*Cp.
1766:Generated_Source\PSoC4/CapSense_Sensing.c ****     *  - Calculates the resolution for the optimal finger capacitance.
1767:Generated_Source\PSoC4/CapSense_Sensing.c ****     *
1768:Generated_Source\PSoC4/CapSense_Sensing.c ****     * \param widgetId
1769:Generated_Source\PSoC4/CapSense_Sensing.c ****     *  Specifies the ID number of a desired widget.
1770:Generated_Source\PSoC4/CapSense_Sensing.c ****     *  A macro for the widget ID can be found in the
1771:Generated_Source\PSoC4/CapSense_Sensing.c ****     *  CapSense Configuration header file defined as
1772:Generated_Source\PSoC4/CapSense_Sensing.c ****     *  CapSense_<WidgetName>_WDGT_ID.
1773:Generated_Source\PSoC4/CapSense_Sensing.c ****     *
1774:Generated_Source\PSoC4/CapSense_Sensing.c ****     * \return
1775:Generated_Source\PSoC4/CapSense_Sensing.c ****     *  Returns the status of the operation:
1776:Generated_Source\PSoC4/CapSense_Sensing.c ****     *  - Zero     - All the widgets are auto-tuned successfully.
1777:Generated_Source\PSoC4/CapSense_Sensing.c ****     *  - Non-zero - Auto-tuning failed for any widget.
1778:Generated_Source\PSoC4/CapSense_Sensing.c ****     *
1779:Generated_Source\PSoC4/CapSense_Sensing.c ****     *******************************************************************************/
1780:Generated_Source\PSoC4/CapSense_Sensing.c ****     cystatus CapSense_SsAutoTuneWidget(uint32 widgetId)
1781:Generated_Source\PSoC4/CapSense_Sensing.c ****     {
1782:Generated_Source\PSoC4/CapSense_Sensing.c ****         cystatus autoTuneStatus = CYRET_SUCCESS;
1783:Generated_Source\PSoC4/CapSense_Sensing.c **** 
1784:Generated_Source\PSoC4/CapSense_Sensing.c ****         uint32 snsIndex;
1785:Generated_Source\PSoC4/CapSense_Sensing.c ****         uint32 inputSnsClk;
1786:Generated_Source\PSoC4/CapSense_Sensing.c ****         uint32 minSnsClkDiv;
1787:Generated_Source\PSoC4/CapSense_Sensing.c ****         uint32 minSnsClkDivTmp;
1788:Generated_Source\PSoC4/CapSense_Sensing.c **** 
1789:Generated_Source\PSoC4/CapSense_Sensing.c ****         AUTO_TUNE_CONFIG_TYPE autoTuneConfig;
1790:Generated_Source\PSoC4/CapSense_Sensing.c **** 
1791:Generated_Source\PSoC4/CapSense_Sensing.c ****         uint32 maxRaw = 0u;
1792:Generated_Source\PSoC4/CapSense_Sensing.c ****         uint32 maxCp = 0u;
1793:Generated_Source\PSoC4/CapSense_Sensing.c ****         uint32 maxIdacComp = 0u;
1794:Generated_Source\PSoC4/CapSense_Sensing.c **** 
1795:Generated_Source\PSoC4/CapSense_Sensing.c ****         #if (CapSense_CSD_MATRIX_WIDGET_EN || CapSense_CSD_TOUCHPAD_WIDGET_EN)
1796:Generated_Source\PSoC4/CapSense_Sensing.c ****             uint32 maxCpSnsId = 0u;
1797:Generated_Source\PSoC4/CapSense_Sensing.c ****             uint32 maxCpRowSnsId = 0u;
ARM GAS  C:\Users\ADSTRU~1\AppData\Local\Temp\ccEcZ2Z6.s 			page 33


1798:Generated_Source\PSoC4/CapSense_Sensing.c ****         #endif
1799:Generated_Source\PSoC4/CapSense_Sensing.c **** 
1800:Generated_Source\PSoC4/CapSense_Sensing.c ****         CapSense_FLASH_WD_STRUCT const *ptrFlashWidget = &CapSense_dsFlash.wdgtArray[widgetId];
1801:Generated_Source\PSoC4/CapSense_Sensing.c ****         CapSense_RAM_WD_BASE_STRUCT *ptrRamWidget = (CapSense_RAM_WD_BASE_STRUCT *)ptrFlashWidget->
1802:Generated_Source\PSoC4/CapSense_Sensing.c ****         CapSense_RAM_SNS_STRUCT *ptrRamSensor = ptrFlashWidget->ptr2SnsRam;
1803:Generated_Source\PSoC4/CapSense_Sensing.c **** 
1804:Generated_Source\PSoC4/CapSense_Sensing.c ****         /* Find input of sensor clock frequency */
1805:Generated_Source\PSoC4/CapSense_Sensing.c ****         #if (CapSense_ENABLE == CapSense_CSDV2)
1806:Generated_Source\PSoC4/CapSense_Sensing.c ****             /* Dividers are chained (Fourth-generation HW block). Flip flop is not available */
1807:Generated_Source\PSoC4/CapSense_Sensing.c ****             inputSnsClk = ((uint32)CYDEV_BCLK__HFCLK__KHZ / (uint32)CapSense_dsRam.modCsdClk);
1808:Generated_Source\PSoC4/CapSense_Sensing.c **** 
1809:Generated_Source\PSoC4/CapSense_Sensing.c ****             /* Minimum value of SnaClk divider that is allowed for all Fourth-generation
1810:Generated_Source\PSoC4/CapSense_Sensing.c ****              * CSD HW block based devices.
1811:Generated_Source\PSoC4/CapSense_Sensing.c ****             */
1812:Generated_Source\PSoC4/CapSense_Sensing.c ****             minSnsClkDiv = CapSense_MIN_SNS_CLK_DIVIDER;
1813:Generated_Source\PSoC4/CapSense_Sensing.c ****         #elif (CapSense_ENABLE == CapSense_IS_M0S8PERI_BLOCK)
1814:Generated_Source\PSoC4/CapSense_Sensing.c ****             /* Dividers are not chained */
1815:Generated_Source\PSoC4/CapSense_Sensing.c ****             inputSnsClk = CYDEV_BCLK__HFCLK__KHZ >> CapSense_FLIP_FLOP_DIV;
1816:Generated_Source\PSoC4/CapSense_Sensing.c **** 
1817:Generated_Source\PSoC4/CapSense_Sensing.c ****             /* Minimum value of SnaClk divider that is allowed for PSoC 4100 and PSoC 4200
1818:Generated_Source\PSoC4/CapSense_Sensing.c ****                device families.
1819:Generated_Source\PSoC4/CapSense_Sensing.c ****             */
1820:Generated_Source\PSoC4/CapSense_Sensing.c ****             minSnsClkDiv = CapSense_dsRam.modCsdClk;
1821:Generated_Source\PSoC4/CapSense_Sensing.c ****         #else
1822:Generated_Source\PSoC4/CapSense_Sensing.c ****             /* Dividers are chained (PSoC 4100, PSoC 4200) */
1823:Generated_Source\PSoC4/CapSense_Sensing.c ****             inputSnsClk = (CYDEV_BCLK__HFCLK__KHZ / CapSense_dsRam.modCsdClk) >> CapSense_FLIP_FLOP
1824:Generated_Source\PSoC4/CapSense_Sensing.c **** 
1825:Generated_Source\PSoC4/CapSense_Sensing.c ****             /* Minimum value of SnaClk divider that is allowed for all Fourth-generation
1826:Generated_Source\PSoC4/CapSense_Sensing.c ****              * CSD HW block based device except PSoC 4100 and PSoC 4200 device families.
1827:Generated_Source\PSoC4/CapSense_Sensing.c ****             */
1828:Generated_Source\PSoC4/CapSense_Sensing.c ****             minSnsClkDiv = CapSense_MIN_SNS_CLK_DIVIDER;
1829:Generated_Source\PSoC4/CapSense_Sensing.c ****         #endif /* (CapSense_ENABLE == CapSense_CSDV2) */
1830:Generated_Source\PSoC4/CapSense_Sensing.c **** 
1831:Generated_Source\PSoC4/CapSense_Sensing.c ****         /* Minimum value of SnsClk divider required to ensure the CSD HW block
1832:Generated_Source\PSoC4/CapSense_Sensing.c ****          * operation in allowed frequency range.
1833:Generated_Source\PSoC4/CapSense_Sensing.c ****         */
1834:Generated_Source\PSoC4/CapSense_Sensing.c ****         minSnsClkDivTmp = inputSnsClk * CapSense_AUTOTUNE_CAL_UNITS;
1835:Generated_Source\PSoC4/CapSense_Sensing.c ****         minSnsClkDivTmp /= CapSense_CSD_SNS_FREQ_KHZ_MAX;
1836:Generated_Source\PSoC4/CapSense_Sensing.c **** 
1837:Generated_Source\PSoC4/CapSense_Sensing.c ****         if (minSnsClkDiv < minSnsClkDivTmp)
1838:Generated_Source\PSoC4/CapSense_Sensing.c ****         {
1839:Generated_Source\PSoC4/CapSense_Sensing.c ****             minSnsClkDiv = minSnsClkDivTmp;
1840:Generated_Source\PSoC4/CapSense_Sensing.c ****         }
1841:Generated_Source\PSoC4/CapSense_Sensing.c **** 
1842:Generated_Source\PSoC4/CapSense_Sensing.c ****         minSnsClkDiv = (minSnsClkDiv + (CapSense_AUTOTUNE_CAL_UNITS - 1u)) / CapSense_AUTOTUNE_CAL_
1843:Generated_Source\PSoC4/CapSense_Sensing.c **** 
1844:Generated_Source\PSoC4/CapSense_Sensing.c ****         /* Make divider even */
1845:Generated_Source\PSoC4/CapSense_Sensing.c ****         if (0u != (minSnsClkDiv & 0x01u))
1846:Generated_Source\PSoC4/CapSense_Sensing.c ****         {
1847:Generated_Source\PSoC4/CapSense_Sensing.c ****             minSnsClkDiv++;
1848:Generated_Source\PSoC4/CapSense_Sensing.c ****         }
1849:Generated_Source\PSoC4/CapSense_Sensing.c **** 
1850:Generated_Source\PSoC4/CapSense_Sensing.c ****         /* Initialize auto-tuning configuration structure */
1851:Generated_Source\PSoC4/CapSense_Sensing.c ****         autoTuneConfig.snsClkInputClock = (uint16)inputSnsClk;
1852:Generated_Source\PSoC4/CapSense_Sensing.c ****         autoTuneConfig.snsClkConstantR = CapSense_CSD_SNSCLK_R_CONST;
1853:Generated_Source\PSoC4/CapSense_Sensing.c ****         autoTuneConfig.vRef = CapSense_CSD_VREF_MV;
1854:Generated_Source\PSoC4/CapSense_Sensing.c ****         autoTuneConfig.fingerCap = ptrRamWidget->fingerCap;
ARM GAS  C:\Users\ADSTRU~1\AppData\Local\Temp\ccEcZ2Z6.s 			page 34


1855:Generated_Source\PSoC4/CapSense_Sensing.c ****         autoTuneConfig.sigPFC = &ptrRamWidget->sigPFC;
1856:Generated_Source\PSoC4/CapSense_Sensing.c **** 
1857:Generated_Source\PSoC4/CapSense_Sensing.c ****         /*
1858:Generated_Source\PSoC4/CapSense_Sensing.c ****         * Autotune phase #1:
1859:Generated_Source\PSoC4/CapSense_Sensing.c ****         * - performing the first calibration at fixed settings
1860:Generated_Source\PSoC4/CapSense_Sensing.c ****         * - getting maximum sensor Cp
1861:Generated_Source\PSoC4/CapSense_Sensing.c ****         * - getting sense clock frequency based on Cp
1862:Generated_Source\PSoC4/CapSense_Sensing.c ****         */
1863:Generated_Source\PSoC4/CapSense_Sensing.c **** 
1864:Generated_Source\PSoC4/CapSense_Sensing.c ****         ptrRamWidget->resolution = CapSense_AUTOTUNE_CALIBRATION_RESOLUTION;
1865:Generated_Source\PSoC4/CapSense_Sensing.c **** 
1866:Generated_Source\PSoC4/CapSense_Sensing.c ****         ptrRamWidget->snsClk = (uint16)(inputSnsClk / CapSense_AUTOTUNE_CALIBRATION_FREQ_KHZ);
1867:Generated_Source\PSoC4/CapSense_Sensing.c ****         ptrRamWidget->snsClkSource = (uint8)CapSense_CLK_SOURCE_DIRECT;
1868:Generated_Source\PSoC4/CapSense_Sensing.c **** 
1869:Generated_Source\PSoC4/CapSense_Sensing.c ****         #if (CapSense_CSD_MATRIX_WIDGET_EN || CapSense_CSD_TOUCHPAD_WIDGET_EN)
1870:Generated_Source\PSoC4/CapSense_Sensing.c ****             ptrRamWidget->rowSnsClk = (uint16)(inputSnsClk / CapSense_AUTOTUNE_CALIBRATION_FREQ_KHZ
1871:Generated_Source\PSoC4/CapSense_Sensing.c ****             ptrRamWidget->rowSnsClkSource = (uint8)CapSense_CLK_SOURCE_DIRECT;
1872:Generated_Source\PSoC4/CapSense_Sensing.c ****         #endif
1873:Generated_Source\PSoC4/CapSense_Sensing.c **** 
1874:Generated_Source\PSoC4/CapSense_Sensing.c ****         /* Calibrate CSD widget to the default calibration target */
1875:Generated_Source\PSoC4/CapSense_Sensing.c ****         (void)CapSense_CSDCalibrateWidget(widgetId, CapSense_AUTOTUNE_CAL_LEVEL);
1876:Generated_Source\PSoC4/CapSense_Sensing.c **** 
1877:Generated_Source\PSoC4/CapSense_Sensing.c ****         /* Find raw count and IDAC of a sensor with maximum Cp */
1878:Generated_Source\PSoC4/CapSense_Sensing.c ****         for (snsIndex = 0u; snsIndex < ptrFlashWidget->numCols; snsIndex++)
1879:Generated_Source\PSoC4/CapSense_Sensing.c ****         {
1880:Generated_Source\PSoC4/CapSense_Sensing.c ****             #if (CapSense_ENABLE == CapSense_CSD_IDAC_COMP_EN)
1881:Generated_Source\PSoC4/CapSense_Sensing.c ****                 if (maxIdacComp < ptrRamSensor->idacComp[0u])
1882:Generated_Source\PSoC4/CapSense_Sensing.c ****                 {
1883:Generated_Source\PSoC4/CapSense_Sensing.c ****                     #if (CapSense_CSD_MATRIX_WIDGET_EN || CapSense_CSD_TOUCHPAD_WIDGET_EN)
1884:Generated_Source\PSoC4/CapSense_Sensing.c ****                         maxCpSnsId = snsIndex;
1885:Generated_Source\PSoC4/CapSense_Sensing.c ****                     #endif
1886:Generated_Source\PSoC4/CapSense_Sensing.c ****                     maxIdacComp = ptrRamSensor->idacComp[0u];
1887:Generated_Source\PSoC4/CapSense_Sensing.c ****                     maxRaw = ptrRamSensor->raw[0u];
1888:Generated_Source\PSoC4/CapSense_Sensing.c ****                 }
1889:Generated_Source\PSoC4/CapSense_Sensing.c ****             #else
1890:Generated_Source\PSoC4/CapSense_Sensing.c ****                 if (maxRaw < ptrRamSensor->raw[0u])
1891:Generated_Source\PSoC4/CapSense_Sensing.c ****                 {
1892:Generated_Source\PSoC4/CapSense_Sensing.c ****                     #if (CapSense_CSD_MATRIX_WIDGET_EN || CapSense_CSD_TOUCHPAD_WIDGET_EN)
1893:Generated_Source\PSoC4/CapSense_Sensing.c ****                         maxCpSnsId = snsIndex;
1894:Generated_Source\PSoC4/CapSense_Sensing.c ****                     #endif
1895:Generated_Source\PSoC4/CapSense_Sensing.c ****                     maxRaw = ptrRamSensor->raw[0u];
1896:Generated_Source\PSoC4/CapSense_Sensing.c ****                 }
1897:Generated_Source\PSoC4/CapSense_Sensing.c ****             #endif
1898:Generated_Source\PSoC4/CapSense_Sensing.c ****             ptrRamSensor++;
1899:Generated_Source\PSoC4/CapSense_Sensing.c ****         }
1900:Generated_Source\PSoC4/CapSense_Sensing.c **** 
1901:Generated_Source\PSoC4/CapSense_Sensing.c ****         /* Update auto-tuning configuration structure */
1902:Generated_Source\PSoC4/CapSense_Sensing.c ****         autoTuneConfig.iDacMod = ptrRamWidget->idacMod[0u];
1903:Generated_Source\PSoC4/CapSense_Sensing.c ****         autoTuneConfig.iDacComp = (uint8)maxIdacComp;
1904:Generated_Source\PSoC4/CapSense_Sensing.c ****         autoTuneConfig.iDacGain = CapSense_idacGainTable[ptrRamWidget->idacGainIndex].gainValue;
1905:Generated_Source\PSoC4/CapSense_Sensing.c ****         autoTuneConfig.ptrSenseClk = &ptrRamWidget->snsClk;
1906:Generated_Source\PSoC4/CapSense_Sensing.c ****         autoTuneConfig.calTarget = (uint16)((maxRaw * CapSense_AUTOTUNE_CAL_UNITS) /
1907:Generated_Source\PSoC4/CapSense_Sensing.c ****                 ((uint32)(0x01uL << CapSense_AUTOTUNE_CALIBRATION_RESOLUTION) - 1u));
1908:Generated_Source\PSoC4/CapSense_Sensing.c **** 
1909:Generated_Source\PSoC4/CapSense_Sensing.c ****         /* Find sensor Cp and optimum sense clock value */
1910:Generated_Source\PSoC4/CapSense_Sensing.c ****         maxCp = SmartSense_TunePrescalers(&autoTuneConfig);
1911:Generated_Source\PSoC4/CapSense_Sensing.c ****         autoTuneConfig.sensorCap = maxCp;
ARM GAS  C:\Users\ADSTRU~1\AppData\Local\Temp\ccEcZ2Z6.s 			page 35


1912:Generated_Source\PSoC4/CapSense_Sensing.c **** 
1913:Generated_Source\PSoC4/CapSense_Sensing.c ****         /* Increase sensor clock divider to valid value */
1914:Generated_Source\PSoC4/CapSense_Sensing.c ****         while(ptrRamWidget->snsClk < minSnsClkDiv)
1915:Generated_Source\PSoC4/CapSense_Sensing.c ****         {
1916:Generated_Source\PSoC4/CapSense_Sensing.c ****             ptrRamWidget->snsClk <<= 1u;
1917:Generated_Source\PSoC4/CapSense_Sensing.c ****         }
1918:Generated_Source\PSoC4/CapSense_Sensing.c **** 
1919:Generated_Source\PSoC4/CapSense_Sensing.c ****         /* Do the same for row for touchpad or matrix buttons widgets */
1920:Generated_Source\PSoC4/CapSense_Sensing.c ****         #if (CapSense_CSD_MATRIX_WIDGET_EN || CapSense_CSD_TOUCHPAD_WIDGET_EN)
1921:Generated_Source\PSoC4/CapSense_Sensing.c ****             if ((CapSense_WD_TOUCHPAD_E == CapSense_GET_WIDGET_TYPE(ptrFlashWidget)) ||
1922:Generated_Source\PSoC4/CapSense_Sensing.c ****                 (CapSense_WD_MATRIX_BUTTON_E == CapSense_GET_WIDGET_TYPE(ptrFlashWidget)))
1923:Generated_Source\PSoC4/CapSense_Sensing.c ****             {
1924:Generated_Source\PSoC4/CapSense_Sensing.c ****                 /* Find a sensor with maximum Cp */
1925:Generated_Source\PSoC4/CapSense_Sensing.c ****                 maxRaw = 0u;
1926:Generated_Source\PSoC4/CapSense_Sensing.c ****                 maxIdacComp = 0u;
1927:Generated_Source\PSoC4/CapSense_Sensing.c ****                 for (snsIndex = ptrFlashWidget->numCols; snsIndex < ptrFlashWidget->totalNumSns; sn
1928:Generated_Source\PSoC4/CapSense_Sensing.c ****                 {
1929:Generated_Source\PSoC4/CapSense_Sensing.c ****                     #if (CapSense_ENABLE == CapSense_CSD_IDAC_COMP_EN)
1930:Generated_Source\PSoC4/CapSense_Sensing.c ****                         if (maxIdacComp < ptrRamSensor->idacComp[0u])
1931:Generated_Source\PSoC4/CapSense_Sensing.c ****                         {
1932:Generated_Source\PSoC4/CapSense_Sensing.c ****                             maxCpRowSnsId = snsIndex;
1933:Generated_Source\PSoC4/CapSense_Sensing.c ****                             maxIdacComp = ptrRamSensor->idacComp[0u];
1934:Generated_Source\PSoC4/CapSense_Sensing.c ****                             maxRaw = ptrRamSensor->raw[0u];
1935:Generated_Source\PSoC4/CapSense_Sensing.c ****                         }
1936:Generated_Source\PSoC4/CapSense_Sensing.c ****                     #else
1937:Generated_Source\PSoC4/CapSense_Sensing.c ****                         if (maxRaw < ptrRamSensor->raw[0u])
1938:Generated_Source\PSoC4/CapSense_Sensing.c ****                         {
1939:Generated_Source\PSoC4/CapSense_Sensing.c ****                             maxCpRowSnsId = snsIndex;
1940:Generated_Source\PSoC4/CapSense_Sensing.c ****                             maxRaw = ptrRamSensor->raw[0u];
1941:Generated_Source\PSoC4/CapSense_Sensing.c ****                         }
1942:Generated_Source\PSoC4/CapSense_Sensing.c ****                     #endif
1943:Generated_Source\PSoC4/CapSense_Sensing.c ****                     ptrRamSensor++;
1944:Generated_Source\PSoC4/CapSense_Sensing.c ****                 }
1945:Generated_Source\PSoC4/CapSense_Sensing.c **** 
1946:Generated_Source\PSoC4/CapSense_Sensing.c ****                 /* Configure auto-tuning configuration structure */
1947:Generated_Source\PSoC4/CapSense_Sensing.c ****                 autoTuneConfig.iDacMod = ptrRamWidget->rowIdacMod[0u];
1948:Generated_Source\PSoC4/CapSense_Sensing.c ****                 autoTuneConfig.iDacComp = (uint8)maxIdacComp;
1949:Generated_Source\PSoC4/CapSense_Sensing.c ****                 autoTuneConfig.ptrSenseClk = &ptrRamWidget->rowSnsClk;
1950:Generated_Source\PSoC4/CapSense_Sensing.c ****                 autoTuneConfig.calTarget = (uint16)((maxRaw * CapSense_AUTOTUNE_CAL_UNITS) /
1951:Generated_Source\PSoC4/CapSense_Sensing.c ****                         ((uint32)(0x01uL << CapSense_AUTOTUNE_CALIBRATION_RESOLUTION) - 1u));
1952:Generated_Source\PSoC4/CapSense_Sensing.c **** 
1953:Generated_Source\PSoC4/CapSense_Sensing.c ****                 /* Find correct sense clock value */
1954:Generated_Source\PSoC4/CapSense_Sensing.c ****                 maxCp = SmartSense_TunePrescalers(&autoTuneConfig);
1955:Generated_Source\PSoC4/CapSense_Sensing.c **** 
1956:Generated_Source\PSoC4/CapSense_Sensing.c ****                 /* Save maximum sensor Cp and corresponding sensor Id */
1957:Generated_Source\PSoC4/CapSense_Sensing.c ****                 if (autoTuneConfig.sensorCap < maxCp)
1958:Generated_Source\PSoC4/CapSense_Sensing.c ****                 {
1959:Generated_Source\PSoC4/CapSense_Sensing.c ****                     autoTuneConfig.sensorCap = maxCp;
1960:Generated_Source\PSoC4/CapSense_Sensing.c ****                     maxCpSnsId = maxCpRowSnsId;
1961:Generated_Source\PSoC4/CapSense_Sensing.c ****                 }
1962:Generated_Source\PSoC4/CapSense_Sensing.c **** 
1963:Generated_Source\PSoC4/CapSense_Sensing.c ****                 /* Increase sensor clock divider to valid value */
1964:Generated_Source\PSoC4/CapSense_Sensing.c ****                 while(ptrRamWidget->rowSnsClk < minSnsClkDiv)
1965:Generated_Source\PSoC4/CapSense_Sensing.c ****                 {
1966:Generated_Source\PSoC4/CapSense_Sensing.c ****                     ptrRamWidget->rowSnsClk <<= 1u;
1967:Generated_Source\PSoC4/CapSense_Sensing.c ****                 }
1968:Generated_Source\PSoC4/CapSense_Sensing.c ****             }
ARM GAS  C:\Users\ADSTRU~1\AppData\Local\Temp\ccEcZ2Z6.s 			page 36


1969:Generated_Source\PSoC4/CapSense_Sensing.c ****         #endif /* (CapSense_CSD_MATRIX_WIDGET_EN || CapSense_CSD_TOUCHPAD_WIDGET_EN) */
1970:Generated_Source\PSoC4/CapSense_Sensing.c **** 
1971:Generated_Source\PSoC4/CapSense_Sensing.c ****         /* Check tuning results */
1972:Generated_Source\PSoC4/CapSense_Sensing.c ****         if (CapSense_AUTOTUNE_CP_MAX < maxCp)
1973:Generated_Source\PSoC4/CapSense_Sensing.c ****         {
1974:Generated_Source\PSoC4/CapSense_Sensing.c ****             autoTuneStatus = CYRET_BAD_DATA;
1975:Generated_Source\PSoC4/CapSense_Sensing.c ****         }
1976:Generated_Source\PSoC4/CapSense_Sensing.c **** 
1977:Generated_Source\PSoC4/CapSense_Sensing.c ****         /*
1978:Generated_Source\PSoC4/CapSense_Sensing.c ****         * Autotune phase #2:
1979:Generated_Source\PSoC4/CapSense_Sensing.c ****         * - repeating calibration with new sense clock frequency
1980:Generated_Source\PSoC4/CapSense_Sensing.c ****         * - getting resolution
1981:Generated_Source\PSoC4/CapSense_Sensing.c ****         */
1982:Generated_Source\PSoC4/CapSense_Sensing.c **** 
1983:Generated_Source\PSoC4/CapSense_Sensing.c ****         /* Calibrate CSD widget to the default calibration target with newly defined sense frequenc
1984:Generated_Source\PSoC4/CapSense_Sensing.c ****         (void)CapSense_CSDCalibrateWidget(widgetId, CapSense_AUTOTUNE_CAL_LEVEL);
1985:Generated_Source\PSoC4/CapSense_Sensing.c **** 
1986:Generated_Source\PSoC4/CapSense_Sensing.c ****         autoTuneConfig.iDacGain = CapSense_idacGainTable[ptrRamWidget->idacGainIndex].gainValue;
1987:Generated_Source\PSoC4/CapSense_Sensing.c ****         autoTuneConfig.iDacMod = ptrRamWidget->idacMod[0u];
1988:Generated_Source\PSoC4/CapSense_Sensing.c ****         autoTuneConfig.ptrSenseClk = &ptrRamWidget->snsClk;
1989:Generated_Source\PSoC4/CapSense_Sensing.c **** 
1990:Generated_Source\PSoC4/CapSense_Sensing.c ****         #if (CapSense_CSD_MATRIX_WIDGET_EN || CapSense_CSD_TOUCHPAD_WIDGET_EN)
1991:Generated_Source\PSoC4/CapSense_Sensing.c ****             if ((CapSense_WD_TOUCHPAD_E == CapSense_GET_WIDGET_TYPE(ptrFlashWidget)) ||
1992:Generated_Source\PSoC4/CapSense_Sensing.c ****                 (CapSense_WD_MATRIX_BUTTON_E == CapSense_GET_WIDGET_TYPE(ptrFlashWidget)))
1993:Generated_Source\PSoC4/CapSense_Sensing.c ****             {
1994:Generated_Source\PSoC4/CapSense_Sensing.c ****                 if (maxCpSnsId >= ptrFlashWidget->numCols)
1995:Generated_Source\PSoC4/CapSense_Sensing.c ****                 {
1996:Generated_Source\PSoC4/CapSense_Sensing.c ****                     autoTuneConfig.iDacMod = ptrRamWidget->rowIdacMod[0u];
1997:Generated_Source\PSoC4/CapSense_Sensing.c ****                     autoTuneConfig.ptrSenseClk = &ptrRamWidget->rowSnsClk;
1998:Generated_Source\PSoC4/CapSense_Sensing.c ****                 }
1999:Generated_Source\PSoC4/CapSense_Sensing.c ****             }
2000:Generated_Source\PSoC4/CapSense_Sensing.c ****         #endif
2001:Generated_Source\PSoC4/CapSense_Sensing.c **** 
2002:Generated_Source\PSoC4/CapSense_Sensing.c ****         /* Find resolution */
2003:Generated_Source\PSoC4/CapSense_Sensing.c ****         ptrRamWidget->resolution = SmartSense_TuneSensitivity(&autoTuneConfig);
2004:Generated_Source\PSoC4/CapSense_Sensing.c **** 
2005:Generated_Source\PSoC4/CapSense_Sensing.c ****         /*
2006:Generated_Source\PSoC4/CapSense_Sensing.c ****         * Autotune phase #3:
2007:Generated_Source\PSoC4/CapSense_Sensing.c ****         * - selecting a widget clock source if AUTO
2008:Generated_Source\PSoC4/CapSense_Sensing.c ****         * - repeating calibration with found clock frequency, resolution and clock source
2009:Generated_Source\PSoC4/CapSense_Sensing.c ****         * - updating sensitivity
2010:Generated_Source\PSoC4/CapSense_Sensing.c ****         */
2011:Generated_Source\PSoC4/CapSense_Sensing.c **** 
2012:Generated_Source\PSoC4/CapSense_Sensing.c ****         /* Tune widget sensitivity */
2013:Generated_Source\PSoC4/CapSense_Sensing.c ****         CapSense_SsSetWidgetSenseClkSrc(widgetId, ptrRamWidget);
2014:Generated_Source\PSoC4/CapSense_Sensing.c **** 
2015:Generated_Source\PSoC4/CapSense_Sensing.c ****         /* Calibrate CSD widget to the default calibration target with newly defined resolution */
2016:Generated_Source\PSoC4/CapSense_Sensing.c ****         autoTuneStatus |= CapSense_CSDCalibrateWidget(widgetId, CapSense_AUTOTUNE_CAL_LEVEL);
2017:Generated_Source\PSoC4/CapSense_Sensing.c **** 
2018:Generated_Source\PSoC4/CapSense_Sensing.c ****         #if (CapSense_ENABLE == CapSense_TST_WDGT_CRC_EN)
2019:Generated_Source\PSoC4/CapSense_Sensing.c ****             CapSense_DsUpdateWidgetCrc(widgetId);
2020:Generated_Source\PSoC4/CapSense_Sensing.c ****         #endif /* (CapSense_ENABLE == CapSense_TST_WDGT_CRC_EN) */
2021:Generated_Source\PSoC4/CapSense_Sensing.c **** 
2022:Generated_Source\PSoC4/CapSense_Sensing.c ****         return autoTuneStatus;
2023:Generated_Source\PSoC4/CapSense_Sensing.c ****     }
2024:Generated_Source\PSoC4/CapSense_Sensing.c **** 
2025:Generated_Source\PSoC4/CapSense_Sensing.c **** 
ARM GAS  C:\Users\ADSTRU~1\AppData\Local\Temp\ccEcZ2Z6.s 			page 37


2026:Generated_Source\PSoC4/CapSense_Sensing.c ****     /*******************************************************************************
2027:Generated_Source\PSoC4/CapSense_Sensing.c ****     * Function Name: CapSense_SsAutoTune
2028:Generated_Source\PSoC4/CapSense_Sensing.c ****     ****************************************************************************//**
2029:Generated_Source\PSoC4/CapSense_Sensing.c ****     *
2030:Generated_Source\PSoC4/CapSense_Sensing.c ****     * \brief
2031:Generated_Source\PSoC4/CapSense_Sensing.c ****     *  This API performs the parameters auto-tuning for the optimal CapSense
2032:Generated_Source\PSoC4/CapSense_Sensing.c ****     *  operation.
2033:Generated_Source\PSoC4/CapSense_Sensing.c ****     *
2034:Generated_Source\PSoC4/CapSense_Sensing.c ****     * \details
2035:Generated_Source\PSoC4/CapSense_Sensing.c ****     *  This API performs the following:
2036:Generated_Source\PSoC4/CapSense_Sensing.c ****     *  - Calibrates Modulator and Compensation IDACs.
2037:Generated_Source\PSoC4/CapSense_Sensing.c ****     *  - Tunes the Sense Clock optimal value to get a Sense Clock period greater than
2038:Generated_Source\PSoC4/CapSense_Sensing.c ****     *    2*5*R*Cp.
2039:Generated_Source\PSoC4/CapSense_Sensing.c ****     *  - Calculates the resolution for the optimal finger capacitance.
2040:Generated_Source\PSoC4/CapSense_Sensing.c ****     *
2041:Generated_Source\PSoC4/CapSense_Sensing.c ****     * \return
2042:Generated_Source\PSoC4/CapSense_Sensing.c ****     *  Returns the status of the operation:
2043:Generated_Source\PSoC4/CapSense_Sensing.c ****     *  - Zero     - All the widgets are auto-tuned successfully.
2044:Generated_Source\PSoC4/CapSense_Sensing.c ****     *  - Non-zero - Auto-tuning failed for any widget.
2045:Generated_Source\PSoC4/CapSense_Sensing.c ****     *
2046:Generated_Source\PSoC4/CapSense_Sensing.c ****     *******************************************************************************/
2047:Generated_Source\PSoC4/CapSense_Sensing.c ****     cystatus CapSense_SsAutoTune(void)
2048:Generated_Source\PSoC4/CapSense_Sensing.c ****     {
2049:Generated_Source\PSoC4/CapSense_Sensing.c ****         cystatus autoTuneStatus = CYRET_SUCCESS;
2050:Generated_Source\PSoC4/CapSense_Sensing.c ****         uint32 wdgtIndex;
2051:Generated_Source\PSoC4/CapSense_Sensing.c **** 
2052:Generated_Source\PSoC4/CapSense_Sensing.c ****         /* Tune each CSD widget */
2053:Generated_Source\PSoC4/CapSense_Sensing.c ****         for (wdgtIndex = 0u; wdgtIndex < CapSense_TOTAL_WIDGETS; wdgtIndex++)
2054:Generated_Source\PSoC4/CapSense_Sensing.c ****         {
2055:Generated_Source\PSoC4/CapSense_Sensing.c ****             if (CapSense_SENSE_METHOD_CSD_E ==
2056:Generated_Source\PSoC4/CapSense_Sensing.c ****                 CapSense_GET_SENSE_METHOD(&CapSense_dsFlash.wdgtArray[wdgtIndex]))
2057:Generated_Source\PSoC4/CapSense_Sensing.c ****             {
2058:Generated_Source\PSoC4/CapSense_Sensing.c ****                 autoTuneStatus |= CapSense_SsAutoTuneWidget(wdgtIndex);
2059:Generated_Source\PSoC4/CapSense_Sensing.c ****             }
2060:Generated_Source\PSoC4/CapSense_Sensing.c ****         }
2061:Generated_Source\PSoC4/CapSense_Sensing.c ****         return autoTuneStatus;
2062:Generated_Source\PSoC4/CapSense_Sensing.c ****     }
2063:Generated_Source\PSoC4/CapSense_Sensing.c **** #endif /* (CapSense_CSD_SS_DIS != CapSense_CSD_AUTOTUNE)) */
2064:Generated_Source\PSoC4/CapSense_Sensing.c **** 
2065:Generated_Source\PSoC4/CapSense_Sensing.c **** 
2066:Generated_Source\PSoC4/CapSense_Sensing.c **** #if (CapSense_DISABLE == CapSense_CSDV2)
2067:Generated_Source\PSoC4/CapSense_Sensing.c ****     #if ( ((CapSense_ENABLE == CapSense_CSX_EN) \
2068:Generated_Source\PSoC4/CapSense_Sensing.c ****         || (CapSense_ENABLE == CapSense_ISX_EN)) ||\
2069:Generated_Source\PSoC4/CapSense_Sensing.c ****          (CapSense_IDAC_SINKING == CapSense_CSD_IDAC_CONFIG))
2070:Generated_Source\PSoC4/CapSense_Sensing.c ****         /*******************************************************************************
2071:Generated_Source\PSoC4/CapSense_Sensing.c ****         * Function Name: CapSense_SsTrimIdacsSinking
2072:Generated_Source\PSoC4/CapSense_Sensing.c ****         ****************************************************************************//**
2073:Generated_Source\PSoC4/CapSense_Sensing.c ****         *
2074:Generated_Source\PSoC4/CapSense_Sensing.c ****         * \brief
2075:Generated_Source\PSoC4/CapSense_Sensing.c ****         *  This function loads trim values from SFLASH rows to calibrate
2076:Generated_Source\PSoC4/CapSense_Sensing.c ****         *  IDAC1 and IDAC2 for Sinking CSD Mode
2077:Generated_Source\PSoC4/CapSense_Sensing.c ****         *
2078:Generated_Source\PSoC4/CapSense_Sensing.c ****         * \details
2079:Generated_Source\PSoC4/CapSense_Sensing.c ****         *  Function reads trim value from SFLASH and loads it into IDAC trim register.
2080:Generated_Source\PSoC4/CapSense_Sensing.c ****         *  If Compensation IDAC is disabled the function loads trim values for IDAC1 only.
2081:Generated_Source\PSoC4/CapSense_Sensing.c ****         *
2082:Generated_Source\PSoC4/CapSense_Sensing.c ****         *******************************************************************************/
ARM GAS  C:\Users\ADSTRU~1\AppData\Local\Temp\ccEcZ2Z6.s 			page 38


2083:Generated_Source\PSoC4/CapSense_Sensing.c ****         static void CapSense_SsTrimIdacsSinking(void)
2084:Generated_Source\PSoC4/CapSense_Sensing.c ****         {
2085:Generated_Source\PSoC4/CapSense_Sensing.c ****             uint32 trimValue;
2086:Generated_Source\PSoC4/CapSense_Sensing.c **** 
2087:Generated_Source\PSoC4/CapSense_Sensing.c ****             /* Mod iDAC Sinking Mode */
2088:Generated_Source\PSoC4/CapSense_Sensing.c ****             trimValue = CY_GET_REG32(CapSense_TRIM2_PTR) & ~CapSense_IDAC_TRIM2_MOD_SNK_MASK;
2089:Generated_Source\PSoC4/CapSense_Sensing.c ****             trimValue |= ((uint32)CY_GET_REG8(CapSense_SFLASH_TRIM2_PTR) &
2090:Generated_Source\PSoC4/CapSense_Sensing.c ****                                                       CapSense_SFLASH_TRIM_IDAC_MOD_MASK) ;
2091:Generated_Source\PSoC4/CapSense_Sensing.c **** 
2092:Generated_Source\PSoC4/CapSense_Sensing.c ****             #if (CapSense_ENABLE == CapSense_CSD_IDAC_COMP_EN)
2093:Generated_Source\PSoC4/CapSense_Sensing.c ****                 /* Comp iDAC Sinking Mode */
2094:Generated_Source\PSoC4/CapSense_Sensing.c ****                 trimValue &= ~CapSense_IDAC_TRIM2_COMP_SNK_MASK;
2095:Generated_Source\PSoC4/CapSense_Sensing.c ****                 trimValue |= ((uint32)CY_GET_REG8(CapSense_SFLASH_TRIM2_PTR) &
2096:Generated_Source\PSoC4/CapSense_Sensing.c ****                                                           CapSense_SFLASH_TRIM_IDAC_COMP_MASK);
2097:Generated_Source\PSoC4/CapSense_Sensing.c ****             #endif /* (CapSense_ENABLE == CapSense_CSD_IDAC_COMP_EN) */
2098:Generated_Source\PSoC4/CapSense_Sensing.c **** 
2099:Generated_Source\PSoC4/CapSense_Sensing.c ****             /* Update IDAC trim bits for gain control in current sink mode */
2100:Generated_Source\PSoC4/CapSense_Sensing.c ****             CY_SET_REG32(CapSense_TRIM2_PTR, trimValue);
2101:Generated_Source\PSoC4/CapSense_Sensing.c ****         }
2102:Generated_Source\PSoC4/CapSense_Sensing.c ****     #endif /* ((CapSense_ENABLE == CapSense_CSX_EN) || \
2103:Generated_Source\PSoC4/CapSense_Sensing.c ****                (CapSense_IDAC_SINKING == CapSense_CSD_IDAC_CONFIG)) */
2104:Generated_Source\PSoC4/CapSense_Sensing.c **** 
2105:Generated_Source\PSoC4/CapSense_Sensing.c **** 
2106:Generated_Source\PSoC4/CapSense_Sensing.c ****     #if ( ((CapSense_ENABLE == CapSense_CSX_EN) \
2107:Generated_Source\PSoC4/CapSense_Sensing.c ****         || (CapSense_ENABLE == CapSense_ISX_EN)) || \
2108:Generated_Source\PSoC4/CapSense_Sensing.c ****          (CapSense_IDAC_SOURCING == CapSense_CSD_IDAC_CONFIG))
2109:Generated_Source\PSoC4/CapSense_Sensing.c ****         /*******************************************************************************
2110:Generated_Source\PSoC4/CapSense_Sensing.c ****         * Function Name: CapSense_SsTrimIdacsSourcing
2111:Generated_Source\PSoC4/CapSense_Sensing.c ****         ****************************************************************************//**
2112:Generated_Source\PSoC4/CapSense_Sensing.c ****         *
2113:Generated_Source\PSoC4/CapSense_Sensing.c ****         * \brief
2114:Generated_Source\PSoC4/CapSense_Sensing.c ****         *  This function loads trim values from SFLASH rows to calibrate
2115:Generated_Source\PSoC4/CapSense_Sensing.c ****         *  IDAC1 and IDAC2 for Sourcing CSD Mode
2116:Generated_Source\PSoC4/CapSense_Sensing.c ****         *
2117:Generated_Source\PSoC4/CapSense_Sensing.c ****         * \details
2118:Generated_Source\PSoC4/CapSense_Sensing.c ****         *  Function reads trim value from SFLASH and loads it into IDAC trim register.
2119:Generated_Source\PSoC4/CapSense_Sensing.c ****         *  If Compensation IDAC is disabled the function loads trim values for IDAC1 only.
2120:Generated_Source\PSoC4/CapSense_Sensing.c ****         *
2121:Generated_Source\PSoC4/CapSense_Sensing.c ****         *******************************************************************************/
2122:Generated_Source\PSoC4/CapSense_Sensing.c ****         static void CapSense_SsTrimIdacsSourcing(void)
2123:Generated_Source\PSoC4/CapSense_Sensing.c ****         {
2124:Generated_Source\PSoC4/CapSense_Sensing.c ****             uint32 trimValue;
2125:Generated_Source\PSoC4/CapSense_Sensing.c **** 
2126:Generated_Source\PSoC4/CapSense_Sensing.c ****             /* Mod iDAC Sourcing Mode */
2127:Generated_Source\PSoC4/CapSense_Sensing.c ****             trimValue = CY_GET_REG32(CapSense_TRIM1_PTR) & ~CapSense_IDAC_TRIM1_MOD_SRC_MASK;
2128:Generated_Source\PSoC4/CapSense_Sensing.c ****             trimValue |= ((uint32)CY_GET_REG8(CapSense_SFLASH_TRIM1_PTR) &
2129:Generated_Source\PSoC4/CapSense_Sensing.c ****                                                       CapSense_SFLASH_TRIM_IDAC_MOD_MASK);
2130:Generated_Source\PSoC4/CapSense_Sensing.c **** 
2131:Generated_Source\PSoC4/CapSense_Sensing.c ****             #if (CapSense_ENABLE == CapSense_CSD_IDAC_COMP_EN)
2132:Generated_Source\PSoC4/CapSense_Sensing.c ****                  /* Comp iDAC Sourcing Mode */
2133:Generated_Source\PSoC4/CapSense_Sensing.c ****                 trimValue &= ~CapSense_IDAC_TRIM1_COMP_SRC_MASK;
2134:Generated_Source\PSoC4/CapSense_Sensing.c ****                 trimValue |= ((uint32)CY_GET_REG8(CapSense_SFLASH_TRIM1_PTR) &
2135:Generated_Source\PSoC4/CapSense_Sensing.c ****                                                           CapSense_SFLASH_TRIM_IDAC_COMP_MASK);
2136:Generated_Source\PSoC4/CapSense_Sensing.c ****             #endif /* (CapSense_ENABLE == CapSense_CSD_IDAC_COMP_EN) */
2137:Generated_Source\PSoC4/CapSense_Sensing.c **** 
2138:Generated_Source\PSoC4/CapSense_Sensing.c ****             /* Update IDAC trim bits for gain control in current source mode */
2139:Generated_Source\PSoC4/CapSense_Sensing.c ****             CY_SET_REG32(CapSense_TRIM1_PTR, trimValue);
ARM GAS  C:\Users\ADSTRU~1\AppData\Local\Temp\ccEcZ2Z6.s 			page 39


2140:Generated_Source\PSoC4/CapSense_Sensing.c ****         }
2141:Generated_Source\PSoC4/CapSense_Sensing.c ****     #endif /* ((CapSense_ENABLE == CapSense_CSX_EN) || \
2142:Generated_Source\PSoC4/CapSense_Sensing.c ****                (CapSense_IDAC_SOURCING == CapSense_CSD_IDAC_CONFIG)) */
2143:Generated_Source\PSoC4/CapSense_Sensing.c **** 
2144:Generated_Source\PSoC4/CapSense_Sensing.c **** 
2145:Generated_Source\PSoC4/CapSense_Sensing.c ****     /*******************************************************************************
2146:Generated_Source\PSoC4/CapSense_Sensing.c ****     * Function Name: CapSense_SsTrimIdacs
2147:Generated_Source\PSoC4/CapSense_Sensing.c ****     ****************************************************************************//**
2148:Generated_Source\PSoC4/CapSense_Sensing.c ****     *
2149:Generated_Source\PSoC4/CapSense_Sensing.c ****     * \brief
2150:Generated_Source\PSoC4/CapSense_Sensing.c ****     *  This function loads trim values from SFLASH rows to calibrate
2151:Generated_Source\PSoC4/CapSense_Sensing.c ****     *  IDAC1 and IDAC2 for CSD Mode
2152:Generated_Source\PSoC4/CapSense_Sensing.c ****     *
2153:Generated_Source\PSoC4/CapSense_Sensing.c ****     * \details
2154:Generated_Source\PSoC4/CapSense_Sensing.c ****     *  If CSX mode is enabled the function loads trim values for both sink and source
2155:Generated_Source\PSoC4/CapSense_Sensing.c ****     *  mode. If CSX mode is disabled the function loads trim values for sink or
2156:Generated_Source\PSoC4/CapSense_Sensing.c ****     *  source mode based on sink/source mode configuration.
2157:Generated_Source\PSoC4/CapSense_Sensing.c ****     *  If Compensation IDAC is disabled the function loads trim values for IDAC1 only.
2158:Generated_Source\PSoC4/CapSense_Sensing.c ****     *
2159:Generated_Source\PSoC4/CapSense_Sensing.c ****     *******************************************************************************/
2160:Generated_Source\PSoC4/CapSense_Sensing.c ****     static void CapSense_SsTrimIdacs(void)
2161:Generated_Source\PSoC4/CapSense_Sensing.c ****     {
2162:Generated_Source\PSoC4/CapSense_Sensing.c ****         #if (CapSense_ENABLE == CapSense_CSX_EN) || (CapSense_ENABLE == CapSense_ISX_EN)
2163:Generated_Source\PSoC4/CapSense_Sensing.c ****             CapSense_SsTrimIdacsSinking();
2164:Generated_Source\PSoC4/CapSense_Sensing.c ****             CapSense_SsTrimIdacsSourcing();
2165:Generated_Source\PSoC4/CapSense_Sensing.c ****         #elif (CapSense_IDAC_SINKING == CapSense_CSD_IDAC_CONFIG)
2166:Generated_Source\PSoC4/CapSense_Sensing.c ****             CapSense_SsTrimIdacsSinking();
2167:Generated_Source\PSoC4/CapSense_Sensing.c ****         #elif (CapSense_IDAC_SOURCING == CapSense_CSD_IDAC_CONFIG)
2168:Generated_Source\PSoC4/CapSense_Sensing.c ****             CapSense_SsTrimIdacsSourcing();
2169:Generated_Source\PSoC4/CapSense_Sensing.c ****         #else
2170:Generated_Source\PSoC4/CapSense_Sensing.c ****             #error "Not supported Mode, Component cannot work in this mode"
2171:Generated_Source\PSoC4/CapSense_Sensing.c ****         #endif /* (CapSense_ENABLE == CapSense_CSX_EN) || (CapSense_ENABLE == CapSense_ISX_EN) */
2172:Generated_Source\PSoC4/CapSense_Sensing.c ****     }
2173:Generated_Source\PSoC4/CapSense_Sensing.c **** #endif  /* (CapSense_DISABLE == CapSense_CSDV2) */
2174:Generated_Source\PSoC4/CapSense_Sensing.c **** 
2175:Generated_Source\PSoC4/CapSense_Sensing.c **** 
2176:Generated_Source\PSoC4/CapSense_Sensing.c **** #if (CapSense_ENABLE == CapSense_MULTI_FREQ_SCAN_EN)
2177:Generated_Source\PSoC4/CapSense_Sensing.c ****     /*******************************************************************************
2178:Generated_Source\PSoC4/CapSense_Sensing.c ****     * Function Name: CapSense_SsChangeImoFreq
2179:Generated_Source\PSoC4/CapSense_Sensing.c ****     ****************************************************************************//**
2180:Generated_Source\PSoC4/CapSense_Sensing.c ****     *
2181:Generated_Source\PSoC4/CapSense_Sensing.c ****     * \brief
2182:Generated_Source\PSoC4/CapSense_Sensing.c ****     *  This function changes the IMO frequency.
2183:Generated_Source\PSoC4/CapSense_Sensing.c ****     *
2184:Generated_Source\PSoC4/CapSense_Sensing.c ****     * \details
2185:Generated_Source\PSoC4/CapSense_Sensing.c ****     *  The IMO frequency can have three offsets: 0%, -5% and +5%. The frequency
2186:Generated_Source\PSoC4/CapSense_Sensing.c ****     *  trims are contained in the CapSense_immunity[value] array for each
2187:Generated_Source\PSoC4/CapSense_Sensing.c ****     *  frequency channel.
2188:Generated_Source\PSoC4/CapSense_Sensing.c ****     *
2189:Generated_Source\PSoC4/CapSense_Sensing.c ****     * \param value The frequency channel ID.
2190:Generated_Source\PSoC4/CapSense_Sensing.c ****     *
2191:Generated_Source\PSoC4/CapSense_Sensing.c ****     *******************************************************************************/
2192:Generated_Source\PSoC4/CapSense_Sensing.c ****     void CapSense_SsChangeImoFreq(uint32 value)
2193:Generated_Source\PSoC4/CapSense_Sensing.c ****     {
2194:Generated_Source\PSoC4/CapSense_Sensing.c ****         CY_SET_REG32(CY_SYS_CLK_IMO_TRIM1_PTR, CapSense_immunity[value]);
2195:Generated_Source\PSoC4/CapSense_Sensing.c ****     }
2196:Generated_Source\PSoC4/CapSense_Sensing.c **** 
ARM GAS  C:\Users\ADSTRU~1\AppData\Local\Temp\ccEcZ2Z6.s 			page 40


2197:Generated_Source\PSoC4/CapSense_Sensing.c ****     /*******************************************************************************
2198:Generated_Source\PSoC4/CapSense_Sensing.c ****     * Function Name: CapSense_SsChangeClkFreq
2199:Generated_Source\PSoC4/CapSense_Sensing.c ****     ****************************************************************************//**
2200:Generated_Source\PSoC4/CapSense_Sensing.c ****     *
2201:Generated_Source\PSoC4/CapSense_Sensing.c ****     * \brief
2202:Generated_Source\PSoC4/CapSense_Sensing.c ****     *  This function changes the sensor clock frequency by configuring
2203:Generated_Source\PSoC4/CapSense_Sensing.c ****     *  the corresponding divider.
2204:Generated_Source\PSoC4/CapSense_Sensing.c ****     *
2205:Generated_Source\PSoC4/CapSense_Sensing.c ****     * \details
2206:Generated_Source\PSoC4/CapSense_Sensing.c ****     *  This function changes the sensor clock frequency by configuring
2207:Generated_Source\PSoC4/CapSense_Sensing.c ****     *  the corresponding divider.
2208:Generated_Source\PSoC4/CapSense_Sensing.c ****     *
2209:Generated_Source\PSoC4/CapSense_Sensing.c ****     * \param chId
2210:Generated_Source\PSoC4/CapSense_Sensing.c ****     *  The frequency channel ID.
2211:Generated_Source\PSoC4/CapSense_Sensing.c ****     *
2212:Generated_Source\PSoC4/CapSense_Sensing.c ****     *******************************************************************************/
2213:Generated_Source\PSoC4/CapSense_Sensing.c ****     void CapSense_SsChangeClkFreq(uint32 chId)
2214:Generated_Source\PSoC4/CapSense_Sensing.c ****     {
2215:Generated_Source\PSoC4/CapSense_Sensing.c ****         uint32 snsClkDivider;
2216:Generated_Source\PSoC4/CapSense_Sensing.c ****         uint32 freqOffset1 = 0u;
2217:Generated_Source\PSoC4/CapSense_Sensing.c ****         uint32 freqOffset2 = 0u;
2218:Generated_Source\PSoC4/CapSense_Sensing.c **** 
2219:Generated_Source\PSoC4/CapSense_Sensing.c ****         #if (0u != CapSense_TOTAL_CSD_WIDGETS)
2220:Generated_Source\PSoC4/CapSense_Sensing.c ****             #if (CapSense_ENABLE == CapSense_CSDV2)
2221:Generated_Source\PSoC4/CapSense_Sensing.c ****                 uint32 conversionsNum;
2222:Generated_Source\PSoC4/CapSense_Sensing.c ****             #endif /* (CapSense_ENABLE == CapSense_CSDV2) */
2223:Generated_Source\PSoC4/CapSense_Sensing.c **** 
2224:Generated_Source\PSoC4/CapSense_Sensing.c ****             #if((CapSense_CLK_SOURCE_PRS8  == CapSense_CSD_SNS_CLK_SOURCE) ||\
2225:Generated_Source\PSoC4/CapSense_Sensing.c ****                 (CapSense_CLK_SOURCE_PRS12 == CapSense_CSD_SNS_CLK_SOURCE) ||\
2226:Generated_Source\PSoC4/CapSense_Sensing.c ****                 (CapSense_CLK_SOURCE_PRSAUTO == CapSense_CSD_SNS_CLK_SOURCE))
2227:Generated_Source\PSoC4/CapSense_Sensing.c ****                 uint32 snsClkSrc;
2228:Generated_Source\PSoC4/CapSense_Sensing.c ****             #endif
2229:Generated_Source\PSoC4/CapSense_Sensing.c ****         #endif
2230:Generated_Source\PSoC4/CapSense_Sensing.c **** 
2231:Generated_Source\PSoC4/CapSense_Sensing.c ****         #if ((0u != CapSense_TOTAL_CSD_WIDGETS) || \
2232:Generated_Source\PSoC4/CapSense_Sensing.c ****              ((CapSense_DISABLE == CapSense_CSX_COMMON_TX_CLK_EN) && (0u != CapSense_TOTAL_CSX_WIDG
2233:Generated_Source\PSoC4/CapSense_Sensing.c ****             CapSense_FLASH_WD_STRUCT const *ptrFlashWdgt = &CapSense_dsFlash.wdgtArray[CapSense_wid
2234:Generated_Source\PSoC4/CapSense_Sensing.c ****             CapSense_RAM_WD_BASE_STRUCT const *ptrWdgt = (CapSense_RAM_WD_BASE_STRUCT *)ptrFlashWdg
2235:Generated_Source\PSoC4/CapSense_Sensing.c ****         #endif
2236:Generated_Source\PSoC4/CapSense_Sensing.c **** 
2237:Generated_Source\PSoC4/CapSense_Sensing.c ****         switch(CapSense_GET_SENSE_METHOD(&CapSense_dsFlash.wdgtArray[CapSense_widgetIndex]))
2238:Generated_Source\PSoC4/CapSense_Sensing.c ****         {
2239:Generated_Source\PSoC4/CapSense_Sensing.c ****         #if (0u != CapSense_TOTAL_CSD_WIDGETS)
2240:Generated_Source\PSoC4/CapSense_Sensing.c ****             case CapSense_SENSE_METHOD_CSD_E:
2241:Generated_Source\PSoC4/CapSense_Sensing.c ****                 /* Get sensor clock divider value */
2242:Generated_Source\PSoC4/CapSense_Sensing.c ****                 #if (CapSense_ENABLE == CapSense_CSD_COMMON_SNS_CLK_EN)
2243:Generated_Source\PSoC4/CapSense_Sensing.c ****                     snsClkDivider = CapSense_dsRam.snsCsdClk;
2244:Generated_Source\PSoC4/CapSense_Sensing.c ****                 #else /* (CapSense_ENABLE == CapSense_CSD_COMMON_SNS_CLK_EN) */
2245:Generated_Source\PSoC4/CapSense_Sensing.c ****                     #if (CapSense_CSD_MATRIX_WIDGET_EN || CapSense_CSD_TOUCHPAD_WIDGET_EN)
2246:Generated_Source\PSoC4/CapSense_Sensing.c ****                         /* Get SnsClck divider for rows or columns */
2247:Generated_Source\PSoC4/CapSense_Sensing.c ****                         if (CapSense_dsFlash.wdgtArray[CapSense_widgetIndex].numCols <= CapSense_se
2248:Generated_Source\PSoC4/CapSense_Sensing.c ****                         {
2249:Generated_Source\PSoC4/CapSense_Sensing.c ****                             snsClkDivider = ptrWdgt->rowSnsClk;
2250:Generated_Source\PSoC4/CapSense_Sensing.c ****                         }
2251:Generated_Source\PSoC4/CapSense_Sensing.c ****                         else
2252:Generated_Source\PSoC4/CapSense_Sensing.c ****                         {
2253:Generated_Source\PSoC4/CapSense_Sensing.c ****                             snsClkDivider = ptrWdgt->snsClk;
ARM GAS  C:\Users\ADSTRU~1\AppData\Local\Temp\ccEcZ2Z6.s 			page 41


2254:Generated_Source\PSoC4/CapSense_Sensing.c ****                         }
2255:Generated_Source\PSoC4/CapSense_Sensing.c ****                     #else
2256:Generated_Source\PSoC4/CapSense_Sensing.c ****                         snsClkDivider = ptrWdgt->snsClk;
2257:Generated_Source\PSoC4/CapSense_Sensing.c ****                     #endif /* (CapSense_CSD_MATRIX_WIDGET_EN || CapSense_CSD_TOUCHPAD_WIDGET_EN) */
2258:Generated_Source\PSoC4/CapSense_Sensing.c ****                 #endif /* (CapSense_ENABLE == CapSense_CSD_COMMON_SNS_CLK_EN) */
2259:Generated_Source\PSoC4/CapSense_Sensing.c **** 
2260:Generated_Source\PSoC4/CapSense_Sensing.c ****                 freqOffset1 = CapSense_CSD_MFS_DIVIDER_OFFSET_F1;
2261:Generated_Source\PSoC4/CapSense_Sensing.c ****                 freqOffset2 = CapSense_CSD_MFS_DIVIDER_OFFSET_F2;
2262:Generated_Source\PSoC4/CapSense_Sensing.c **** 
2263:Generated_Source\PSoC4/CapSense_Sensing.c ****                 #if((CapSense_CLK_SOURCE_PRS8  == CapSense_CSD_SNS_CLK_SOURCE) ||\
2264:Generated_Source\PSoC4/CapSense_Sensing.c ****                     (CapSense_CLK_SOURCE_PRS12 == CapSense_CSD_SNS_CLK_SOURCE) ||\
2265:Generated_Source\PSoC4/CapSense_Sensing.c ****                     (CapSense_CLK_SOURCE_PRSAUTO == CapSense_CSD_SNS_CLK_SOURCE))
2266:Generated_Source\PSoC4/CapSense_Sensing.c ****                     /* Get sense clk source */
2267:Generated_Source\PSoC4/CapSense_Sensing.c ****                     #if (CapSense_CSD_MATRIX_WIDGET_EN || CapSense_CSD_TOUCHPAD_WIDGET_EN)
2268:Generated_Source\PSoC4/CapSense_Sensing.c ****                         /* Get SnsClc Source for rows or columns */
2269:Generated_Source\PSoC4/CapSense_Sensing.c ****                         if (CapSense_dsFlash.wdgtArray[CapSense_widgetIndex].numCols <= CapSense_se
2270:Generated_Source\PSoC4/CapSense_Sensing.c ****                         {
2271:Generated_Source\PSoC4/CapSense_Sensing.c ****                             snsClkSrc = (uint32)ptrWdgt->rowSnsClkSource;
2272:Generated_Source\PSoC4/CapSense_Sensing.c ****                         }
2273:Generated_Source\PSoC4/CapSense_Sensing.c ****                         else
2274:Generated_Source\PSoC4/CapSense_Sensing.c ****                         {
2275:Generated_Source\PSoC4/CapSense_Sensing.c ****                             snsClkSrc = (uint32)ptrWdgt->snsClkSource;
2276:Generated_Source\PSoC4/CapSense_Sensing.c ****                         }
2277:Generated_Source\PSoC4/CapSense_Sensing.c ****                     #else
2278:Generated_Source\PSoC4/CapSense_Sensing.c ****                         snsClkSrc = (uint32)ptrWdgt->snsClkSource;
2279:Generated_Source\PSoC4/CapSense_Sensing.c ****                     #endif /* (CapSense_CSD_MATRIX_WIDGET_EN || CapSense_CSD_TOUCHPAD_WIDGET_EN) */
2280:Generated_Source\PSoC4/CapSense_Sensing.c **** 
2281:Generated_Source\PSoC4/CapSense_Sensing.c ****                     switch (snsClkSrc)
2282:Generated_Source\PSoC4/CapSense_Sensing.c ****                     {
2283:Generated_Source\PSoC4/CapSense_Sensing.c ****                     case CapSense_CLK_SOURCE_PRS8:
2284:Generated_Source\PSoC4/CapSense_Sensing.c ****                     case CapSense_CLK_SOURCE_PRS12:
2285:Generated_Source\PSoC4/CapSense_Sensing.c ****                         /* Multiply by 2 for PRS8/PRS12 mode */
2286:Generated_Source\PSoC4/CapSense_Sensing.c ****                         freqOffset1 <<= 1u;
2287:Generated_Source\PSoC4/CapSense_Sensing.c ****                         freqOffset2 <<= 1u;
2288:Generated_Source\PSoC4/CapSense_Sensing.c ****                         break;
2289:Generated_Source\PSoC4/CapSense_Sensing.c **** 
2290:Generated_Source\PSoC4/CapSense_Sensing.c ****                     default:
2291:Generated_Source\PSoC4/CapSense_Sensing.c ****                         break;
2292:Generated_Source\PSoC4/CapSense_Sensing.c ****                     }
2293:Generated_Source\PSoC4/CapSense_Sensing.c ****                 #endif
2294:Generated_Source\PSoC4/CapSense_Sensing.c **** 
2295:Generated_Source\PSoC4/CapSense_Sensing.c ****                 /* Change the divider based on the chId */
2296:Generated_Source\PSoC4/CapSense_Sensing.c ****                 switch (chId)
2297:Generated_Source\PSoC4/CapSense_Sensing.c ****                 {
2298:Generated_Source\PSoC4/CapSense_Sensing.c ****                     case CapSense_FREQ_CHANNEL_1:
2299:Generated_Source\PSoC4/CapSense_Sensing.c ****                     {
2300:Generated_Source\PSoC4/CapSense_Sensing.c ****                         snsClkDivider += freqOffset1;
2301:Generated_Source\PSoC4/CapSense_Sensing.c ****                         break;
2302:Generated_Source\PSoC4/CapSense_Sensing.c ****                     }
2303:Generated_Source\PSoC4/CapSense_Sensing.c ****                     case CapSense_FREQ_CHANNEL_2:
2304:Generated_Source\PSoC4/CapSense_Sensing.c ****                     {
2305:Generated_Source\PSoC4/CapSense_Sensing.c ****                         snsClkDivider += freqOffset2;
2306:Generated_Source\PSoC4/CapSense_Sensing.c ****                         break;
2307:Generated_Source\PSoC4/CapSense_Sensing.c ****                     }
2308:Generated_Source\PSoC4/CapSense_Sensing.c ****                     default:
2309:Generated_Source\PSoC4/CapSense_Sensing.c ****                     {
2310:Generated_Source\PSoC4/CapSense_Sensing.c ****                         break;
ARM GAS  C:\Users\ADSTRU~1\AppData\Local\Temp\ccEcZ2Z6.s 			page 42


2311:Generated_Source\PSoC4/CapSense_Sensing.c ****                     }
2312:Generated_Source\PSoC4/CapSense_Sensing.c ****                 }
2313:Generated_Source\PSoC4/CapSense_Sensing.c **** 
2314:Generated_Source\PSoC4/CapSense_Sensing.c ****                 #if (CapSense_ENABLE == CapSense_CSDV2)
2315:Generated_Source\PSoC4/CapSense_Sensing.c ****                     /* Set Number Of Conversions based on scanning resolution */
2316:Generated_Source\PSoC4/CapSense_Sensing.c ****                     conversionsNum = CapSense_SsCSDGetNumberOfConversions(snsClkDivider, (uint32)pt
2317:Generated_Source\PSoC4/CapSense_Sensing.c ****                     CY_SET_REG32(CapSense_SEQ_NORM_CNT_PTR, (conversionsNum & CapSense_SEQ_NORM_CNT
2318:Generated_Source\PSoC4/CapSense_Sensing.c ****                 #endif /* (CapSense_ENABLE == CapSense_CSDV2) */
2319:Generated_Source\PSoC4/CapSense_Sensing.c **** 
2320:Generated_Source\PSoC4/CapSense_Sensing.c ****                 #if((CapSense_CLK_SOURCE_PRS8  == CapSense_CSD_SNS_CLK_SOURCE) ||\
2321:Generated_Source\PSoC4/CapSense_Sensing.c ****                     (CapSense_CLK_SOURCE_PRS12 == CapSense_CSD_SNS_CLK_SOURCE) ||\
2322:Generated_Source\PSoC4/CapSense_Sensing.c ****                     (CapSense_CLK_SOURCE_PRSAUTO == CapSense_CSD_SNS_CLK_SOURCE))
2323:Generated_Source\PSoC4/CapSense_Sensing.c ****                     switch (snsClkSrc)
2324:Generated_Source\PSoC4/CapSense_Sensing.c ****                     {
2325:Generated_Source\PSoC4/CapSense_Sensing.c ****                     case CapSense_CLK_SOURCE_PRS8:
2326:Generated_Source\PSoC4/CapSense_Sensing.c ****                     case CapSense_CLK_SOURCE_PRS12:
2327:Generated_Source\PSoC4/CapSense_Sensing.c ****                         /* Divide by 2 for PRS8/PRS12 mode */
2328:Generated_Source\PSoC4/CapSense_Sensing.c ****                         snsClkDivider >>= 1;
2329:Generated_Source\PSoC4/CapSense_Sensing.c ****                         if (snsClkDivider == 0u)
2330:Generated_Source\PSoC4/CapSense_Sensing.c ****                         {
2331:Generated_Source\PSoC4/CapSense_Sensing.c ****                             snsClkDivider = 1u;
2332:Generated_Source\PSoC4/CapSense_Sensing.c ****                         }
2333:Generated_Source\PSoC4/CapSense_Sensing.c ****                         break;
2334:Generated_Source\PSoC4/CapSense_Sensing.c **** 
2335:Generated_Source\PSoC4/CapSense_Sensing.c ****                     default:
2336:Generated_Source\PSoC4/CapSense_Sensing.c ****                         break;
2337:Generated_Source\PSoC4/CapSense_Sensing.c ****                     }
2338:Generated_Source\PSoC4/CapSense_Sensing.c ****                 #endif
2339:Generated_Source\PSoC4/CapSense_Sensing.c **** 
2340:Generated_Source\PSoC4/CapSense_Sensing.c ****                 /* Configure the new divider */
2341:Generated_Source\PSoC4/CapSense_Sensing.c ****                 CapSense_SsSetSnsClockDivider(snsClkDivider);
2342:Generated_Source\PSoC4/CapSense_Sensing.c **** 
2343:Generated_Source\PSoC4/CapSense_Sensing.c ****                 break;
2344:Generated_Source\PSoC4/CapSense_Sensing.c ****         #endif /* #if (0u != CapSense_TOTAL_CSD_WIDGETS) */
2345:Generated_Source\PSoC4/CapSense_Sensing.c **** 
2346:Generated_Source\PSoC4/CapSense_Sensing.c ****         #if (0u != CapSense_TOTAL_CSX_WIDGETS)
2347:Generated_Source\PSoC4/CapSense_Sensing.c ****             case CapSense_SENSE_METHOD_CSX_E:
2348:Generated_Source\PSoC4/CapSense_Sensing.c ****                 #if (CapSense_ENABLE == CapSense_CSX_COMMON_TX_CLK_EN)
2349:Generated_Source\PSoC4/CapSense_Sensing.c ****                     snsClkDivider = CapSense_dsRam.snsCsxClk;
2350:Generated_Source\PSoC4/CapSense_Sensing.c ****                 #else /* (CapSense_ENABLE == CapSense_CSX_COMMON_TX_CLK_EN) */
2351:Generated_Source\PSoC4/CapSense_Sensing.c ****                     snsClkDivider = ptrWdgt->snsClk;
2352:Generated_Source\PSoC4/CapSense_Sensing.c ****                 #endif /* (CapSense_ENABLE == CapSense_CSX_COMMON_TX_CLK_EN) */
2353:Generated_Source\PSoC4/CapSense_Sensing.c ****                 freqOffset1 = CapSense_CSX_MFS_DIVIDER_OFFSET_F1;
2354:Generated_Source\PSoC4/CapSense_Sensing.c ****                 freqOffset2 = CapSense_CSX_MFS_DIVIDER_OFFSET_F2;
2355:Generated_Source\PSoC4/CapSense_Sensing.c **** 
2356:Generated_Source\PSoC4/CapSense_Sensing.c ****                 /* Change the divider based on the chId */
2357:Generated_Source\PSoC4/CapSense_Sensing.c ****                 switch (chId)
2358:Generated_Source\PSoC4/CapSense_Sensing.c ****                 {
2359:Generated_Source\PSoC4/CapSense_Sensing.c ****                     case CapSense_FREQ_CHANNEL_1:
2360:Generated_Source\PSoC4/CapSense_Sensing.c ****                     {
2361:Generated_Source\PSoC4/CapSense_Sensing.c ****                         snsClkDivider += freqOffset1;
2362:Generated_Source\PSoC4/CapSense_Sensing.c ****                         break;
2363:Generated_Source\PSoC4/CapSense_Sensing.c ****                     }
2364:Generated_Source\PSoC4/CapSense_Sensing.c ****                     case CapSense_FREQ_CHANNEL_2:
2365:Generated_Source\PSoC4/CapSense_Sensing.c ****                     {
2366:Generated_Source\PSoC4/CapSense_Sensing.c ****                         snsClkDivider += freqOffset2;
2367:Generated_Source\PSoC4/CapSense_Sensing.c ****                         break;
ARM GAS  C:\Users\ADSTRU~1\AppData\Local\Temp\ccEcZ2Z6.s 			page 43


2368:Generated_Source\PSoC4/CapSense_Sensing.c ****                     }
2369:Generated_Source\PSoC4/CapSense_Sensing.c ****                     default:
2370:Generated_Source\PSoC4/CapSense_Sensing.c ****                     {
2371:Generated_Source\PSoC4/CapSense_Sensing.c ****                         break;
2372:Generated_Source\PSoC4/CapSense_Sensing.c ****                     }
2373:Generated_Source\PSoC4/CapSense_Sensing.c ****                 }
2374:Generated_Source\PSoC4/CapSense_Sensing.c **** 
2375:Generated_Source\PSoC4/CapSense_Sensing.c ****                 /* Configure the new divider */
2376:Generated_Source\PSoC4/CapSense_Sensing.c ****                 CapSense_SsSetSnsClockDivider(snsClkDivider);
2377:Generated_Source\PSoC4/CapSense_Sensing.c **** 
2378:Generated_Source\PSoC4/CapSense_Sensing.c ****                 break;
2379:Generated_Source\PSoC4/CapSense_Sensing.c ****         #endif /* #if (0u != CapSense_TOTAL_CSX_WIDGETS) */
2380:Generated_Source\PSoC4/CapSense_Sensing.c **** 
2381:Generated_Source\PSoC4/CapSense_Sensing.c ****         default:
2382:Generated_Source\PSoC4/CapSense_Sensing.c ****             CYASSERT(0);
2383:Generated_Source\PSoC4/CapSense_Sensing.c ****             break;
2384:Generated_Source\PSoC4/CapSense_Sensing.c ****         }
2385:Generated_Source\PSoC4/CapSense_Sensing.c ****     }
2386:Generated_Source\PSoC4/CapSense_Sensing.c **** #endif  /* (CapSense_ENABLE == CapSense_MULTI_FREQ_SCAN_EN) */
2387:Generated_Source\PSoC4/CapSense_Sensing.c **** 
2388:Generated_Source\PSoC4/CapSense_Sensing.c **** 
2389:Generated_Source\PSoC4/CapSense_Sensing.c **** #if((CapSense_ENABLE == CapSense_CSD_EN) || \
2390:Generated_Source\PSoC4/CapSense_Sensing.c ****     ((CapSense_ENABLE == CapSense_CSX_EN) && \
2391:Generated_Source\PSoC4/CapSense_Sensing.c ****      (CapSense_ENABLE == CapSense_CSDV2)))
2392:Generated_Source\PSoC4/CapSense_Sensing.c **** /*******************************************************************************
2393:Generated_Source\PSoC4/CapSense_Sensing.c **** * Function Name: CapSense_SsInitializeSourceSenseClk
2394:Generated_Source\PSoC4/CapSense_Sensing.c **** ****************************************************************************//**
2395:Generated_Source\PSoC4/CapSense_Sensing.c **** *
2396:Generated_Source\PSoC4/CapSense_Sensing.c **** * \brief
2397:Generated_Source\PSoC4/CapSense_Sensing.c **** *  Sets a source for Sense Clk for all CSD widgets.
2398:Generated_Source\PSoC4/CapSense_Sensing.c **** *
2399:Generated_Source\PSoC4/CapSense_Sensing.c **** * \details
2400:Generated_Source\PSoC4/CapSense_Sensing.c **** *  Updates snsClkSource and rowSnsClkSource with a source for the sense Clk.
2401:Generated_Source\PSoC4/CapSense_Sensing.c **** *  for all CSD widgets.
2402:Generated_Source\PSoC4/CapSense_Sensing.c **** *
2403:Generated_Source\PSoC4/CapSense_Sensing.c **** *******************************************************************************/
2404:Generated_Source\PSoC4/CapSense_Sensing.c **** void CapSense_SsInitializeSourceSenseClk(void)
2405:Generated_Source\PSoC4/CapSense_Sensing.c **** {
2406:Generated_Source\PSoC4/CapSense_Sensing.c ****     uint32 wdgtIndex;
2407:Generated_Source\PSoC4/CapSense_Sensing.c ****     CapSense_RAM_WD_BASE_STRUCT *ptrWdgt;
2408:Generated_Source\PSoC4/CapSense_Sensing.c **** 
2409:Generated_Source\PSoC4/CapSense_Sensing.c ****     for (wdgtIndex = 0u; wdgtIndex < CapSense_TOTAL_WIDGETS; wdgtIndex++)
2410:Generated_Source\PSoC4/CapSense_Sensing.c ****     {
2411:Generated_Source\PSoC4/CapSense_Sensing.c ****         ptrWdgt = (CapSense_RAM_WD_BASE_STRUCT *)CapSense_dsFlash.wdgtArray[wdgtIndex].ptr2WdgtRam;
2412:Generated_Source\PSoC4/CapSense_Sensing.c **** 
2413:Generated_Source\PSoC4/CapSense_Sensing.c ****         switch (CapSense_GET_SENSE_METHOD(&CapSense_dsFlash.wdgtArray[wdgtIndex]))
2414:Generated_Source\PSoC4/CapSense_Sensing.c ****         {
2415:Generated_Source\PSoC4/CapSense_Sensing.c ****         #if (CapSense_ENABLE == CapSense_CSD_EN)
2416:Generated_Source\PSoC4/CapSense_Sensing.c ****             case CapSense_SENSE_METHOD_CSD_E:
2417:Generated_Source\PSoC4/CapSense_Sensing.c ****                 CapSense_SsSetWidgetSenseClkSrc(wdgtIndex, ptrWdgt);
2418:Generated_Source\PSoC4/CapSense_Sensing.c ****                 break;
2419:Generated_Source\PSoC4/CapSense_Sensing.c ****         #endif /* (CapSense_ENABLE == CapSense_CSD_EN) */
2420:Generated_Source\PSoC4/CapSense_Sensing.c ****         #if ((CapSense_ENABLE == CapSense_CSX_EN) && (CapSense_ENABLE == CapSense_CSDV2))
2421:Generated_Source\PSoC4/CapSense_Sensing.c ****             case CapSense_SENSE_METHOD_CSX_E:
2422:Generated_Source\PSoC4/CapSense_Sensing.c ****                 CapSense_SsSetWidgetTxClkSrc(wdgtIndex, ptrWdgt);
2423:Generated_Source\PSoC4/CapSense_Sensing.c ****                 break;
2424:Generated_Source\PSoC4/CapSense_Sensing.c ****         #endif /* (((CapSense_ENABLE == CapSense_CSX_EN) || (CapSense_ENABLE == CapSense_ISX_EN)) &
ARM GAS  C:\Users\ADSTRU~1\AppData\Local\Temp\ccEcZ2Z6.s 			page 44


2425:Generated_Source\PSoC4/CapSense_Sensing.c ****         default:
2426:Generated_Source\PSoC4/CapSense_Sensing.c ****             break;
2427:Generated_Source\PSoC4/CapSense_Sensing.c ****         }
2428:Generated_Source\PSoC4/CapSense_Sensing.c ****         #if (CapSense_ENABLE == CapSense_TST_WDGT_CRC_EN)
2429:Generated_Source\PSoC4/CapSense_Sensing.c ****             CapSense_DsUpdateWidgetCrc(wdgtIndex);
2430:Generated_Source\PSoC4/CapSense_Sensing.c ****         #endif /* (CapSense_ENABLE == CapSense_TST_WDGT_CRC_EN) */
2431:Generated_Source\PSoC4/CapSense_Sensing.c ****     }
2432:Generated_Source\PSoC4/CapSense_Sensing.c **** }
2433:Generated_Source\PSoC4/CapSense_Sensing.c **** #endif /* ((CapSense_ENABLE == CapSense_CSD_EN) || \
2434:Generated_Source\PSoC4/CapSense_Sensing.c ****            (((CapSense_ENABLE == CapSense_CSX_EN) || \
2435:Generated_Source\PSoC4/CapSense_Sensing.c ****            (CapSense_ENABLE == CapSense_ISX_EN)) && \
2436:Generated_Source\PSoC4/CapSense_Sensing.c ****            (CapSense_ENABLE == CapSense_CSDV2))) */
2437:Generated_Source\PSoC4/CapSense_Sensing.c **** 
2438:Generated_Source\PSoC4/CapSense_Sensing.c **** 
2439:Generated_Source\PSoC4/CapSense_Sensing.c **** #if (CapSense_ENABLE == CapSense_CSD_EN)
2440:Generated_Source\PSoC4/CapSense_Sensing.c ****     /*******************************************************************************
2441:Generated_Source\PSoC4/CapSense_Sensing.c ****     * Function Name: CapSense_SsSetWidgetSenseClkSrc
2442:Generated_Source\PSoC4/CapSense_Sensing.c ****     ****************************************************************************//**
2443:Generated_Source\PSoC4/CapSense_Sensing.c ****     *
2444:Generated_Source\PSoC4/CapSense_Sensing.c ****     * \brief
2445:Generated_Source\PSoC4/CapSense_Sensing.c ****     *  Sets a source for the sense clock for a widget.
2446:Generated_Source\PSoC4/CapSense_Sensing.c ****     *
2447:Generated_Source\PSoC4/CapSense_Sensing.c ****     * \param wdgtIndex
2448:Generated_Source\PSoC4/CapSense_Sensing.c ****     *  Specifies the ID of the widget.
2449:Generated_Source\PSoC4/CapSense_Sensing.c ****     * \param ptrWdgt
2450:Generated_Source\PSoC4/CapSense_Sensing.c ****     *  The pointer to the RAM_WD_BASE_STRUCT structure.
2451:Generated_Source\PSoC4/CapSense_Sensing.c ****     *
2452:Generated_Source\PSoC4/CapSense_Sensing.c ****     * \details
2453:Generated_Source\PSoC4/CapSense_Sensing.c ****     *  Updates snsClkSource and rowSnsClkSource with a source for the sense Clk for a
2454:Generated_Source\PSoC4/CapSense_Sensing.c ****     *  widget.
2455:Generated_Source\PSoC4/CapSense_Sensing.c ****     *
2456:Generated_Source\PSoC4/CapSense_Sensing.c ****     *******************************************************************************/
2457:Generated_Source\PSoC4/CapSense_Sensing.c ****     static void CapSense_SsSetWidgetSenseClkSrc(uint32 wdgtIndex, CapSense_RAM_WD_BASE_STRUCT * ptr
2458:Generated_Source\PSoC4/CapSense_Sensing.c ****     {
2459:Generated_Source\PSoC4/CapSense_Sensing.c ****         uint8 lfsrSize;
2460:Generated_Source\PSoC4/CapSense_Sensing.c ****         uint8 lfsrScale;
2461:Generated_Source\PSoC4/CapSense_Sensing.c **** 
2462:Generated_Source\PSoC4/CapSense_Sensing.c ****         #if(CapSense_CLK_SOURCE_PRSAUTO == CapSense_CSD_SNS_CLK_SOURCE)
2463:Generated_Source\PSoC4/CapSense_Sensing.c ****             #if(CapSense_ENABLE == CapSense_CSDV2)
2464:Generated_Source\PSoC4/CapSense_Sensing.c ****                 uint32 conversionsNum;
2465:Generated_Source\PSoC4/CapSense_Sensing.c ****             #endif /* (CapSense_ENABLE == CapSense_CSDV2) */
2466:Generated_Source\PSoC4/CapSense_Sensing.c ****             uint32 snsClkDivider;
2467:Generated_Source\PSoC4/CapSense_Sensing.c ****         #endif /* (CapSense_CLK_SOURCE_PRSAUTO == CapSense_CSD_SNS_CLK_SOURCE) */
2468:Generated_Source\PSoC4/CapSense_Sensing.c **** 
2469:Generated_Source\PSoC4/CapSense_Sensing.c ****         #if(CapSense_CLK_SOURCE_PRSAUTO == CapSense_CSD_SNS_CLK_SOURCE)
2470:Generated_Source\PSoC4/CapSense_Sensing.c ****             snsClkDivider = CapSense_SsCSDGetColSnsClkDivider(wdgtIndex);
2471:Generated_Source\PSoC4/CapSense_Sensing.c **** 
2472:Generated_Source\PSoC4/CapSense_Sensing.c ****             #if(CapSense_ENABLE == CapSense_CSDV2)
2473:Generated_Source\PSoC4/CapSense_Sensing.c ****                 conversionsNum = CapSense_SsCSDGetNumberOfConversions(snsClkDivider, (uint32)ptrWdg
2474:Generated_Source\PSoC4/CapSense_Sensing.c ****                                                                                              CapSen
2475:Generated_Source\PSoC4/CapSense_Sensing.c ****                 lfsrSize = CapSense_SsCalcLfsrSize(snsClkDivider, conversionsNum);
2476:Generated_Source\PSoC4/CapSense_Sensing.c ****                 if (CapSense_CLK_SOURCE_DIRECT == lfsrSize)
2477:Generated_Source\PSoC4/CapSense_Sensing.c ****                 {
2478:Generated_Source\PSoC4/CapSense_Sensing.c ****                     /*
2479:Generated_Source\PSoC4/CapSense_Sensing.c ****                     * Multiplying of the snsClkDivider by 2 is needed to pass the
2480:Generated_Source\PSoC4/CapSense_Sensing.c ****                     * average PRS frequency through the argument.
2481:Generated_Source\PSoC4/CapSense_Sensing.c ****                     */
ARM GAS  C:\Users\ADSTRU~1\AppData\Local\Temp\ccEcZ2Z6.s 			page 45


2482:Generated_Source\PSoC4/CapSense_Sensing.c ****                     lfsrSize = CapSense_SsCSDCalcPrsSize(snsClkDivider << 1uL, (uint32)ptrWdgt->res
2483:Generated_Source\PSoC4/CapSense_Sensing.c ****                 }
2484:Generated_Source\PSoC4/CapSense_Sensing.c ****                 lfsrScale = CapSense_SsCalcLfsrScale(snsClkDivider, lfsrSize);
2485:Generated_Source\PSoC4/CapSense_Sensing.c ****             #else
2486:Generated_Source\PSoC4/CapSense_Sensing.c ****                 /*
2487:Generated_Source\PSoC4/CapSense_Sensing.c ****                 * Multiplying of the snsClkDivider by 2 is needed to pass the
2488:Generated_Source\PSoC4/CapSense_Sensing.c ****                 * average PRS frequency through the argument.
2489:Generated_Source\PSoC4/CapSense_Sensing.c ****                 */
2490:Generated_Source\PSoC4/CapSense_Sensing.c ****                 lfsrSize = CapSense_SsCSDCalcPrsSize(snsClkDivider << 1uL, (uint32)ptrWdgt->resolut
2491:Generated_Source\PSoC4/CapSense_Sensing.c ****                 lfsrScale = 0u;
2492:Generated_Source\PSoC4/CapSense_Sensing.c ****             #endif /* (CapSense_ENABLE == CapSense_CSDV2) */
2493:Generated_Source\PSoC4/CapSense_Sensing.c ****         #else
2494:Generated_Source\PSoC4/CapSense_Sensing.c ****             lfsrSize = (uint8)CapSense_DEFAULT_MODULATION_MODE;
2495:Generated_Source\PSoC4/CapSense_Sensing.c ****             lfsrScale = 0u;
2496:Generated_Source\PSoC4/CapSense_Sensing.c ****             (void)wdgtIndex; /* This parameter is unused in such configurations */
2497:Generated_Source\PSoC4/CapSense_Sensing.c ****         #endif /* (CapSense_CLK_SOURCE_PRSAUTO == CapSense_CSD_SNS_CLK_SOURCE) */
2498:Generated_Source\PSoC4/CapSense_Sensing.c **** 
2499:Generated_Source\PSoC4/CapSense_Sensing.c ****         ptrWdgt->snsClkSource = lfsrSize | (uint8)(lfsrScale << CapSense_CLK_SOURCE_LFSR_SCALE_OFFS
2500:Generated_Source\PSoC4/CapSense_Sensing.c **** 
2501:Generated_Source\PSoC4/CapSense_Sensing.c ****         #if (CapSense_CSD_MATRIX_WIDGET_EN || CapSense_CSD_TOUCHPAD_WIDGET_EN)
2502:Generated_Source\PSoC4/CapSense_Sensing.c ****             if ((CapSense_WD_TOUCHPAD_E == (CapSense_WD_TYPE_ENUM)CapSense_dsFlash.wdgtArray[wdgtIn
2503:Generated_Source\PSoC4/CapSense_Sensing.c ****                 (CapSense_WD_MATRIX_BUTTON_E == (CapSense_WD_TYPE_ENUM)CapSense_dsFlash.wdgtArray[w
2504:Generated_Source\PSoC4/CapSense_Sensing.c ****             {
2505:Generated_Source\PSoC4/CapSense_Sensing.c ****                 #if(CapSense_CLK_SOURCE_PRSAUTO == CapSense_CSD_SNS_CLK_SOURCE)
2506:Generated_Source\PSoC4/CapSense_Sensing.c ****                     snsClkDivider = CapSense_SsCSDGetRowSnsClkDivider(wdgtIndex);
2507:Generated_Source\PSoC4/CapSense_Sensing.c **** 
2508:Generated_Source\PSoC4/CapSense_Sensing.c ****                     #if(CapSense_ENABLE == CapSense_CSDV2)
2509:Generated_Source\PSoC4/CapSense_Sensing.c ****                         lfsrSize = CapSense_SsCalcLfsrSize(snsClkDivider, conversionsNum);
2510:Generated_Source\PSoC4/CapSense_Sensing.c ****                         if (CapSense_CLK_SOURCE_DIRECT == lfsrSize)
2511:Generated_Source\PSoC4/CapSense_Sensing.c ****                         {
2512:Generated_Source\PSoC4/CapSense_Sensing.c ****                             /*
2513:Generated_Source\PSoC4/CapSense_Sensing.c ****                             * Multiplying of the snsClkDivider by 2 is needed to pass the
2514:Generated_Source\PSoC4/CapSense_Sensing.c ****                             * average PRS frequency through the argument.
2515:Generated_Source\PSoC4/CapSense_Sensing.c ****                             */
2516:Generated_Source\PSoC4/CapSense_Sensing.c ****                             lfsrSize = CapSense_SsCSDCalcPrsSize(snsClkDivider << 1uL, (uint32)ptrW
2517:Generated_Source\PSoC4/CapSense_Sensing.c ****                         }
2518:Generated_Source\PSoC4/CapSense_Sensing.c ****                         lfsrScale = CapSense_SsCalcLfsrScale(snsClkDivider, lfsrSize);
2519:Generated_Source\PSoC4/CapSense_Sensing.c ****                     #else
2520:Generated_Source\PSoC4/CapSense_Sensing.c ****                         /*
2521:Generated_Source\PSoC4/CapSense_Sensing.c ****                         * Multiplying of the snsClkDivider by 2 is needed to pass the
2522:Generated_Source\PSoC4/CapSense_Sensing.c ****                         * average PRS frequency through the argument.
2523:Generated_Source\PSoC4/CapSense_Sensing.c ****                         */
2524:Generated_Source\PSoC4/CapSense_Sensing.c ****                         lfsrSize = CapSense_SsCSDCalcPrsSize(snsClkDivider << 1uL, (uint32)ptrWdgt-
2525:Generated_Source\PSoC4/CapSense_Sensing.c ****                         lfsrScale = 0u;
2526:Generated_Source\PSoC4/CapSense_Sensing.c ****                     #endif /* (CapSense_ENABLE == CapSense_CSDV2) */
2527:Generated_Source\PSoC4/CapSense_Sensing.c ****                 #else
2528:Generated_Source\PSoC4/CapSense_Sensing.c ****                     lfsrSize = (uint8)CapSense_DEFAULT_MODULATION_MODE;
2529:Generated_Source\PSoC4/CapSense_Sensing.c ****                     lfsrScale = 0u;
2530:Generated_Source\PSoC4/CapSense_Sensing.c ****                 #endif /* (CapSense_CLK_SOURCE_PRSAUTO == CapSense_CSD_SNS_CLK_SOURCE) */
2531:Generated_Source\PSoC4/CapSense_Sensing.c ****                 ptrWdgt->rowSnsClkSource = lfsrSize | (uint8)(lfsrScale << CapSense_CLK_SOURCE_LFSR
2532:Generated_Source\PSoC4/CapSense_Sensing.c ****             }
2533:Generated_Source\PSoC4/CapSense_Sensing.c ****         #endif /* (CapSense_CSD_MATRIX_WIDGET_EN || CapSense_CSD_TOUCHPAD_WIDGET_EN) */
2534:Generated_Source\PSoC4/CapSense_Sensing.c ****     }
2535:Generated_Source\PSoC4/CapSense_Sensing.c **** #endif /* (CapSense_ENABLE == CapSense_CSD_EN) */
2536:Generated_Source\PSoC4/CapSense_Sensing.c **** 
2537:Generated_Source\PSoC4/CapSense_Sensing.c **** 
2538:Generated_Source\PSoC4/CapSense_Sensing.c **** #if ((CapSense_ENABLE == CapSense_CSX_EN) && (CapSense_ENABLE == CapSense_CSDV2))
ARM GAS  C:\Users\ADSTRU~1\AppData\Local\Temp\ccEcZ2Z6.s 			page 46


2539:Generated_Source\PSoC4/CapSense_Sensing.c ****     /*******************************************************************************
2540:Generated_Source\PSoC4/CapSense_Sensing.c ****     * Function Name: CapSense_SsSetWidgetTxClkSrc
2541:Generated_Source\PSoC4/CapSense_Sensing.c ****     ****************************************************************************//**
2542:Generated_Source\PSoC4/CapSense_Sensing.c ****     *
2543:Generated_Source\PSoC4/CapSense_Sensing.c ****     * \brief
2544:Generated_Source\PSoC4/CapSense_Sensing.c ****     *  Sets a source for the Tx clock for a widget.
2545:Generated_Source\PSoC4/CapSense_Sensing.c ****     *
2546:Generated_Source\PSoC4/CapSense_Sensing.c ****     * \param wdgtIndex
2547:Generated_Source\PSoC4/CapSense_Sensing.c ****     *  Specifies the ID of the widget.
2548:Generated_Source\PSoC4/CapSense_Sensing.c ****     * \param ptrWdgt
2549:Generated_Source\PSoC4/CapSense_Sensing.c ****     *  The pointer to the RAM_WD_BASE_STRUCT structure.
2550:Generated_Source\PSoC4/CapSense_Sensing.c ****     *
2551:Generated_Source\PSoC4/CapSense_Sensing.c ****     * \details
2552:Generated_Source\PSoC4/CapSense_Sensing.c ****     *  Updates snsClkSource with a source for Tx Clk for a widget.
2553:Generated_Source\PSoC4/CapSense_Sensing.c ****     *
2554:Generated_Source\PSoC4/CapSense_Sensing.c ****     *******************************************************************************/
2555:Generated_Source\PSoC4/CapSense_Sensing.c ****     static void CapSense_SsSetWidgetTxClkSrc(uint32 wdgtIndex, CapSense_RAM_WD_BASE_STRUCT * ptrWdg
2556:Generated_Source\PSoC4/CapSense_Sensing.c ****     {
2557:Generated_Source\PSoC4/CapSense_Sensing.c ****         uint8 lfsrSize;
2558:Generated_Source\PSoC4/CapSense_Sensing.c ****         uint8 lfsrScale;
2559:Generated_Source\PSoC4/CapSense_Sensing.c **** 
2560:Generated_Source\PSoC4/CapSense_Sensing.c ****         #if ((CapSense_CLK_SOURCE_PRSAUTO == CapSense_CSX_TX_CLK_SOURCE) && \
2561:Generated_Source\PSoC4/CapSense_Sensing.c ****              (CapSense_DISABLE == CapSense_CSX_SKIP_OVSMPL_SPECIFIC_NODES))
2562:Generated_Source\PSoC4/CapSense_Sensing.c ****             uint32 conversionsNum;
2563:Generated_Source\PSoC4/CapSense_Sensing.c ****             uint32 snsClkDivider;
2564:Generated_Source\PSoC4/CapSense_Sensing.c ****         #endif
2565:Generated_Source\PSoC4/CapSense_Sensing.c **** 
2566:Generated_Source\PSoC4/CapSense_Sensing.c ****         #if(CapSense_CLK_SOURCE_PRSAUTO == CapSense_CSX_TX_CLK_SOURCE)
2567:Generated_Source\PSoC4/CapSense_Sensing.c ****             #if (CapSense_DISABLE == CapSense_CSX_SKIP_OVSMPL_SPECIFIC_NODES)
2568:Generated_Source\PSoC4/CapSense_Sensing.c ****                 conversionsNum = (uint32)ptrWdgt->resolution;
2569:Generated_Source\PSoC4/CapSense_Sensing.c ****                 snsClkDivider = CapSense_SsCSXGetTxClkDivider(wdgtIndex);
2570:Generated_Source\PSoC4/CapSense_Sensing.c ****                 lfsrSize = CapSense_SsCalcLfsrSize(snsClkDivider, conversionsNum);
2571:Generated_Source\PSoC4/CapSense_Sensing.c ****                 lfsrScale = CapSense_SsCalcLfsrScale(snsClkDivider, lfsrSize);
2572:Generated_Source\PSoC4/CapSense_Sensing.c ****             #else
2573:Generated_Source\PSoC4/CapSense_Sensing.c ****                 lfsrSize = (uint8)CapSense_CLK_SOURCE_DIRECT;
2574:Generated_Source\PSoC4/CapSense_Sensing.c ****                 lfsrScale = 0u;
2575:Generated_Source\PSoC4/CapSense_Sensing.c ****                 /* Unused function argument */
2576:Generated_Source\PSoC4/CapSense_Sensing.c ****                 (void)wdgtIndex;
2577:Generated_Source\PSoC4/CapSense_Sensing.c ****             #endif /* (CapSense_ENABLE == CapSense_CSX_SKIP_OVSMPL_SPECIFIC_NODES) */
2578:Generated_Source\PSoC4/CapSense_Sensing.c ****         #else
2579:Generated_Source\PSoC4/CapSense_Sensing.c ****             lfsrSize = (uint8)CapSense_CSX_TX_CLK_SOURCE;
2580:Generated_Source\PSoC4/CapSense_Sensing.c ****             lfsrScale = 0u;
2581:Generated_Source\PSoC4/CapSense_Sensing.c ****             /* Unused function argument */
2582:Generated_Source\PSoC4/CapSense_Sensing.c ****             (void)wdgtIndex;
2583:Generated_Source\PSoC4/CapSense_Sensing.c ****         #endif /* (CapSense_CLK_SOURCE_PRSAUTO == CapSense_CSX_TX_CLK_SOURCE) */
2584:Generated_Source\PSoC4/CapSense_Sensing.c **** 
2585:Generated_Source\PSoC4/CapSense_Sensing.c ****         ptrWdgt->snsClkSource = lfsrSize | (uint8)(lfsrScale << CapSense_CLK_SOURCE_LFSR_SCALE_OFFS
2586:Generated_Source\PSoC4/CapSense_Sensing.c ****     }
2587:Generated_Source\PSoC4/CapSense_Sensing.c **** #endif /* ((CapSense_ENABLE == CapSense_CSX_EN) && (CapSense_ENABLE == CapSense_CSDV2)) */
2588:Generated_Source\PSoC4/CapSense_Sensing.c **** 
2589:Generated_Source\PSoC4/CapSense_Sensing.c **** 
2590:Generated_Source\PSoC4/CapSense_Sensing.c **** #if(((CapSense_ENABLE == CapSense_CSX_EN) && \
2591:Generated_Source\PSoC4/CapSense_Sensing.c ****      (CapSense_DISABLE == CapSense_CSX_SKIP_OVSMPL_SPECIFIC_NODES) && \
2592:Generated_Source\PSoC4/CapSense_Sensing.c ****      (CapSense_ENABLE == CapSense_CSDV2) && \
2593:Generated_Source\PSoC4/CapSense_Sensing.c ****      (CapSense_CLK_SOURCE_PRSAUTO == CapSense_CSX_TX_CLK_SOURCE)) ||\
2594:Generated_Source\PSoC4/CapSense_Sensing.c ****     ((CapSense_ENABLE == CapSense_CSD_EN) && \
2595:Generated_Source\PSoC4/CapSense_Sensing.c ****      (CapSense_ENABLE == CapSense_CSDV2) && \
ARM GAS  C:\Users\ADSTRU~1\AppData\Local\Temp\ccEcZ2Z6.s 			page 47


2596:Generated_Source\PSoC4/CapSense_Sensing.c ****      (CapSense_CLK_SOURCE_PRSAUTO == CapSense_CSD_SNS_CLK_SOURCE)))
2597:Generated_Source\PSoC4/CapSense_Sensing.c **** /*******************************************************************************
2598:Generated_Source\PSoC4/CapSense_Sensing.c **** * Function Name: CapSense_SsCalcLfsrSize
2599:Generated_Source\PSoC4/CapSense_Sensing.c **** ****************************************************************************//**
2600:Generated_Source\PSoC4/CapSense_Sensing.c **** *
2601:Generated_Source\PSoC4/CapSense_Sensing.c **** * \brief
2602:Generated_Source\PSoC4/CapSense_Sensing.c **** *  This is an internal function that finds a SSC polynomial size in the Auto mode.
2603:Generated_Source\PSoC4/CapSense_Sensing.c **** *
2604:Generated_Source\PSoC4/CapSense_Sensing.c **** * \details
2605:Generated_Source\PSoC4/CapSense_Sensing.c **** *  The SSC polynomial size in the auto mode is found based on the following
2606:Generated_Source\PSoC4/CapSense_Sensing.c **** *  requirements:
2607:Generated_Source\PSoC4/CapSense_Sensing.c **** *  - an LFSR value should be selected so that the max clock dither is limited with +/-10%.
2608:Generated_Source\PSoC4/CapSense_Sensing.c **** *  - at least one full spread spectrum polynomial should pass during the scan time.
2609:Generated_Source\PSoC4/CapSense_Sensing.c **** *  - the value of the number of conversions should be an integer multiple of the
2610:Generated_Source\PSoC4/CapSense_Sensing.c **** *    repeat period of the programmed LFSR_SIZE.
2611:Generated_Source\PSoC4/CapSense_Sensing.c **** *
2612:Generated_Source\PSoC4/CapSense_Sensing.c **** * \param
2613:Generated_Source\PSoC4/CapSense_Sensing.c **** *  snsClkDivider The divider value for the sense clock.
2614:Generated_Source\PSoC4/CapSense_Sensing.c **** *  resolution The widget resolution.
2615:Generated_Source\PSoC4/CapSense_Sensing.c **** *
2616:Generated_Source\PSoC4/CapSense_Sensing.c **** * \return lfsrSize The LFSRSIZE value for the SENSE_PERIOD register.
2617:Generated_Source\PSoC4/CapSense_Sensing.c **** *
2618:Generated_Source\PSoC4/CapSense_Sensing.c **** *******************************************************************************/
2619:Generated_Source\PSoC4/CapSense_Sensing.c **** static uint8 CapSense_SsCalcLfsrSize(uint32 snsClkDivider, uint32 conversionsNum)
2620:Generated_Source\PSoC4/CapSense_Sensing.c **** {
  28              		.loc 1 2620 0
  29              		.cfi_startproc
  30              		@ args = 0, pretend = 0, frame = 0
  31              		@ frame_needed = 0, uses_anonymous_args = 0
  32              	.LVL0:
  33 0000 70B5     		push	{r4, r5, r6, lr}
  34              		.cfi_def_cfa_offset 16
  35              		.cfi_offset 4, -16
  36              		.cfi_offset 5, -12
  37              		.cfi_offset 6, -8
  38              		.cfi_offset 14, -4
  39 0002 0400     		movs	r4, r0
  40 0004 0D00     		movs	r5, r1
  41              	.LVL1:
2621:Generated_Source\PSoC4/CapSense_Sensing.c ****     uint8 lfsrSize = 0u;
2622:Generated_Source\PSoC4/CapSense_Sensing.c **** 
2623:Generated_Source\PSoC4/CapSense_Sensing.c ****     /* Find LFSR value */
2624:Generated_Source\PSoC4/CapSense_Sensing.c ****     if((CapSense_SNSCLK_SSC4_THRESHOLD <= snsClkDivider) &&
  42              		.loc 1 2624 0
  43 0006 9F28     		cmp	r0, #159
  44 0008 08D9     		bls	.L2
  45              		.loc 1 2624 0 is_stmt 0 discriminator 1
  46 000a 1B4B     		ldr	r3, .L12
  47 000c 9942     		cmp	r1, r3
  48 000e 05D9     		bls	.L2
2625:Generated_Source\PSoC4/CapSense_Sensing.c ****        (CapSense_SNSCLK_SSC4_PERIOD <= conversionsNum) &&
2626:Generated_Source\PSoC4/CapSense_Sensing.c ****        (0uL == (conversionsNum % CapSense_SNSCLK_SSC4_PERIOD)))
  49              		.loc 1 2626 0 is_stmt 1
  50 0010 1A49     		ldr	r1, .L12+4
  51              	.LVL2:
  52 0012 2800     		movs	r0, r5
  53              	.LVL3:
ARM GAS  C:\Users\ADSTRU~1\AppData\Local\Temp\ccEcZ2Z6.s 			page 48


  54 0014 FFF7FEFF 		bl	__aeabi_uidivmod
  55              	.LVL4:
2625:Generated_Source\PSoC4/CapSense_Sensing.c ****        (CapSense_SNSCLK_SSC4_PERIOD <= conversionsNum) &&
  56              		.loc 1 2625 0
  57 0018 0029     		cmp	r1, #0
  58 001a 21D0     		beq	.L6
  59              	.L2:
2627:Generated_Source\PSoC4/CapSense_Sensing.c ****     {
2628:Generated_Source\PSoC4/CapSense_Sensing.c ****         lfsrSize = CapSense_CLK_SOURCE_SSC4;
2629:Generated_Source\PSoC4/CapSense_Sensing.c ****     }
2630:Generated_Source\PSoC4/CapSense_Sensing.c ****     else if((CapSense_SNSCLK_SSC3_THRESHOLD <= snsClkDivider) &&
  60              		.loc 1 2630 0
  61 001c 9F2C     		cmp	r4, #159
  62 001e 09D9     		bls	.L4
  63              		.loc 1 2630 0 is_stmt 0 discriminator 1
  64 0020 FF23     		movs	r3, #255
  65 0022 5B00     		lsls	r3, r3, #1
  66 0024 9D42     		cmp	r5, r3
  67 0026 05D9     		bls	.L4
2631:Generated_Source\PSoC4/CapSense_Sensing.c ****             (CapSense_SNSCLK_SSC3_PERIOD <= conversionsNum) &&
2632:Generated_Source\PSoC4/CapSense_Sensing.c ****             (0uL == (conversionsNum % CapSense_SNSCLK_SSC3_PERIOD)))
  68              		.loc 1 2632 0 is_stmt 1
  69 0028 1549     		ldr	r1, .L12+8
  70 002a 2800     		movs	r0, r5
  71 002c FFF7FEFF 		bl	__aeabi_uidivmod
  72              	.LVL5:
2631:Generated_Source\PSoC4/CapSense_Sensing.c ****             (CapSense_SNSCLK_SSC3_PERIOD <= conversionsNum) &&
  73              		.loc 1 2631 0
  74 0030 0029     		cmp	r1, #0
  75 0032 17D0     		beq	.L7
  76              	.L4:
2633:Generated_Source\PSoC4/CapSense_Sensing.c ****     {
2634:Generated_Source\PSoC4/CapSense_Sensing.c ****         lfsrSize = CapSense_CLK_SOURCE_SSC3;
2635:Generated_Source\PSoC4/CapSense_Sensing.c ****     }
2636:Generated_Source\PSoC4/CapSense_Sensing.c ****     else if((CapSense_SNSCLK_SSC2_THRESHOLD <= snsClkDivider) &&
  77              		.loc 1 2636 0
  78 0034 9F2C     		cmp	r4, #159
  79 0036 07D9     		bls	.L5
  80              		.loc 1 2636 0 is_stmt 0 discriminator 1
  81 0038 7E2D     		cmp	r5, #126
  82 003a 05D9     		bls	.L5
2637:Generated_Source\PSoC4/CapSense_Sensing.c ****             (CapSense_SNSCLK_SSC2_PERIOD <= conversionsNum) &&
2638:Generated_Source\PSoC4/CapSense_Sensing.c ****             (0uL == (conversionsNum % CapSense_SNSCLK_SSC2_PERIOD)))
  83              		.loc 1 2638 0 is_stmt 1
  84 003c 7F21     		movs	r1, #127
  85 003e 2800     		movs	r0, r5
  86 0040 FFF7FEFF 		bl	__aeabi_uidivmod
  87              	.LVL6:
2637:Generated_Source\PSoC4/CapSense_Sensing.c ****             (CapSense_SNSCLK_SSC2_PERIOD <= conversionsNum) &&
  88              		.loc 1 2637 0
  89 0044 0029     		cmp	r1, #0
  90 0046 0FD0     		beq	.L8
  91              	.L5:
2639:Generated_Source\PSoC4/CapSense_Sensing.c ****     {
2640:Generated_Source\PSoC4/CapSense_Sensing.c ****         lfsrSize = CapSense_CLK_SOURCE_SSC2;
2641:Generated_Source\PSoC4/CapSense_Sensing.c ****     }
2642:Generated_Source\PSoC4/CapSense_Sensing.c ****     else if((CapSense_SNSCLK_SSC1_THRESHOLD <= snsClkDivider) &&
ARM GAS  C:\Users\ADSTRU~1\AppData\Local\Temp\ccEcZ2Z6.s 			page 49


  92              		.loc 1 2642 0
  93 0048 9F2C     		cmp	r4, #159
  94 004a 0FD9     		bls	.L9
  95              		.loc 1 2642 0 is_stmt 0 discriminator 1
  96 004c 3E2D     		cmp	r5, #62
  97 004e 0FD9     		bls	.L10
2643:Generated_Source\PSoC4/CapSense_Sensing.c ****             (CapSense_SNSCLK_SSC1_PERIOD <= conversionsNum) &&
2644:Generated_Source\PSoC4/CapSense_Sensing.c ****             (0uL == (conversionsNum % CapSense_SNSCLK_SSC1_PERIOD)))
  98              		.loc 1 2644 0 is_stmt 1
  99 0050 3F21     		movs	r1, #63
 100 0052 2800     		movs	r0, r5
 101 0054 FFF7FEFF 		bl	__aeabi_uidivmod
 102              	.LVL7:
2643:Generated_Source\PSoC4/CapSense_Sensing.c ****             (CapSense_SNSCLK_SSC1_PERIOD <= conversionsNum) &&
 103              		.loc 1 2643 0
 104 0058 0029     		cmp	r1, #0
 105 005a 0BD0     		beq	.L11
2645:Generated_Source\PSoC4/CapSense_Sensing.c ****     {
2646:Generated_Source\PSoC4/CapSense_Sensing.c ****         lfsrSize = CapSense_CLK_SOURCE_SSC1;
2647:Generated_Source\PSoC4/CapSense_Sensing.c ****     }
2648:Generated_Source\PSoC4/CapSense_Sensing.c ****     else
2649:Generated_Source\PSoC4/CapSense_Sensing.c ****     {
2650:Generated_Source\PSoC4/CapSense_Sensing.c ****         lfsrSize = (uint8)CapSense_CLK_SOURCE_DIRECT;
 106              		.loc 1 2650 0
 107 005c 0020     		movs	r0, #0
 108 005e 0AE0     		b	.L3
 109              	.L6:
2628:Generated_Source\PSoC4/CapSense_Sensing.c ****     }
 110              		.loc 1 2628 0
 111 0060 0420     		movs	r0, #4
 112 0062 08E0     		b	.L3
 113              	.L7:
2634:Generated_Source\PSoC4/CapSense_Sensing.c ****     }
 114              		.loc 1 2634 0
 115 0064 0320     		movs	r0, #3
 116 0066 06E0     		b	.L3
 117              	.L8:
2640:Generated_Source\PSoC4/CapSense_Sensing.c ****     }
 118              		.loc 1 2640 0
 119 0068 0220     		movs	r0, #2
 120 006a 04E0     		b	.L3
 121              	.L9:
 122              		.loc 1 2650 0
 123 006c 0020     		movs	r0, #0
 124 006e 02E0     		b	.L3
 125              	.L10:
 126 0070 0020     		movs	r0, #0
 127 0072 00E0     		b	.L3
 128              	.L11:
2646:Generated_Source\PSoC4/CapSense_Sensing.c ****     }
 129              		.loc 1 2646 0
 130 0074 0120     		movs	r0, #1
 131              	.L3:
 132              	.LVL8:
2651:Generated_Source\PSoC4/CapSense_Sensing.c ****     }
2652:Generated_Source\PSoC4/CapSense_Sensing.c **** 
2653:Generated_Source\PSoC4/CapSense_Sensing.c ****     return (lfsrSize);
ARM GAS  C:\Users\ADSTRU~1\AppData\Local\Temp\ccEcZ2Z6.s 			page 50


2654:Generated_Source\PSoC4/CapSense_Sensing.c **** }
 133              		.loc 1 2654 0
 134              		@ sp needed
 135              	.LVL9:
 136              	.LVL10:
 137 0076 70BD     		pop	{r4, r5, r6, pc}
 138              	.L13:
 139              		.align	2
 140              	.L12:
 141 0078 FE030000 		.word	1022
 142 007c FF030000 		.word	1023
 143 0080 FF010000 		.word	511
 144              		.cfi_endproc
 145              	.LFE23:
 146              		.size	CapSense_SsCalcLfsrSize, .-CapSense_SsCalcLfsrSize
 147              		.global	__aeabi_uidiv
 148              		.section	.text.CapSense_SsCalcLfsrScale,"ax",%progbits
 149              		.align	2
 150              		.code	16
 151              		.thumb_func
 152              		.type	CapSense_SsCalcLfsrScale, %function
 153              	CapSense_SsCalcLfsrScale:
 154              	.LFB24:
2655:Generated_Source\PSoC4/CapSense_Sensing.c **** 
2656:Generated_Source\PSoC4/CapSense_Sensing.c **** 
2657:Generated_Source\PSoC4/CapSense_Sensing.c **** /*******************************************************************************
2658:Generated_Source\PSoC4/CapSense_Sensing.c **** * Function Name: CapSense_SsCalcLfsrScale
2659:Generated_Source\PSoC4/CapSense_Sensing.c **** ****************************************************************************//**
2660:Generated_Source\PSoC4/CapSense_Sensing.c **** *
2661:Generated_Source\PSoC4/CapSense_Sensing.c **** * \brief
2662:Generated_Source\PSoC4/CapSense_Sensing.c **** *  This is an internal function that calculates the LFSR scale value.
2663:Generated_Source\PSoC4/CapSense_Sensing.c **** *
2664:Generated_Source\PSoC4/CapSense_Sensing.c **** * \details
2665:Generated_Source\PSoC4/CapSense_Sensing.c **** *  The LFSR scale value is used to increase the clock dither if the desired dither
2666:Generated_Source\PSoC4/CapSense_Sensing.c **** *  is wider than can be achieved with the current Sense Clock Divider and current LFSR
2667:Generated_Source\PSoC4/CapSense_Sensing.c **** *  period.
2668:Generated_Source\PSoC4/CapSense_Sensing.c **** *
2669:Generated_Source\PSoC4/CapSense_Sensing.c **** *  This returns the LFSR scale value needed to keep the clock dither in
2670:Generated_Source\PSoC4/CapSense_Sensing.c **** *  range +/-10%.
2671:Generated_Source\PSoC4/CapSense_Sensing.c **** *
2672:Generated_Source\PSoC4/CapSense_Sensing.c **** * \param
2673:Generated_Source\PSoC4/CapSense_Sensing.c **** *  snsClkDivider The divider value for the sense clock.
2674:Generated_Source\PSoC4/CapSense_Sensing.c **** *  lfsrSize The period of the LFSR sequence.
2675:Generated_Source\PSoC4/CapSense_Sensing.c **** *          For devices with CapSense_CSDV2_REF9P6UA_EN = TRUE, the
2676:Generated_Source\PSoC4/CapSense_Sensing.c **** *          mode parameters can take the following values:
2677:Generated_Source\PSoC4/CapSense_Sensing.c **** *          CapSense_CLK_SOURCE_DIRECT The spreadspectrum is not used.
2678:Generated_Source\PSoC4/CapSense_Sensing.c **** *          CapSense_CLK_SOURCE_SSC1   The length of LFSR sequence is 63 cycles.
2679:Generated_Source\PSoC4/CapSense_Sensing.c **** *          CapSense_CLK_SOURCE_SSC2   The length of LFSR sequence is 127 cycles.
2680:Generated_Source\PSoC4/CapSense_Sensing.c **** *          CapSense_CLK_SOURCE_SSC3   The length of LFSR sequence is 255 cycles.
2681:Generated_Source\PSoC4/CapSense_Sensing.c **** *          CapSense_CLK_SOURCE_SSC4   The length of LFSR sequence is 511 cycles.
2682:Generated_Source\PSoC4/CapSense_Sensing.c **** *
2683:Generated_Source\PSoC4/CapSense_Sensing.c **** *          For devices with CapSense_CSDV2_REF9P6UA_EN = TRUE, the
2684:Generated_Source\PSoC4/CapSense_Sensing.c **** *          mode parameters can take the following values:
2685:Generated_Source\PSoC4/CapSense_Sensing.c **** *          CapSense_CLK_SOURCE_DIRECT The spreadspectrum is not used.
2686:Generated_Source\PSoC4/CapSense_Sensing.c **** *          CapSense_CLK_SOURCE_SSC1   The length of LFSR sequence is 3 cycles.
2687:Generated_Source\PSoC4/CapSense_Sensing.c **** *          CapSense_CLK_SOURCE_SSC2   The length of LFSR sequence is 7 cycles.
2688:Generated_Source\PSoC4/CapSense_Sensing.c **** *          CapSense_CLK_SOURCE_SSC3   The length of LFSR sequence is 15 cycles.
ARM GAS  C:\Users\ADSTRU~1\AppData\Local\Temp\ccEcZ2Z6.s 			page 51


2689:Generated_Source\PSoC4/CapSense_Sensing.c **** *          CapSense_CLK_SOURCE_SSC4   The length of LFSR sequence is 31 cycles.
2690:Generated_Source\PSoC4/CapSense_Sensing.c **** *
2691:Generated_Source\PSoC4/CapSense_Sensing.c **** * \return
2692:Generated_Source\PSoC4/CapSense_Sensing.c **** *  Returns the LFSR scale value needed to keep the clock dither in range +/-10%.
2693:Generated_Source\PSoC4/CapSense_Sensing.c **** *
2694:Generated_Source\PSoC4/CapSense_Sensing.c **** *******************************************************************************/
2695:Generated_Source\PSoC4/CapSense_Sensing.c **** static uint8 CapSense_SsCalcLfsrScale(uint32 snsClkDivider, uint8 lfsrSize)
2696:Generated_Source\PSoC4/CapSense_Sensing.c **** {
 155              		.loc 1 2696 0
 156              		.cfi_startproc
 157              		@ args = 0, pretend = 0, frame = 0
 158              		@ frame_needed = 0, uses_anonymous_args = 0
 159              	.LVL11:
 160 0000 10B5     		push	{r4, lr}
 161              		.cfi_def_cfa_offset 8
 162              		.cfi_offset 4, -8
 163              		.cfi_offset 14, -4
2697:Generated_Source\PSoC4/CapSense_Sensing.c ****     uint32 lfsrScale;
2698:Generated_Source\PSoC4/CapSense_Sensing.c ****     uint32 lfsrRange;
2699:Generated_Source\PSoC4/CapSense_Sensing.c ****     uint32 lfsrDither;
2700:Generated_Source\PSoC4/CapSense_Sensing.c **** 
2701:Generated_Source\PSoC4/CapSense_Sensing.c ****     /* Initialize the lfsrSize variable with the LFSR Range for given Lfsr Size. */
2702:Generated_Source\PSoC4/CapSense_Sensing.c ****     switch(lfsrSize)
 164              		.loc 1 2702 0
 165 0002 4B1E     		subs	r3, r1, #1
 166 0004 DBB2     		uxtb	r3, r3
 167 0006 032B     		cmp	r3, #3
 168 0008 01D8     		bhi	.L20
2703:Generated_Source\PSoC4/CapSense_Sensing.c ****     {
2704:Generated_Source\PSoC4/CapSense_Sensing.c ****         case CapSense_CLK_SOURCE_SSC1:
2705:Generated_Source\PSoC4/CapSense_Sensing.c ****         {
2706:Generated_Source\PSoC4/CapSense_Sensing.c ****             lfsrRange = CapSense_SNSCLK_SSC1_RANGE;
 169              		.loc 1 2706 0
 170 000a 1023     		movs	r3, #16
 171 000c 00E0     		b	.L15
 172              	.L20:
2707:Generated_Source\PSoC4/CapSense_Sensing.c ****             break;
2708:Generated_Source\PSoC4/CapSense_Sensing.c ****         }
2709:Generated_Source\PSoC4/CapSense_Sensing.c ****         case CapSense_CLK_SOURCE_SSC2:
2710:Generated_Source\PSoC4/CapSense_Sensing.c ****         {
2711:Generated_Source\PSoC4/CapSense_Sensing.c ****             lfsrRange = CapSense_SNSCLK_SSC2_RANGE;
2712:Generated_Source\PSoC4/CapSense_Sensing.c ****             break;
2713:Generated_Source\PSoC4/CapSense_Sensing.c ****         }
2714:Generated_Source\PSoC4/CapSense_Sensing.c ****         case CapSense_CLK_SOURCE_SSC3:
2715:Generated_Source\PSoC4/CapSense_Sensing.c ****         {
2716:Generated_Source\PSoC4/CapSense_Sensing.c ****             lfsrRange = CapSense_SNSCLK_SSC3_RANGE;
2717:Generated_Source\PSoC4/CapSense_Sensing.c ****             break;
2718:Generated_Source\PSoC4/CapSense_Sensing.c ****         }
2719:Generated_Source\PSoC4/CapSense_Sensing.c ****         case CapSense_CLK_SOURCE_SSC4:
2720:Generated_Source\PSoC4/CapSense_Sensing.c ****         {
2721:Generated_Source\PSoC4/CapSense_Sensing.c ****             lfsrRange = CapSense_SNSCLK_SSC4_RANGE;
2722:Generated_Source\PSoC4/CapSense_Sensing.c ****             break;
2723:Generated_Source\PSoC4/CapSense_Sensing.c ****         }
2724:Generated_Source\PSoC4/CapSense_Sensing.c ****         default:
2725:Generated_Source\PSoC4/CapSense_Sensing.c ****         {
2726:Generated_Source\PSoC4/CapSense_Sensing.c ****             lfsrRange = 0u;
 173              		.loc 1 2726 0
ARM GAS  C:\Users\ADSTRU~1\AppData\Local\Temp\ccEcZ2Z6.s 			page 52


 174 000e 0023     		movs	r3, #0
 175              	.L15:
 176              	.LVL12:
2727:Generated_Source\PSoC4/CapSense_Sensing.c ****             break;
2728:Generated_Source\PSoC4/CapSense_Sensing.c ****         }
2729:Generated_Source\PSoC4/CapSense_Sensing.c ****     }
2730:Generated_Source\PSoC4/CapSense_Sensing.c **** 
2731:Generated_Source\PSoC4/CapSense_Sensing.c ****     /* Calculate the LFSR Scale value that is required to keep the Clock dither
2732:Generated_Source\PSoC4/CapSense_Sensing.c ****      * as close as possible to the +/-10% limit of the used frequency.
2733:Generated_Source\PSoC4/CapSense_Sensing.c ****      */
2734:Generated_Source\PSoC4/CapSense_Sensing.c ****     if((lfsrSize != CapSense_CLK_SOURCE_DIRECT) && (0u != lfsrRange))
 177              		.loc 1 2734 0
 178 0010 0029     		cmp	r1, #0
 179 0012 11D0     		beq	.L21
 180              		.loc 1 2734 0 is_stmt 0 discriminator 1
 181 0014 002B     		cmp	r3, #0
 182 0016 11D0     		beq	.L22
2735:Generated_Source\PSoC4/CapSense_Sensing.c ****     {
2736:Generated_Source\PSoC4/CapSense_Sensing.c ****         /* Calculate the LFSR Dither in percents. */
2737:Generated_Source\PSoC4/CapSense_Sensing.c ****         lfsrDither  = ((lfsrRange * 100uL) / snsClkDivider);
 183              		.loc 1 2737 0 is_stmt 1
 184 0018 6422     		movs	r2, #100
 185 001a 5343     		muls	r3, r2
 186              	.LVL13:
 187 001c 0100     		movs	r1, r0
 188              	.LVL14:
 189 001e 1800     		movs	r0, r3
 190              	.LVL15:
 191 0020 FFF7FEFF 		bl	__aeabi_uidiv
 192              	.LVL16:
2738:Generated_Source\PSoC4/CapSense_Sensing.c ****         lfsrScale = 0uL;
 193              		.loc 1 2738 0
 194 0024 0023     		movs	r3, #0
2739:Generated_Source\PSoC4/CapSense_Sensing.c **** 
2740:Generated_Source\PSoC4/CapSense_Sensing.c ****         while(lfsrDither < CapSense_LFSR_DITHER_PERCENTAGE)
 195              		.loc 1 2740 0
 196 0026 01E0     		b	.L18
 197              	.LVL17:
 198              	.L19:
2741:Generated_Source\PSoC4/CapSense_Sensing.c ****         {
2742:Generated_Source\PSoC4/CapSense_Sensing.c ****             lfsrScale++;
 199              		.loc 1 2742 0
 200 0028 0133     		adds	r3, r3, #1
 201              	.LVL18:
2743:Generated_Source\PSoC4/CapSense_Sensing.c ****             lfsrDither <<=1uL;
 202              		.loc 1 2743 0
 203 002a 4000     		lsls	r0, r0, #1
 204              	.LVL19:
 205              	.L18:
2740:Generated_Source\PSoC4/CapSense_Sensing.c ****         {
 206              		.loc 1 2740 0
 207 002c 0928     		cmp	r0, #9
 208 002e FBD9     		bls	.L19
2744:Generated_Source\PSoC4/CapSense_Sensing.c ****         }
2745:Generated_Source\PSoC4/CapSense_Sensing.c **** 
2746:Generated_Source\PSoC4/CapSense_Sensing.c ****         if(lfsrDither > CapSense_LFSR_DITHER_PERCENTAGE)
 209              		.loc 1 2746 0
ARM GAS  C:\Users\ADSTRU~1\AppData\Local\Temp\ccEcZ2Z6.s 			page 53


 210 0030 0A28     		cmp	r0, #10
 211 0032 04D9     		bls	.L17
2747:Generated_Source\PSoC4/CapSense_Sensing.c ****         {
2748:Generated_Source\PSoC4/CapSense_Sensing.c ****             lfsrScale--;
 212              		.loc 1 2748 0
 213 0034 013B     		subs	r3, r3, #1
 214              	.LVL20:
 215 0036 02E0     		b	.L17
 216              	.LVL21:
 217              	.L21:
2749:Generated_Source\PSoC4/CapSense_Sensing.c ****         }
2750:Generated_Source\PSoC4/CapSense_Sensing.c ****     }
2751:Generated_Source\PSoC4/CapSense_Sensing.c ****     else
2752:Generated_Source\PSoC4/CapSense_Sensing.c ****     {
2753:Generated_Source\PSoC4/CapSense_Sensing.c ****         lfsrScale = 0uL;
 218              		.loc 1 2753 0
 219 0038 0023     		movs	r3, #0
 220              	.LVL22:
 221 003a 00E0     		b	.L17
 222              	.LVL23:
 223              	.L22:
 224 003c 0023     		movs	r3, #0
 225              	.LVL24:
 226              	.L17:
2754:Generated_Source\PSoC4/CapSense_Sensing.c ****     }
2755:Generated_Source\PSoC4/CapSense_Sensing.c **** 
2756:Generated_Source\PSoC4/CapSense_Sensing.c ****     return ((uint8)lfsrScale);
 227              		.loc 1 2756 0
 228 003e D8B2     		uxtb	r0, r3
2757:Generated_Source\PSoC4/CapSense_Sensing.c **** }
 229              		.loc 1 2757 0
 230              		@ sp needed
 231 0040 10BD     		pop	{r4, pc}
 232              		.cfi_endproc
 233              	.LFE24:
 234              		.size	CapSense_SsCalcLfsrScale, .-CapSense_SsCalcLfsrScale
 235 0042 C046     		.section	.text.CapSense_IsBusy,"ax",%progbits
 236              		.align	2
 237              		.global	CapSense_IsBusy
 238              		.code	16
 239              		.thumb_func
 240              		.type	CapSense_IsBusy, %function
 241              	CapSense_IsBusy:
 242              	.LFB1:
 237:Generated_Source\PSoC4/CapSense_Sensing.c ****     return (CapSense_dsRam.status & CapSense_SW_STS_BUSY);
 243              		.loc 1 237 0
 244              		.cfi_startproc
 245              		@ args = 0, pretend = 0, frame = 0
 246              		@ frame_needed = 0, uses_anonymous_args = 0
 247              		@ link register save eliminated.
 238:Generated_Source\PSoC4/CapSense_Sensing.c **** }
 248              		.loc 1 238 0
 249 0000 024B     		ldr	r3, .L24
 250 0002 DB68     		ldr	r3, [r3, #12]
 251 0004 8020     		movs	r0, #128
 252 0006 1840     		ands	r0, r3
 239:Generated_Source\PSoC4/CapSense_Sensing.c **** 
ARM GAS  C:\Users\ADSTRU~1\AppData\Local\Temp\ccEcZ2Z6.s 			page 54


 253              		.loc 1 239 0
 254              		@ sp needed
 255 0008 7047     		bx	lr
 256              	.L25:
 257 000a C046     		.align	2
 258              	.L24:
 259 000c 00000000 		.word	CapSense_dsRam
 260              		.cfi_endproc
 261              	.LFE1:
 262              		.size	CapSense_IsBusy, .-CapSense_IsBusy
 263              		.section	.text.CapSense_SetupWidget,"ax",%progbits
 264              		.align	2
 265              		.global	CapSense_SetupWidget
 266              		.code	16
 267              		.thumb_func
 268              		.type	CapSense_SetupWidget, %function
 269              	CapSense_SetupWidget:
 270              	.LFB2:
 283:Generated_Source\PSoC4/CapSense_Sensing.c ****     cystatus widgetStatus;
 271              		.loc 1 283 0
 272              		.cfi_startproc
 273              		@ args = 0, pretend = 0, frame = 0
 274              		@ frame_needed = 0, uses_anonymous_args = 0
 275              	.LVL25:
 276 0000 10B5     		push	{r4, lr}
 277              		.cfi_def_cfa_offset 8
 278              		.cfi_offset 4, -8
 279              		.cfi_offset 14, -4
 286:Generated_Source\PSoC4/CapSense_Sensing.c ****     {
 280              		.loc 1 286 0
 281 0002 0E4B     		ldr	r3, .L32
 282 0004 DB68     		ldr	r3, [r3, #12]
 283 0006 DB03     		lsls	r3, r3, #15
 284 0008 0DD4     		bmi	.L29
 296:Generated_Source\PSoC4/CapSense_Sensing.c ****         (0uL != CapSense_GET_WIDGET_EN_STATUS(widgetId)))
 285              		.loc 1 296 0
 286 000a 0028     		cmp	r0, #0
 287 000c 0DD1     		bne	.L30
 297:Generated_Source\PSoC4/CapSense_Sensing.c **** 
 288              		.loc 1 297 0 discriminator 1
 289 000e 4309     		lsrs	r3, r0, #5
 290 0010 0433     		adds	r3, r3, #4
 291 0012 9B00     		lsls	r3, r3, #2
 292 0014 094A     		ldr	r2, .L32
 293 0016 9B58     		ldr	r3, [r3, r2]
 294 0018 1F22     		movs	r2, #31
 295 001a 0240     		ands	r2, r0
 296 001c D340     		lsrs	r3, r3, r2
 296:Generated_Source\PSoC4/CapSense_Sensing.c ****         (0uL != CapSense_GET_WIDGET_EN_STATUS(widgetId)))
 297              		.loc 1 296 0 discriminator 1
 298 001e DB07     		lsls	r3, r3, #31
 299 0020 05D4     		bmi	.L31
 304:Generated_Source\PSoC4/CapSense_Sensing.c ****     }
 300              		.loc 1 304 0
 301 0022 0124     		movs	r4, #1
 302 0024 04E0     		b	.L27
 303              	.L29:
ARM GAS  C:\Users\ADSTRU~1\AppData\Local\Temp\ccEcZ2Z6.s 			page 55


 289:Generated_Source\PSoC4/CapSense_Sensing.c ****     }
 304              		.loc 1 289 0
 305 0026 1124     		movs	r4, #17
 306 0028 02E0     		b	.L27
 307              	.L30:
 304:Generated_Source\PSoC4/CapSense_Sensing.c ****     }
 308              		.loc 1 304 0
 309 002a 0124     		movs	r4, #1
 310 002c 00E0     		b	.L27
 311              	.L31:
 300:Generated_Source\PSoC4/CapSense_Sensing.c ****     }
 312              		.loc 1 300 0
 313 002e 0024     		movs	r4, #0
 314              	.L27:
 315              	.LVL26:
 311:Generated_Source\PSoC4/CapSense_Sensing.c ****     {
 316              		.loc 1 311 0
 317 0030 002C     		cmp	r4, #0
 318 0032 01D1     		bne	.L28
 324:Generated_Source\PSoC4/CapSense_Sensing.c ****                 break;
 319              		.loc 1 324 0
 320 0034 FFF7FEFF 		bl	CapSense_CSDSetupWidget
 321              	.LVL27:
 322              	.L28:
 340:Generated_Source\PSoC4/CapSense_Sensing.c **** 
 323              		.loc 1 340 0
 324 0038 2000     		movs	r0, r4
 325              		@ sp needed
 326              	.LVL28:
 327 003a 10BD     		pop	{r4, pc}
 328              	.L33:
 329              		.align	2
 330              	.L32:
 331 003c 00000000 		.word	CapSense_dsRam
 332              		.cfi_endproc
 333              	.LFE2:
 334              		.size	CapSense_SetupWidget, .-CapSense_SetupWidget
 335              		.section	.text.CapSense_Scan,"ax",%progbits
 336              		.align	2
 337              		.global	CapSense_Scan
 338              		.code	16
 339              		.thumb_func
 340              		.type	CapSense_Scan, %function
 341              	CapSense_Scan:
 342              	.LFB3:
 366:Generated_Source\PSoC4/CapSense_Sensing.c ****     cystatus scanStatus = CYRET_SUCCESS;
 343              		.loc 1 366 0
 344              		.cfi_startproc
 345              		@ args = 0, pretend = 0, frame = 0
 346              		@ frame_needed = 0, uses_anonymous_args = 0
 347 0000 10B5     		push	{r4, lr}
 348              		.cfi_def_cfa_offset 8
 349              		.cfi_offset 4, -8
 350              		.cfi_offset 14, -4
 351              	.LVL29:
 369:Generated_Source\PSoC4/CapSense_Sensing.c ****     {
 352              		.loc 1 369 0
ARM GAS  C:\Users\ADSTRU~1\AppData\Local\Temp\ccEcZ2Z6.s 			page 56


 353 0002 084B     		ldr	r3, .L40
 354 0004 DB68     		ldr	r3, [r3, #12]
 355 0006 DB03     		lsls	r3, r3, #15
 356 0008 07D4     		bmi	.L37
 376:Generated_Source\PSoC4/CapSense_Sensing.c ****         {
 357              		.loc 1 376 0
 358 000a 074B     		ldr	r3, .L40+4
 359 000c 1B78     		ldrb	r3, [r3]
 360 000e 012B     		cmp	r3, #1
 361 0010 05D1     		bne	.L39
 385:Generated_Source\PSoC4/CapSense_Sensing.c ****                 break;
 362              		.loc 1 385 0
 363 0012 FFF7FEFF 		bl	CapSense_CSDScan
 364              	.LVL30:
 367:Generated_Source\PSoC4/CapSense_Sensing.c **** 
 365              		.loc 1 367 0
 366 0016 0020     		movs	r0, #0
 386:Generated_Source\PSoC4/CapSense_Sensing.c ****         #endif
 367              		.loc 1 386 0
 368 0018 03E0     		b	.L35
 369              	.L37:
 372:Generated_Source\PSoC4/CapSense_Sensing.c ****     }
 370              		.loc 1 372 0
 371 001a 1120     		movs	r0, #17
 372 001c 01E0     		b	.L35
 373              	.L39:
 394:Generated_Source\PSoC4/CapSense_Sensing.c ****             break;
 374              		.loc 1 394 0
 375 001e 0120     		movs	r0, #1
 376 0020 4042     		rsbs	r0, r0, #0
 377              	.L35:
 378              	.LVL31:
 399:Generated_Source\PSoC4/CapSense_Sensing.c **** 
 379              		.loc 1 399 0
 380              		@ sp needed
 381 0022 10BD     		pop	{r4, pc}
 382              	.L41:
 383              		.align	2
 384              	.L40:
 385 0024 00000000 		.word	CapSense_dsRam
 386 0028 00000000 		.word	.LANCHOR0
 387              		.cfi_endproc
 388              	.LFE3:
 389              		.size	CapSense_Scan, .-CapSense_Scan
 390              		.section	.text.CapSense_ScanAllWidgets,"ax",%progbits
 391              		.align	2
 392              		.global	CapSense_ScanAllWidgets
 393              		.code	16
 394              		.thumb_func
 395              		.type	CapSense_ScanAllWidgets, %function
 396              	CapSense_ScanAllWidgets:
 397              	.LFB4:
 428:Generated_Source\PSoC4/CapSense_Sensing.c ****     cystatus scanStatus = CYRET_UNKNOWN;
 398              		.loc 1 428 0
 399              		.cfi_startproc
 400              		@ args = 0, pretend = 0, frame = 0
 401              		@ frame_needed = 0, uses_anonymous_args = 0
ARM GAS  C:\Users\ADSTRU~1\AppData\Local\Temp\ccEcZ2Z6.s 			page 57


 402 0000 10B5     		push	{r4, lr}
 403              		.cfi_def_cfa_offset 8
 404              		.cfi_offset 4, -8
 405              		.cfi_offset 14, -4
 406              	.LVL32:
 433:Generated_Source\PSoC4/CapSense_Sensing.c ****     {
 407              		.loc 1 433 0
 408 0002 0C4B     		ldr	r3, .L48
 409 0004 DB68     		ldr	r3, [r3, #12]
 410 0006 1B06     		lsls	r3, r3, #24
 411 0008 12D4     		bmi	.L47
 412 000a 0024     		movs	r4, #0
 413 000c 0120     		movs	r0, #1
 414 000e 4042     		rsbs	r0, r0, #0
 415 0010 0BE0     		b	.L44
 416              	.LVL33:
 417              	.L46:
 449:Generated_Source\PSoC4/CapSense_Sensing.c **** 
 418              		.loc 1 449 0
 419 0012 2000     		movs	r0, r4
 420              	.LVL34:
 421 0014 FFF7FEFF 		bl	CapSense_SetupWidget
 422              	.LVL35:
 451:Generated_Source\PSoC4/CapSense_Sensing.c ****             {
 423              		.loc 1 451 0
 424 0018 0028     		cmp	r0, #0
 425 001a 05D1     		bne	.L45
 468:Generated_Source\PSoC4/CapSense_Sensing.c ****                     }
 426              		.loc 1 468 0
 427 001c 0022     		movs	r2, #0
 428 001e 064B     		ldr	r3, .L48+4
 429 0020 5A70     		strb	r2, [r3, #1]
 473:Generated_Source\PSoC4/CapSense_Sensing.c **** 
 430              		.loc 1 473 0
 431 0022 FFF7FEFF 		bl	CapSense_Scan
 432              	.LVL36:
 475:Generated_Source\PSoC4/CapSense_Sensing.c ****             }
 433              		.loc 1 475 0
 434 0026 04E0     		b	.L43
 435              	.L45:
 446:Generated_Source\PSoC4/CapSense_Sensing.c ****         {
 436              		.loc 1 446 0
 437 0028 0134     		adds	r4, r4, #1
 438              	.LVL37:
 439              	.L44:
 444:Generated_Source\PSoC4/CapSense_Sensing.c ****              wdgtIndex < CapSense_TOTAL_WIDGETS;
 440              		.loc 1 444 0 discriminator 1
 441 002a 002C     		cmp	r4, #0
 442 002c F1D0     		beq	.L46
 443 002e 00E0     		b	.L43
 444              	.LVL38:
 445              	.L47:
 436:Generated_Source\PSoC4/CapSense_Sensing.c ****     }
 446              		.loc 1 436 0
 447 0030 1120     		movs	r0, #17
 448              	.LVL39:
 449              	.L43:
ARM GAS  C:\Users\ADSTRU~1\AppData\Local\Temp\ccEcZ2Z6.s 			page 58


 481:Generated_Source\PSoC4/CapSense_Sensing.c **** 
 450              		.loc 1 481 0
 451              		@ sp needed
 452 0032 10BD     		pop	{r4, pc}
 453              	.L49:
 454              		.align	2
 455              	.L48:
 456 0034 00000000 		.word	CapSense_dsRam
 457 0038 00000000 		.word	.LANCHOR0
 458              		.cfi_endproc
 459              	.LFE4:
 460              		.size	CapSense_ScanAllWidgets, .-CapSense_ScanAllWidgets
 461              		.section	.text.CapSense_SetupWidgetExt,"ax",%progbits
 462              		.align	2
 463              		.global	CapSense_SetupWidgetExt
 464              		.code	16
 465              		.thumb_func
 466              		.type	CapSense_SetupWidgetExt, %function
 467              	CapSense_SetupWidgetExt:
 468              	.LFB5:
 536:Generated_Source\PSoC4/CapSense_Sensing.c ****     cystatus widgetStatus;
 469              		.loc 1 536 0
 470              		.cfi_startproc
 471              		@ args = 0, pretend = 0, frame = 0
 472              		@ frame_needed = 0, uses_anonymous_args = 0
 473              	.LVL40:
 474 0000 10B5     		push	{r4, lr}
 475              		.cfi_def_cfa_offset 8
 476              		.cfi_offset 4, -8
 477              		.cfi_offset 14, -4
 539:Generated_Source\PSoC4/CapSense_Sensing.c ****     {
 478              		.loc 1 539 0
 479 0002 134B     		ldr	r3, .L57
 480 0004 DB68     		ldr	r3, [r3, #12]
 481 0006 DB03     		lsls	r3, r3, #15
 482 0008 14D4     		bmi	.L53
 549:Generated_Source\PSoC4/CapSense_Sensing.c ****         (0uL != CapSense_GET_WIDGET_EN_STATUS(widgetId)) &&
 483              		.loc 1 549 0
 484 000a 0028     		cmp	r0, #0
 485 000c 14D1     		bne	.L54
 550:Generated_Source\PSoC4/CapSense_Sensing.c ****         (sensorId < CapSense_GET_SENSOR_COUNT(widgetId)))
 486              		.loc 1 550 0 discriminator 1
 487 000e 4309     		lsrs	r3, r0, #5
 488 0010 0433     		adds	r3, r3, #4
 489 0012 9B00     		lsls	r3, r3, #2
 490 0014 0E4A     		ldr	r2, .L57
 491 0016 9B58     		ldr	r3, [r3, r2]
 492 0018 1F22     		movs	r2, #31
 493 001a 0240     		ands	r2, r0
 494 001c D340     		lsrs	r3, r3, r2
 549:Generated_Source\PSoC4/CapSense_Sensing.c ****         (0uL != CapSense_GET_WIDGET_EN_STATUS(widgetId)) &&
 495              		.loc 1 549 0 discriminator 1
 496 001e DB07     		lsls	r3, r3, #31
 497 0020 0CD5     		bpl	.L55
 551:Generated_Source\PSoC4/CapSense_Sensing.c **** 
 498              		.loc 1 551 0
 499 0022 2C23     		movs	r3, #44
ARM GAS  C:\Users\ADSTRU~1\AppData\Local\Temp\ccEcZ2Z6.s 			page 59


 500 0024 4343     		muls	r3, r0
 501 0026 0B4A     		ldr	r2, .L57+4
 502 0028 D318     		adds	r3, r2, r3
 503 002a 1B8B     		ldrh	r3, [r3, #24]
 550:Generated_Source\PSoC4/CapSense_Sensing.c ****         (sensorId < CapSense_GET_SENSOR_COUNT(widgetId)))
 504              		.loc 1 550 0
 505 002c 8B42     		cmp	r3, r1
 506 002e 07D8     		bhi	.L56
 558:Generated_Source\PSoC4/CapSense_Sensing.c ****     }
 507              		.loc 1 558 0
 508 0030 0124     		movs	r4, #1
 509 0032 06E0     		b	.L51
 510              	.L53:
 542:Generated_Source\PSoC4/CapSense_Sensing.c ****     }
 511              		.loc 1 542 0
 512 0034 1124     		movs	r4, #17
 513 0036 04E0     		b	.L51
 514              	.L54:
 558:Generated_Source\PSoC4/CapSense_Sensing.c ****     }
 515              		.loc 1 558 0
 516 0038 0124     		movs	r4, #1
 517 003a 02E0     		b	.L51
 518              	.L55:
 519 003c 0124     		movs	r4, #1
 520 003e 00E0     		b	.L51
 521              	.L56:
 554:Generated_Source\PSoC4/CapSense_Sensing.c ****     }
 522              		.loc 1 554 0
 523 0040 0024     		movs	r4, #0
 524              	.L51:
 525              	.LVL41:
 565:Generated_Source\PSoC4/CapSense_Sensing.c ****     {
 526              		.loc 1 565 0
 527 0042 002C     		cmp	r4, #0
 528 0044 01D1     		bne	.L52
 578:Generated_Source\PSoC4/CapSense_Sensing.c ****                 break;
 529              		.loc 1 578 0
 530 0046 FFF7FEFF 		bl	CapSense_CSDSetupWidgetExt
 531              	.LVL42:
 532              	.L52:
 594:Generated_Source\PSoC4/CapSense_Sensing.c **** 
 533              		.loc 1 594 0
 534 004a 2000     		movs	r0, r4
 535              		@ sp needed
 536              	.LVL43:
 537 004c 10BD     		pop	{r4, pc}
 538              	.L58:
 539 004e C046     		.align	2
 540              	.L57:
 541 0050 00000000 		.word	CapSense_dsRam
 542 0054 00000000 		.word	CapSense_dsFlash
 543              		.cfi_endproc
 544              	.LFE5:
 545              		.size	CapSense_SetupWidgetExt, .-CapSense_SetupWidgetExt
 546              		.section	.text.CapSense_ScanExt,"ax",%progbits
 547              		.align	2
 548              		.global	CapSense_ScanExt
ARM GAS  C:\Users\ADSTRU~1\AppData\Local\Temp\ccEcZ2Z6.s 			page 60


 549              		.code	16
 550              		.thumb_func
 551              		.type	CapSense_ScanExt, %function
 552              	CapSense_ScanExt:
 553              	.LFB6:
 642:Generated_Source\PSoC4/CapSense_Sensing.c ****     cystatus scanStatus = CYRET_SUCCESS;
 554              		.loc 1 642 0
 555              		.cfi_startproc
 556              		@ args = 0, pretend = 0, frame = 0
 557              		@ frame_needed = 0, uses_anonymous_args = 0
 558 0000 10B5     		push	{r4, lr}
 559              		.cfi_def_cfa_offset 8
 560              		.cfi_offset 4, -8
 561              		.cfi_offset 14, -4
 562              	.LVL44:
 645:Generated_Source\PSoC4/CapSense_Sensing.c ****     {
 563              		.loc 1 645 0
 564 0002 084B     		ldr	r3, .L65
 565 0004 DB68     		ldr	r3, [r3, #12]
 566 0006 DB03     		lsls	r3, r3, #15
 567 0008 07D4     		bmi	.L62
 652:Generated_Source\PSoC4/CapSense_Sensing.c ****         {
 568              		.loc 1 652 0
 569 000a 074B     		ldr	r3, .L65+4
 570 000c 1B78     		ldrb	r3, [r3]
 571 000e 012B     		cmp	r3, #1
 572 0010 05D1     		bne	.L64
 661:Generated_Source\PSoC4/CapSense_Sensing.c ****                 break;
 573              		.loc 1 661 0
 574 0012 FFF7FEFF 		bl	CapSense_CSDScanExt
 575              	.LVL45:
 643:Generated_Source\PSoC4/CapSense_Sensing.c **** 
 576              		.loc 1 643 0
 577 0016 0020     		movs	r0, #0
 662:Generated_Source\PSoC4/CapSense_Sensing.c ****         #endif
 578              		.loc 1 662 0
 579 0018 03E0     		b	.L60
 580              	.L62:
 648:Generated_Source\PSoC4/CapSense_Sensing.c ****     }
 581              		.loc 1 648 0
 582 001a 1120     		movs	r0, #17
 583 001c 01E0     		b	.L60
 584              	.L64:
 670:Generated_Source\PSoC4/CapSense_Sensing.c ****             break;
 585              		.loc 1 670 0
 586 001e 0120     		movs	r0, #1
 587 0020 4042     		rsbs	r0, r0, #0
 588              	.L60:
 589              	.LVL46:
 675:Generated_Source\PSoC4/CapSense_Sensing.c **** 
 590              		.loc 1 675 0
 591              		@ sp needed
 592 0022 10BD     		pop	{r4, pc}
 593              	.L66:
 594              		.align	2
 595              	.L65:
 596 0024 00000000 		.word	CapSense_dsRam
ARM GAS  C:\Users\ADSTRU~1\AppData\Local\Temp\ccEcZ2Z6.s 			page 61


 597 0028 00000000 		.word	.LANCHOR0
 598              		.cfi_endproc
 599              	.LFE6:
 600              		.size	CapSense_ScanExt, .-CapSense_ScanExt
 601              		.section	.text.CapSense_SetPinState,"ax",%progbits
 602              		.align	2
 603              		.global	CapSense_SetPinState
 604              		.code	16
 605              		.thumb_func
 606              		.type	CapSense_SetPinState, %function
 607              	CapSense_SetPinState:
 608              	.LFB8:
 841:Generated_Source\PSoC4/CapSense_Sensing.c ****     uint32 eltdNum;
 609              		.loc 1 841 0
 610              		.cfi_startproc
 611              		@ args = 0, pretend = 0, frame = 0
 612              		@ frame_needed = 0, uses_anonymous_args = 0
 613              	.LVL47:
 614 0000 F8B5     		push	{r3, r4, r5, r6, r7, lr}
 615              		.cfi_def_cfa_offset 24
 616              		.cfi_offset 3, -24
 617              		.cfi_offset 4, -20
 618              		.cfi_offset 5, -16
 619              		.cfi_offset 6, -12
 620              		.cfi_offset 7, -8
 621              		.cfi_offset 14, -4
 622 0002 1600     		movs	r6, r2
 866:Generated_Source\PSoC4/CapSense_Sensing.c ****         eltdNum = 1u;
 623              		.loc 1 866 0
 624 0004 2C23     		movs	r3, #44
 625 0006 5843     		muls	r0, r3
 626              	.LVL48:
 627 0008 234B     		ldr	r3, .L74
 628 000a C458     		ldr	r4, [r0, r3]
 629 000c CB00     		lsls	r3, r1, #3
 630 000e 591A     		subs	r1, r3, r1
 631              	.LVL49:
 632 0010 8B00     		lsls	r3, r1, #2
 633 0012 E418     		adds	r4, r4, r3
 634              	.LVL50:
 871:Generated_Source\PSoC4/CapSense_Sensing.c ****     {
 635              		.loc 1 871 0
 636 0014 0025     		movs	r5, #0
 637 0016 3CE0     		b	.L68
 638              	.LVL51:
 639              	.L73:
 874:Generated_Source\PSoC4/CapSense_Sensing.c ****         CY_SET_REG32(ioPtr->hsiomPtr, CY_GET_REG32(ioPtr->hsiomPtr) & ~(CapSense_HSIOM_SEL_MASK << 
 640              		.loc 1 874 0
 641 0018 FFF7FEFF 		bl	CyEnterCriticalSection
 642              	.LVL52:
 875:Generated_Source\PSoC4/CapSense_Sensing.c ****         CY_SET_REG32(ioPtr->pcPtr, CY_GET_REG32(ioPtr->pcPtr) & ~(CapSense_GPIO_PC_MASK << ioPtr->s
 643              		.loc 1 875 0
 644 001c 2168     		ldr	r1, [r4]
 645 001e 0B68     		ldr	r3, [r1]
 646 0020 277E     		ldrb	r7, [r4, #24]
 647 0022 0F22     		movs	r2, #15
 648 0024 BA40     		lsls	r2, r2, r7
ARM GAS  C:\Users\ADSTRU~1\AppData\Local\Temp\ccEcZ2Z6.s 			page 62


 649 0026 9343     		bics	r3, r2
 650 0028 0B60     		str	r3, [r1]
 876:Generated_Source\PSoC4/CapSense_Sensing.c ****         CyExitCriticalSection(interruptState);
 651              		.loc 1 876 0
 652 002a 6168     		ldr	r1, [r4, #4]
 653 002c 0B68     		ldr	r3, [r1]
 654 002e A77E     		ldrb	r7, [r4, #26]
 655 0030 0722     		movs	r2, #7
 656 0032 BA40     		lsls	r2, r2, r7
 657 0034 9343     		bics	r3, r2
 658 0036 0B60     		str	r3, [r1]
 877:Generated_Source\PSoC4/CapSense_Sensing.c **** 
 659              		.loc 1 877 0
 660 0038 FFF7FEFF 		bl	CyExitCriticalSection
 661              	.LVL53:
 879:Generated_Source\PSoC4/CapSense_Sensing.c ****         {
 662              		.loc 1 879 0
 663 003c 012E     		cmp	r6, #1
 664 003e 17D0     		beq	.L70
 665 0040 002E     		cmp	r6, #0
 666 0042 02D0     		beq	.L71
 667 0044 032E     		cmp	r6, #3
 668 0046 1FD0     		beq	.L72
 669 0048 21E0     		b	.L69
 670              	.L71:
 883:Generated_Source\PSoC4/CapSense_Sensing.c ****             CY_SET_REG32(ioPtr->pcPtr, CY_GET_REG32(ioPtr->pcPtr) | (CapSense_SNS_GROUND_CONNECT <<
 671              		.loc 1 883 0
 672 004a FFF7FEFF 		bl	CyEnterCriticalSection
 673              	.LVL54:
 884:Generated_Source\PSoC4/CapSense_Sensing.c ****             CY_SET_REG32(ioPtr->drPtr, CY_GET_REG32(ioPtr->drPtr) & (uint32)(~(uint32)((uint32)1u <
 674              		.loc 1 884 0
 675 004e 6268     		ldr	r2, [r4, #4]
 676 0050 1168     		ldr	r1, [r2]
 677 0052 A77E     		ldrb	r7, [r4, #26]
 678 0054 0623     		movs	r3, #6
 679 0056 BB40     		lsls	r3, r3, r7
 680 0058 0B43     		orrs	r3, r1
 681 005a 1360     		str	r3, [r2]
 885:Generated_Source\PSoC4/CapSense_Sensing.c ****             CyExitCriticalSection(interruptState);
 682              		.loc 1 885 0
 683 005c A168     		ldr	r1, [r4, #8]
 684 005e 0B68     		ldr	r3, [r1]
 685 0060 677E     		ldrb	r7, [r4, #25]
 686 0062 0122     		movs	r2, #1
 687 0064 BA40     		lsls	r2, r2, r7
 688 0066 9343     		bics	r3, r2
 689 0068 0B60     		str	r3, [r1]
 886:Generated_Source\PSoC4/CapSense_Sensing.c ****             break;
 690              		.loc 1 886 0
 691 006a FFF7FEFF 		bl	CyExitCriticalSection
 692              	.LVL55:
 887:Generated_Source\PSoC4/CapSense_Sensing.c **** 
 693              		.loc 1 887 0
 694 006e 0EE0     		b	.L69
 695              	.L70:
 890:Generated_Source\PSoC4/CapSense_Sensing.c ****             CY_SET_REG32(ioPtr->drPtr, CY_GET_REG32(ioPtr->drPtr) & (uint32)~(uint32)((uint32)1u <<
 696              		.loc 1 890 0
ARM GAS  C:\Users\ADSTRU~1\AppData\Local\Temp\ccEcZ2Z6.s 			page 63


 697 0070 FFF7FEFF 		bl	CyEnterCriticalSection
 698              	.LVL56:
 891:Generated_Source\PSoC4/CapSense_Sensing.c ****             CyExitCriticalSection(interruptState);
 699              		.loc 1 891 0
 700 0074 A168     		ldr	r1, [r4, #8]
 701 0076 0B68     		ldr	r3, [r1]
 702 0078 677E     		ldrb	r7, [r4, #25]
 703 007a 0122     		movs	r2, #1
 704 007c BA40     		lsls	r2, r2, r7
 705 007e 9343     		bics	r3, r2
 706 0080 0B60     		str	r3, [r1]
 892:Generated_Source\PSoC4/CapSense_Sensing.c ****             break;
 707              		.loc 1 892 0
 708 0082 FFF7FEFF 		bl	CyExitCriticalSection
 709              	.LVL57:
 893:Generated_Source\PSoC4/CapSense_Sensing.c **** 
 710              		.loc 1 893 0
 711 0086 02E0     		b	.L69
 712              	.L72:
 898:Generated_Source\PSoC4/CapSense_Sensing.c ****                 break;
 713              		.loc 1 898 0
 714 0088 2000     		movs	r0, r4
 715 008a FFF7FEFF 		bl	CapSense_CSDConnectSns
 716              	.LVL58:
 717              	.L69:
 933:Generated_Source\PSoC4/CapSense_Sensing.c ****     }
 718              		.loc 1 933 0 discriminator 2
 719 008e 1C34     		adds	r4, r4, #28
 720              	.LVL59:
 871:Generated_Source\PSoC4/CapSense_Sensing.c ****     {
 721              		.loc 1 871 0 discriminator 2
 722 0090 0135     		adds	r5, r5, #1
 723              	.LVL60:
 724              	.L68:
 871:Generated_Source\PSoC4/CapSense_Sensing.c ****     {
 725              		.loc 1 871 0 is_stmt 0 discriminator 1
 726 0092 002D     		cmp	r5, #0
 727 0094 C0D0     		beq	.L73
 935:Generated_Source\PSoC4/CapSense_Sensing.c **** 
 728              		.loc 1 935 0 is_stmt 1
 729              		@ sp needed
 730              	.LVL61:
 731              	.LVL62:
 732              	.LVL63:
 733 0096 F8BD     		pop	{r3, r4, r5, r6, r7, pc}
 734              	.L75:
 735              		.align	2
 736              	.L74:
 737 0098 00000000 		.word	CapSense_dsFlash
 738              		.cfi_endproc
 739              	.LFE8:
 740              		.size	CapSense_SetPinState, .-CapSense_SetPinState
 741              		.section	.text.CapSense_SsSetAllIOsState,"ax",%progbits
 742              		.align	2
 743              		.global	CapSense_SsSetAllIOsState
 744              		.code	16
 745              		.thumb_func
ARM GAS  C:\Users\ADSTRU~1\AppData\Local\Temp\ccEcZ2Z6.s 			page 64


 746              		.type	CapSense_SsSetAllIOsState, %function
 747              	CapSense_SsSetAllIOsState:
 748              	.LFB11:
1167:Generated_Source\PSoC4/CapSense_Sensing.c ****     uint8  interruptState;
 749              		.loc 1 1167 0
 750              		.cfi_startproc
 751              		@ args = 0, pretend = 0, frame = 0
 752              		@ frame_needed = 0, uses_anonymous_args = 0
 753              	.LVL64:
 754 0000 F8B5     		push	{r3, r4, r5, r6, r7, lr}
 755              		.cfi_def_cfa_offset 24
 756              		.cfi_offset 3, -24
 757              		.cfi_offset 4, -20
 758              		.cfi_offset 5, -16
 759              		.cfi_offset 6, -12
 760              		.cfi_offset 7, -8
 761              		.cfi_offset 14, -4
 762 0002 4F46     		mov	r7, r9
 763 0004 4646     		mov	r6, r8
 764 0006 C0B4     		push	{r6, r7}
 765              		.cfi_def_cfa_offset 32
 766              		.cfi_offset 8, -32
 767              		.cfi_offset 9, -28
1180:Generated_Source\PSoC4/CapSense_Sensing.c ****     {
 768              		.loc 1 1180 0
 769 0008 0128     		cmp	r0, #1
 770 000a 0BD0     		beq	.L82
 771 000c 0228     		cmp	r0, #2
 772 000e 04D0     		beq	.L79
1184:Generated_Source\PSoC4/CapSense_Sensing.c ****             break;
 773              		.loc 1 1184 0
 774 0010 0023     		movs	r3, #0
 775 0012 9946     		mov	r9, r3
1183:Generated_Source\PSoC4/CapSense_Sensing.c ****             newPinHsiomVal = CapSense_HSIOM_SEL_GPIO;
 776              		.loc 1 1183 0
 777 0014 0633     		adds	r3, r3, #6
 778 0016 9846     		mov	r8, r3
 779 0018 07E0     		b	.L78
 780              	.L79:
 781              	.LVL65:
1192:Generated_Source\PSoC4/CapSense_Sensing.c ****             break;
 782              		.loc 1 1192 0
 783 001a 0523     		movs	r3, #5
 784 001c 9946     		mov	r9, r3
1191:Generated_Source\PSoC4/CapSense_Sensing.c ****             newPinHsiomVal = CapSense_HSIOM_SEL_CSD_SHIELD;
 785              		.loc 1 1191 0
 786 001e 0023     		movs	r3, #0
 787 0020 9846     		mov	r8, r3
1193:Generated_Source\PSoC4/CapSense_Sensing.c ****         default:
 788              		.loc 1 1193 0
 789 0022 02E0     		b	.L78
 790              	.LVL66:
 791              	.L82:
1188:Generated_Source\PSoC4/CapSense_Sensing.c ****             break;
 792              		.loc 1 1188 0
 793 0024 0023     		movs	r3, #0
 794 0026 9946     		mov	r9, r3
ARM GAS  C:\Users\ADSTRU~1\AppData\Local\Temp\ccEcZ2Z6.s 			page 65


1187:Generated_Source\PSoC4/CapSense_Sensing.c ****             newPinHsiomVal = CapSense_HSIOM_SEL_GPIO;
 795              		.loc 1 1187 0
 796 0028 9846     		mov	r8, r3
 797              	.L78:
 798              	.LVL67:
1201:Generated_Source\PSoC4/CapSense_Sensing.c ****     for (loopIndex = 0u; loopIndex < CapSense_TOTAL_ELECTRODES; loopIndex++)
 799              		.loc 1 1201 0
 800 002a 144C     		ldr	r4, .L83
1202:Generated_Source\PSoC4/CapSense_Sensing.c ****     {
 801              		.loc 1 1202 0
 802 002c 0025     		movs	r5, #0
 803 002e 1FE0     		b	.L80
 804              	.LVL68:
 805              	.L81:
1204:Generated_Source\PSoC4/CapSense_Sensing.c **** 
 806              		.loc 1 1204 0 discriminator 3
 807 0030 FFF7FEFF 		bl	CyEnterCriticalSection
 808              	.LVL69:
1206:Generated_Source\PSoC4/CapSense_Sensing.c ****         tmpHsiomRegValue &= ~(snsIoPtr->hsiomMask);
 809              		.loc 1 1206 0 discriminator 3
 810 0034 2268     		ldr	r2, [r4]
 811 0036 1368     		ldr	r3, [r2]
 812              	.LVL70:
1207:Generated_Source\PSoC4/CapSense_Sensing.c ****         CY_SET_REG32 (snsIoPtr->hsiomPtr, tmpHsiomRegValue);
 813              		.loc 1 1207 0 discriminator 3
 814 0038 2169     		ldr	r1, [r4, #16]
 815 003a 8B43     		bics	r3, r1
 816              	.LVL71:
1208:Generated_Source\PSoC4/CapSense_Sensing.c **** 
 817              		.loc 1 1208 0 discriminator 3
 818 003c 1360     		str	r3, [r2]
1210:Generated_Source\PSoC4/CapSense_Sensing.c ****         tmpPcDrRegValue &= ~(CapSense_GPIO_PC_MASK << snsIoPtr->shift);
 819              		.loc 1 1210 0 discriminator 3
 820 003e 6668     		ldr	r6, [r4, #4]
 821 0040 3268     		ldr	r2, [r6]
 822              	.LVL72:
1211:Generated_Source\PSoC4/CapSense_Sensing.c ****         tmpPcDrRegValue |=  (newPinPcVal << snsIoPtr->shift);
 823              		.loc 1 1211 0 discriminator 3
 824 0042 A77E     		ldrb	r7, [r4, #26]
 825 0044 0721     		movs	r1, #7
 826 0046 B940     		lsls	r1, r1, r7
 827 0048 8A43     		bics	r2, r1
 828              	.LVL73:
1212:Generated_Source\PSoC4/CapSense_Sensing.c ****         CY_SET_REG32 (snsIoPtr->pcPtr, tmpPcDrRegValue);
 829              		.loc 1 1212 0 discriminator 3
 830 004a 4146     		mov	r1, r8
 831 004c B940     		lsls	r1, r1, r7
 832 004e 0A43     		orrs	r2, r1
 833              	.LVL74:
1213:Generated_Source\PSoC4/CapSense_Sensing.c **** 
 834              		.loc 1 1213 0 discriminator 3
 835 0050 3260     		str	r2, [r6]
1215:Generated_Source\PSoC4/CapSense_Sensing.c ****         CY_SET_REG32 (snsIoPtr->hsiomPtr, tmpHsiomRegValue);
 836              		.loc 1 1215 0 discriminator 3
 837 0052 227E     		ldrb	r2, [r4, #24]
 838              	.LVL75:
 839 0054 4946     		mov	r1, r9
ARM GAS  C:\Users\ADSTRU~1\AppData\Local\Temp\ccEcZ2Z6.s 			page 66


 840 0056 9140     		lsls	r1, r1, r2
 841 0058 0B43     		orrs	r3, r1
 842              	.LVL76:
1216:Generated_Source\PSoC4/CapSense_Sensing.c **** 
 843              		.loc 1 1216 0 discriminator 3
 844 005a 2268     		ldr	r2, [r4]
 845 005c 1360     		str	r3, [r2]
 846              	.LVL77:
1218:Generated_Source\PSoC4/CapSense_Sensing.c ****         tmpPcDrRegValue &= ~(snsIoPtr->mask);
 847              		.loc 1 1218 0 discriminator 3
 848 005e A268     		ldr	r2, [r4, #8]
 849 0060 1368     		ldr	r3, [r2]
 850              	.LVL78:
1219:Generated_Source\PSoC4/CapSense_Sensing.c ****         CY_SET_REG32 (snsIoPtr->drPtr, tmpPcDrRegValue);
 851              		.loc 1 1219 0 discriminator 3
 852 0062 6169     		ldr	r1, [r4, #20]
 853 0064 8B43     		bics	r3, r1
 854              	.LVL79:
1220:Generated_Source\PSoC4/CapSense_Sensing.c **** 
 855              		.loc 1 1220 0 discriminator 3
 856 0066 1360     		str	r3, [r2]
1222:Generated_Source\PSoC4/CapSense_Sensing.c **** 
 857              		.loc 1 1222 0 discriminator 3
 858 0068 FFF7FEFF 		bl	CyExitCriticalSection
 859              	.LVL80:
1225:Generated_Source\PSoC4/CapSense_Sensing.c ****     }
 860              		.loc 1 1225 0 discriminator 3
 861 006c 1C34     		adds	r4, r4, #28
 862              	.LVL81:
1202:Generated_Source\PSoC4/CapSense_Sensing.c ****     {
 863              		.loc 1 1202 0 discriminator 3
 864 006e 0135     		adds	r5, r5, #1
 865              	.LVL82:
 866              	.L80:
1202:Generated_Source\PSoC4/CapSense_Sensing.c ****     {
 867              		.loc 1 1202 0 is_stmt 0 discriminator 1
 868 0070 042D     		cmp	r5, #4
 869 0072 DDD9     		bls	.L81
1238:Generated_Source\PSoC4/CapSense_Sensing.c **** 
 870              		.loc 1 1238 0 is_stmt 1
 871              		@ sp needed
 872              	.LVL83:
 873              	.LVL84:
 874              	.LVL85:
 875              	.LVL86:
 876 0074 0CBC     		pop	{r2, r3}
 877 0076 9046     		mov	r8, r2
 878 0078 9946     		mov	r9, r3
 879 007a F8BD     		pop	{r3, r4, r5, r6, r7, pc}
 880              	.L84:
 881              		.align	2
 882              	.L83:
 883 007c 00000000 		.word	CapSense_ioList
 884              		.cfi_endproc
 885              	.LFE11:
 886              		.size	CapSense_SsSetAllIOsState, .-CapSense_SsSetAllIOsState
 887              		.section	.text.CapSense_SsPostAllWidgetsScan,"ax",%progbits
ARM GAS  C:\Users\ADSTRU~1\AppData\Local\Temp\ccEcZ2Z6.s 			page 67


 888              		.align	2
 889              		.global	CapSense_SsPostAllWidgetsScan
 890              		.code	16
 891              		.thumb_func
 892              		.type	CapSense_SsPostAllWidgetsScan, %function
 893              	CapSense_SsPostAllWidgetsScan:
 894              	.LFB12:
1317:Generated_Source\PSoC4/CapSense_Sensing.c ****     /*
 895              		.loc 1 1317 0
 896              		.cfi_startproc
 897              		@ args = 0, pretend = 0, frame = 0
 898              		@ frame_needed = 0, uses_anonymous_args = 0
 899              		@ link register save eliminated.
1374:Generated_Source\PSoC4/CapSense_Sensing.c **** 
 900              		.loc 1 1374 0
 901              		@ sp needed
 902 0000 7047     		bx	lr
 903              		.cfi_endproc
 904              	.LFE12:
 905              		.size	CapSense_SsPostAllWidgetsScan, .-CapSense_SsPostAllWidgetsScan
 906 0002 C046     		.section	.text.CapSense_SsIsrInitialize,"ax",%progbits
 907              		.align	2
 908              		.global	CapSense_SsIsrInitialize
 909              		.code	16
 910              		.thumb_func
 911              		.type	CapSense_SsIsrInitialize, %function
 912              	CapSense_SsIsrInitialize:
 913              	.LFB13:
1394:Generated_Source\PSoC4/CapSense_Sensing.c ****     CapSense_ISR_StartEx(address);
 914              		.loc 1 1394 0
 915              		.cfi_startproc
 916              		@ args = 0, pretend = 0, frame = 0
 917              		@ frame_needed = 0, uses_anonymous_args = 0
 918              	.LVL87:
 919 0000 10B5     		push	{r4, lr}
 920              		.cfi_def_cfa_offset 8
 921              		.cfi_offset 4, -8
 922              		.cfi_offset 14, -4
1395:Generated_Source\PSoC4/CapSense_Sensing.c **** }
 923              		.loc 1 1395 0
 924 0002 FFF7FEFF 		bl	CapSense_ISR_StartEx
 925              	.LVL88:
1396:Generated_Source\PSoC4/CapSense_Sensing.c **** 
 926              		.loc 1 1396 0
 927              		@ sp needed
 928 0006 10BD     		pop	{r4, pc}
 929              		.cfi_endproc
 930              	.LFE13:
 931              		.size	CapSense_SsIsrInitialize, .-CapSense_SsIsrInitialize
 932              		.section	.text.CapSense_SsSetModClkClockDivider,"ax",%progbits
 933              		.align	2
 934              		.global	CapSense_SsSetModClkClockDivider
 935              		.code	16
 936              		.thumb_func
 937              		.type	CapSense_SsSetModClkClockDivider, %function
 938              	CapSense_SsSetModClkClockDivider:
 939              	.LFB14:
ARM GAS  C:\Users\ADSTRU~1\AppData\Local\Temp\ccEcZ2Z6.s 			page 68


1417:Generated_Source\PSoC4/CapSense_Sensing.c **** #if (CapSense_ENABLE == CapSense_IS_M0S8PERI_BLOCK)
 940              		.loc 1 1417 0
 941              		.cfi_startproc
 942              		@ args = 0, pretend = 0, frame = 0
 943              		@ frame_needed = 0, uses_anonymous_args = 0
 944              		@ link register save eliminated.
 945              	.LVL89:
1420:Generated_Source\PSoC4/CapSense_Sensing.c ****                  ((uint32)CapSense_ModClk__DIV_ID <<
 946              		.loc 1 1420 0
 947 0000 074A     		ldr	r2, .L89
 948 0002 084B     		ldr	r3, .L89+4
 949 0004 1A60     		str	r2, [r3]
1430:Generated_Source\PSoC4/CapSense_Sensing.c **** 
 950              		.loc 1 1430 0
 951 0006 0138     		subs	r0, r0, #1
 952              	.LVL90:
 953 0008 0002     		lsls	r0, r0, #8
 954              	.LVL91:
 955 000a 074B     		ldr	r3, .L89+8
 956 000c 1860     		str	r0, [r3]
 957              	.L88:
1433:Generated_Source\PSoC4/CapSense_Sensing.c ****     {
 958              		.loc 1 1433 0 discriminator 1
 959 000e 054B     		ldr	r3, .L89+4
 960 0010 1B68     		ldr	r3, [r3]
 961 0012 002B     		cmp	r3, #0
 962 0014 FBDB     		blt	.L88
1439:Generated_Source\PSoC4/CapSense_Sensing.c ****                  (uint32)(((uint32)CapSense_ModClk__DIV_ID << CapSense_MODCLK_CMD_DIV_SHIFT) |
 963              		.loc 1 1439 0
 964 0016 054A     		ldr	r2, .L89+12
 965 0018 024B     		ldr	r3, .L89+4
 966 001a 1A60     		str	r2, [r3]
1464:Generated_Source\PSoC4/CapSense_Sensing.c **** 
 967              		.loc 1 1464 0
 968              		@ sp needed
 969 001c 7047     		bx	lr
 970              	.L90:
 971 001e C046     		.align	2
 972              	.L89:
 973 0020 40000040 		.word	1073741888
 974 0024 00000140 		.word	1073807360
 975 0028 00030140 		.word	1073808128
 976 002c 40FF0080 		.word	-2147418304
 977              		.cfi_endproc
 978              	.LFE14:
 979              		.size	CapSense_SsSetModClkClockDivider, .-CapSense_SsSetModClkClockDivider
 980              		.section	.text.CapSense_SsSetSnsClockDivider,"ax",%progbits
 981              		.align	2
 982              		.global	CapSense_SsSetSnsClockDivider
 983              		.code	16
 984              		.thumb_func
 985              		.type	CapSense_SsSetSnsClockDivider, %function
 986              	CapSense_SsSetSnsClockDivider:
 987              	.LFB15:
1485:Generated_Source\PSoC4/CapSense_Sensing.c **** #if (CapSense_ENABLE == CapSense_CSDV2)
 988              		.loc 1 1485 0
 989              		.cfi_startproc
ARM GAS  C:\Users\ADSTRU~1\AppData\Local\Temp\ccEcZ2Z6.s 			page 69


 990              		@ args = 0, pretend = 0, frame = 0
 991              		@ frame_needed = 0, uses_anonymous_args = 0
 992              		@ link register save eliminated.
 993              	.LVL92:
1494:Generated_Source\PSoC4/CapSense_Sensing.c ****     newRegValue &= (uint32)(~CapSense_SENSE_PERIOD_SENSE_DIV_MASK);
 994              		.loc 1 1494 0
 995 0000 034A     		ldr	r2, .L92
 996 0002 1368     		ldr	r3, [r2]
 997              	.LVL93:
1495:Generated_Source\PSoC4/CapSense_Sensing.c ****     newRegValue |= snsClk - 1u;
 998              		.loc 1 1495 0
 999 0004 1B0B     		lsrs	r3, r3, #12
 1000              	.LVL94:
 1001 0006 1B03     		lsls	r3, r3, #12
 1002              	.LVL95:
1496:Generated_Source\PSoC4/CapSense_Sensing.c ****     CY_SET_REG32(CapSense_SENSE_PERIOD_PTR, newRegValue);
 1003              		.loc 1 1496 0
 1004 0008 0138     		subs	r0, r0, #1
 1005              	.LVL96:
 1006 000a 1843     		orrs	r0, r3
 1007              	.LVL97:
1497:Generated_Source\PSoC4/CapSense_Sensing.c **** #else
 1008              		.loc 1 1497 0
 1009 000c 1060     		str	r0, [r2]
1546:Generated_Source\PSoC4/CapSense_Sensing.c **** 
 1010              		.loc 1 1546 0
 1011              		@ sp needed
 1012 000e 7047     		bx	lr
 1013              	.L93:
 1014              		.align	2
 1015              	.L92:
 1016 0010 00020B40 		.word	1074463232
 1017              		.cfi_endproc
 1018              	.LFE15:
 1019              		.size	CapSense_SsSetSnsClockDivider, .-CapSense_SsSetSnsClockDivider
 1020              		.section	.text.CapSense_SsSetClockDividers,"ax",%progbits
 1021              		.align	2
 1022              		.global	CapSense_SsSetClockDividers
 1023              		.code	16
 1024              		.thumb_func
 1025              		.type	CapSense_SsSetClockDividers, %function
 1026              	CapSense_SsSetClockDividers:
 1027              	.LFB16:
1569:Generated_Source\PSoC4/CapSense_Sensing.c ****     /* Configure Mod clock */
 1028              		.loc 1 1569 0
 1029              		.cfi_startproc
 1030              		@ args = 0, pretend = 0, frame = 0
 1031              		@ frame_needed = 0, uses_anonymous_args = 0
 1032              	.LVL98:
 1033 0000 10B5     		push	{r4, lr}
 1034              		.cfi_def_cfa_offset 8
 1035              		.cfi_offset 4, -8
 1036              		.cfi_offset 14, -4
 1037 0002 0400     		movs	r4, r0
1571:Generated_Source\PSoC4/CapSense_Sensing.c **** 
 1038              		.loc 1 1571 0
 1039 0004 0800     		movs	r0, r1
ARM GAS  C:\Users\ADSTRU~1\AppData\Local\Temp\ccEcZ2Z6.s 			page 70


 1040              	.LVL99:
 1041 0006 FFF7FEFF 		bl	CapSense_SsSetModClkClockDivider
 1042              	.LVL100:
1574:Generated_Source\PSoC4/CapSense_Sensing.c **** }
 1043              		.loc 1 1574 0
 1044 000a 2000     		movs	r0, r4
 1045 000c FFF7FEFF 		bl	CapSense_SsSetSnsClockDivider
 1046              	.LVL101:
1575:Generated_Source\PSoC4/CapSense_Sensing.c **** 
 1047              		.loc 1 1575 0
 1048              		@ sp needed
 1049              	.LVL102:
 1050 0010 10BD     		pop	{r4, pc}
 1051              		.cfi_endproc
 1052              	.LFE16:
 1053              		.size	CapSense_SsSetClockDividers, .-CapSense_SsSetClockDividers
 1054 0012 C046     		.section	.text.CapSense_CalibrateWidget,"ax",%progbits
 1055              		.align	2
 1056              		.global	CapSense_CalibrateWidget
 1057              		.code	16
 1058              		.thumb_func
 1059              		.type	CapSense_CalibrateWidget, %function
 1060              	CapSense_CalibrateWidget:
 1061              	.LFB17:
1621:Generated_Source\PSoC4/CapSense_Sensing.c ****         cystatus calibrateStatus = CYRET_SUCCESS;
 1062              		.loc 1 1621 0
 1063              		.cfi_startproc
 1064              		@ args = 0, pretend = 0, frame = 0
 1065              		@ frame_needed = 0, uses_anonymous_args = 0
 1066              	.LVL103:
 1067 0000 10B5     		push	{r4, lr}
 1068              		.cfi_def_cfa_offset 8
 1069              		.cfi_offset 4, -8
 1070              		.cfi_offset 14, -4
 1071 0002 031E     		subs	r3, r0, #0
 1072              	.LVL104:
1626:Generated_Source\PSoC4/CapSense_Sensing.c ****             {
 1073              		.loc 1 1626 0
 1074 0004 01D1     		bne	.L98
1622:Generated_Source\PSoC4/CapSense_Sensing.c **** 
 1075              		.loc 1 1622 0
 1076 0006 0020     		movs	r0, #0
 1077              	.LVL105:
 1078 0008 00E0     		b	.L96
 1079              	.LVL106:
 1080              	.L98:
1628:Generated_Source\PSoC4/CapSense_Sensing.c ****             }
 1081              		.loc 1 1628 0
 1082 000a 0120     		movs	r0, #1
 1083              	.LVL107:
 1084              	.L96:
1646:Generated_Source\PSoC4/CapSense_Sensing.c ****             {
 1085              		.loc 1 1646 0
 1086 000c 0028     		cmp	r0, #0
 1087 000e 03D1     		bne	.L97
1685:Generated_Source\PSoC4/CapSense_Sensing.c **** 
 1088              		.loc 1 1685 0
ARM GAS  C:\Users\ADSTRU~1\AppData\Local\Temp\ccEcZ2Z6.s 			page 71


 1089 0010 5521     		movs	r1, #85
 1090 0012 1800     		movs	r0, r3
 1091              	.LVL108:
 1092 0014 FFF7FEFF 		bl	CapSense_CSDCalibrateWidget
 1093              	.LVL109:
 1094              	.L97:
1701:Generated_Source\PSoC4/CapSense_Sensing.c **** 
 1095              		.loc 1 1701 0
 1096              		@ sp needed
 1097 0018 10BD     		pop	{r4, pc}
 1098              		.cfi_endproc
 1099              	.LFE17:
 1100              		.size	CapSense_CalibrateWidget, .-CapSense_CalibrateWidget
 1101 001a C046     		.section	.text.CapSense_CalibrateAllWidgets,"ax",%progbits
 1102              		.align	2
 1103              		.global	CapSense_CalibrateAllWidgets
 1104              		.code	16
 1105              		.thumb_func
 1106              		.type	CapSense_CalibrateAllWidgets, %function
 1107              	CapSense_CalibrateAllWidgets:
 1108              	.LFB18:
1738:Generated_Source\PSoC4/CapSense_Sensing.c ****         cystatus calibrateStatus = CYRET_SUCCESS;
 1109              		.loc 1 1738 0
 1110              		.cfi_startproc
 1111              		@ args = 0, pretend = 0, frame = 0
 1112              		@ frame_needed = 0, uses_anonymous_args = 0
 1113 0000 70B5     		push	{r4, r5, r6, lr}
 1114              		.cfi_def_cfa_offset 16
 1115              		.cfi_offset 4, -16
 1116              		.cfi_offset 5, -12
 1117              		.cfi_offset 6, -8
 1118              		.cfi_offset 14, -4
 1119              	.LVL110:
1742:Generated_Source\PSoC4/CapSense_Sensing.c ****         {
 1120              		.loc 1 1742 0
 1121 0002 0024     		movs	r4, #0
1739:Generated_Source\PSoC4/CapSense_Sensing.c ****         uint32 wdgtIndex;
 1122              		.loc 1 1739 0
 1123 0004 0025     		movs	r5, #0
1742:Generated_Source\PSoC4/CapSense_Sensing.c ****         {
 1124              		.loc 1 1742 0
 1125 0006 04E0     		b	.L100
 1126              	.LVL111:
 1127              	.L101:
1744:Generated_Source\PSoC4/CapSense_Sensing.c ****         }
 1128              		.loc 1 1744 0 discriminator 3
 1129 0008 2000     		movs	r0, r4
 1130 000a FFF7FEFF 		bl	CapSense_CalibrateWidget
 1131              	.LVL112:
 1132 000e 0543     		orrs	r5, r0
 1133              	.LVL113:
1742:Generated_Source\PSoC4/CapSense_Sensing.c ****         {
 1134              		.loc 1 1742 0 discriminator 3
 1135 0010 0134     		adds	r4, r4, #1
 1136              	.LVL114:
 1137              	.L100:
1742:Generated_Source\PSoC4/CapSense_Sensing.c ****         {
ARM GAS  C:\Users\ADSTRU~1\AppData\Local\Temp\ccEcZ2Z6.s 			page 72


 1138              		.loc 1 1742 0 is_stmt 0 discriminator 1
 1139 0012 002C     		cmp	r4, #0
 1140 0014 F8D0     		beq	.L101
1748:Generated_Source\PSoC4/CapSense_Sensing.c **** #endif /* (CapSense_ANYMODE_AUTOCAL) */
 1141              		.loc 1 1748 0 is_stmt 1
 1142 0016 2800     		movs	r0, r5
 1143              		@ sp needed
 1144              	.LVL115:
 1145              	.LVL116:
 1146 0018 70BD     		pop	{r4, r5, r6, pc}
 1147              		.cfi_endproc
 1148              	.LFE18:
 1149              		.size	CapSense_CalibrateAllWidgets, .-CapSense_CalibrateAllWidgets
 1150 001a C046     		.section	.text.CapSense_SsCSDGetColSnsClkDivider,"ax",%progbits
 1151              		.align	2
 1152              		.global	CapSense_SsCSDGetColSnsClkDivider
 1153              		.code	16
 1154              		.thumb_func
 1155              		.type	CapSense_SsCSDGetColSnsClkDivider, %function
 1156              	CapSense_SsCSDGetColSnsClkDivider:
 1157              	.LFB25:
2758:Generated_Source\PSoC4/CapSense_Sensing.c **** 
2759:Generated_Source\PSoC4/CapSense_Sensing.c **** #endif /* (((CapSense_ENABLE == CapSense_CSX_EN) && \
2760:Generated_Source\PSoC4/CapSense_Sensing.c ****            (CapSense_DISABLE == CapSense_CSX_SKIP_OVSMPL_SPECIFIC_NODES) && \
2761:Generated_Source\PSoC4/CapSense_Sensing.c ****            (CapSense_ENABLE == CapSense_CSDV2) && \
2762:Generated_Source\PSoC4/CapSense_Sensing.c ****            (CapSense_CLK_SOURCE_PRSAUTO == CapSense_CSX_TX_CLK_SOURCE)) ||\
2763:Generated_Source\PSoC4/CapSense_Sensing.c ****           ((CapSense_ENABLE == CapSense_CSD_EN) && \
2764:Generated_Source\PSoC4/CapSense_Sensing.c ****            (CapSense_ENABLE == CapSense_CSDV2) && \
2765:Generated_Source\PSoC4/CapSense_Sensing.c ****            (CapSense_CLK_SOURCE_PRSAUTO == CapSense_CSD_SNS_CLK_SOURCE))) */
2766:Generated_Source\PSoC4/CapSense_Sensing.c **** 
2767:Generated_Source\PSoC4/CapSense_Sensing.c **** 
2768:Generated_Source\PSoC4/CapSense_Sensing.c **** #if (CapSense_ENABLE == CapSense_CSD_EN)
2769:Generated_Source\PSoC4/CapSense_Sensing.c **** 
2770:Generated_Source\PSoC4/CapSense_Sensing.c **** 
2771:Generated_Source\PSoC4/CapSense_Sensing.c ****     /*******************************************************************************
2772:Generated_Source\PSoC4/CapSense_Sensing.c ****     * Function Name: CapSense_SsCSDGetColSnsClkDivider
2773:Generated_Source\PSoC4/CapSense_Sensing.c ****     ****************************************************************************//**
2774:Generated_Source\PSoC4/CapSense_Sensing.c ****     *
2775:Generated_Source\PSoC4/CapSense_Sensing.c ****     * \brief
2776:Generated_Source\PSoC4/CapSense_Sensing.c ****     *  This function gets the Sense Clock Divider value for one-dimension widgets
2777:Generated_Source\PSoC4/CapSense_Sensing.c ****     *  and Column Sense Clock divider value for two-dimension widgets.
2778:Generated_Source\PSoC4/CapSense_Sensing.c ****     *
2779:Generated_Source\PSoC4/CapSense_Sensing.c ****     * \details
2780:Generated_Source\PSoC4/CapSense_Sensing.c ****     *  This function gets the Sense Clock Divider value based on the Component
2781:Generated_Source\PSoC4/CapSense_Sensing.c ****     *  configuration. The function is applicable for one-dimension widgets and for
2782:Generated_Source\PSoC4/CapSense_Sensing.c ****     *  two-dimension widgets.
2783:Generated_Source\PSoC4/CapSense_Sensing.c ****     *
2784:Generated_Source\PSoC4/CapSense_Sensing.c ****     * \param widgetId
2785:Generated_Source\PSoC4/CapSense_Sensing.c ****     *  Specifies the ID of the widget.
2786:Generated_Source\PSoC4/CapSense_Sensing.c ****     *
2787:Generated_Source\PSoC4/CapSense_Sensing.c ****     * \return
2788:Generated_Source\PSoC4/CapSense_Sensing.c ****     *  Returns the Sense Clock Divider value for one-dimension widgets
2789:Generated_Source\PSoC4/CapSense_Sensing.c ****     *  and the Column Sense Clock divider value for two-dimension widgets.
2790:Generated_Source\PSoC4/CapSense_Sensing.c ****     *
2791:Generated_Source\PSoC4/CapSense_Sensing.c ****     *******************************************************************************/
2792:Generated_Source\PSoC4/CapSense_Sensing.c ****     uint32 CapSense_SsCSDGetColSnsClkDivider(uint32 widgetId)
2793:Generated_Source\PSoC4/CapSense_Sensing.c ****     {
ARM GAS  C:\Users\ADSTRU~1\AppData\Local\Temp\ccEcZ2Z6.s 			page 73


 1158              		.loc 1 2793 0
 1159              		.cfi_startproc
 1160              		@ args = 0, pretend = 0, frame = 0
 1161              		@ frame_needed = 0, uses_anonymous_args = 0
 1162              		@ link register save eliminated.
 1163              	.LVL117:
2794:Generated_Source\PSoC4/CapSense_Sensing.c ****         uint32 retVal;
2795:Generated_Source\PSoC4/CapSense_Sensing.c **** 
2796:Generated_Source\PSoC4/CapSense_Sensing.c ****         /* Get sense divider based on configuration */
2797:Generated_Source\PSoC4/CapSense_Sensing.c ****         #if (CapSense_ENABLE != CapSense_CSD_COMMON_SNS_CLK_EN)
2798:Generated_Source\PSoC4/CapSense_Sensing.c ****             CapSense_RAM_WD_BASE_STRUCT *ptrWdgt;
2799:Generated_Source\PSoC4/CapSense_Sensing.c **** 
2800:Generated_Source\PSoC4/CapSense_Sensing.c ****             ptrWdgt = (CapSense_RAM_WD_BASE_STRUCT *)
 1164              		.loc 1 2800 0
 1165 0000 2C23     		movs	r3, #44
 1166 0002 5843     		muls	r0, r3
 1167              	.LVL118:
 1168 0004 024B     		ldr	r3, .L103
 1169 0006 1818     		adds	r0, r3, r0
 1170 0008 4368     		ldr	r3, [r0, #4]
 1171              	.LVL119:
2801:Generated_Source\PSoC4/CapSense_Sensing.c ****             CapSense_dsFlash.wdgtArray[widgetId].ptr2WdgtRam;
2802:Generated_Source\PSoC4/CapSense_Sensing.c **** 
2803:Generated_Source\PSoC4/CapSense_Sensing.c ****             retVal = (uint32)(ptrWdgt->snsClk);
 1172              		.loc 1 2803 0
 1173 000a 9889     		ldrh	r0, [r3, #12]
 1174              	.LVL120:
2804:Generated_Source\PSoC4/CapSense_Sensing.c ****         #else
2805:Generated_Source\PSoC4/CapSense_Sensing.c ****             retVal = (uint32)CapSense_dsRam.snsCsdClk;
2806:Generated_Source\PSoC4/CapSense_Sensing.c **** 
2807:Generated_Source\PSoC4/CapSense_Sensing.c ****             (void)widgetId; /* This parameter is unused in such configurations */
2808:Generated_Source\PSoC4/CapSense_Sensing.c ****         #endif /* (CapSense_ENABLE == CapSense_CSD_COMMON_SNS_CLK_EN) */
2809:Generated_Source\PSoC4/CapSense_Sensing.c **** 
2810:Generated_Source\PSoC4/CapSense_Sensing.c ****         return (retVal);
2811:Generated_Source\PSoC4/CapSense_Sensing.c ****     }
 1175              		.loc 1 2811 0
 1176              		@ sp needed
 1177 000c 7047     		bx	lr
 1178              	.L104:
 1179 000e C046     		.align	2
 1180              	.L103:
 1181 0010 00000000 		.word	CapSense_dsFlash
 1182              		.cfi_endproc
 1183              	.LFE25:
 1184              		.size	CapSense_SsCSDGetColSnsClkDivider, .-CapSense_SsCSDGetColSnsClkDivider
 1185              		.section	.text.CapSense_SsCSDCalcPrsSize,"ax",%progbits
 1186              		.align	2
 1187              		.global	CapSense_SsCSDCalcPrsSize
 1188              		.code	16
 1189              		.thumb_func
 1190              		.type	CapSense_SsCSDCalcPrsSize, %function
 1191              	CapSense_SsCSDCalcPrsSize:
 1192              	.LFB26:
2812:Generated_Source\PSoC4/CapSense_Sensing.c **** 
2813:Generated_Source\PSoC4/CapSense_Sensing.c **** 
2814:Generated_Source\PSoC4/CapSense_Sensing.c ****     #if (CapSense_CSD_MATRIX_WIDGET_EN || CapSense_CSD_TOUCHPAD_WIDGET_EN)
2815:Generated_Source\PSoC4/CapSense_Sensing.c ****         /*******************************************************************************
ARM GAS  C:\Users\ADSTRU~1\AppData\Local\Temp\ccEcZ2Z6.s 			page 74


2816:Generated_Source\PSoC4/CapSense_Sensing.c ****         * Function Name: CapSense_SsCSDGetRowSnsClkDivider
2817:Generated_Source\PSoC4/CapSense_Sensing.c ****         ****************************************************************************//**
2818:Generated_Source\PSoC4/CapSense_Sensing.c ****         *
2819:Generated_Source\PSoC4/CapSense_Sensing.c ****         * \brief
2820:Generated_Source\PSoC4/CapSense_Sensing.c ****         *  This function gets the Sense Clock Divider value for one-dimension widgets
2821:Generated_Source\PSoC4/CapSense_Sensing.c ****         *  and the Column Sense Clock divider value for two-dimension widgets.
2822:Generated_Source\PSoC4/CapSense_Sensing.c ****         *
2823:Generated_Source\PSoC4/CapSense_Sensing.c ****         * \details
2824:Generated_Source\PSoC4/CapSense_Sensing.c ****         *  This function gets the Sense Clock Divider value based on the Component
2825:Generated_Source\PSoC4/CapSense_Sensing.c ****         *  configuration. The function is applicable for one-dimension widgets and for
2826:Generated_Source\PSoC4/CapSense_Sensing.c ****         *  two-dimension widgets.
2827:Generated_Source\PSoC4/CapSense_Sensing.c ****         *
2828:Generated_Source\PSoC4/CapSense_Sensing.c ****         * \param
2829:Generated_Source\PSoC4/CapSense_Sensing.c ****         *  widgetId Specifies the ID of the widget.
2830:Generated_Source\PSoC4/CapSense_Sensing.c ****         *
2831:Generated_Source\PSoC4/CapSense_Sensing.c ****         * \return
2832:Generated_Source\PSoC4/CapSense_Sensing.c ****         *  Returns the sense clock divider value for one-dimension widgets
2833:Generated_Source\PSoC4/CapSense_Sensing.c ****         *  and column sense clock divider value for two-dimension widgets.
2834:Generated_Source\PSoC4/CapSense_Sensing.c ****         *
2835:Generated_Source\PSoC4/CapSense_Sensing.c ****         *******************************************************************************/
2836:Generated_Source\PSoC4/CapSense_Sensing.c ****         uint32 CapSense_SsCSDGetRowSnsClkDivider(uint32 widgetId)
2837:Generated_Source\PSoC4/CapSense_Sensing.c ****         {
2838:Generated_Source\PSoC4/CapSense_Sensing.c ****             uint32 retVal;
2839:Generated_Source\PSoC4/CapSense_Sensing.c **** 
2840:Generated_Source\PSoC4/CapSense_Sensing.c ****             /* Get sense divider based on configuration */
2841:Generated_Source\PSoC4/CapSense_Sensing.c ****             #if (CapSense_ENABLE != CapSense_CSD_COMMON_SNS_CLK_EN)
2842:Generated_Source\PSoC4/CapSense_Sensing.c ****                 CapSense_RAM_WD_BASE_STRUCT *ptrWdgt;
2843:Generated_Source\PSoC4/CapSense_Sensing.c **** 
2844:Generated_Source\PSoC4/CapSense_Sensing.c ****                 ptrWdgt = (CapSense_RAM_WD_BASE_STRUCT *)
2845:Generated_Source\PSoC4/CapSense_Sensing.c ****                 CapSense_dsFlash.wdgtArray[widgetId].ptr2WdgtRam;
2846:Generated_Source\PSoC4/CapSense_Sensing.c **** 
2847:Generated_Source\PSoC4/CapSense_Sensing.c ****                 retVal = ptrWdgt->rowSnsClk;
2848:Generated_Source\PSoC4/CapSense_Sensing.c ****             #else
2849:Generated_Source\PSoC4/CapSense_Sensing.c ****                 retVal = (uint32)CapSense_dsRam.snsCsdClk;
2850:Generated_Source\PSoC4/CapSense_Sensing.c **** 
2851:Generated_Source\PSoC4/CapSense_Sensing.c ****                 (void)widgetId; /* This parameter is unused in such configurations */
2852:Generated_Source\PSoC4/CapSense_Sensing.c ****             #endif /* (CapSense_ENABLE == CapSense_CSD_COMMON_SNS_CLK_EN) */
2853:Generated_Source\PSoC4/CapSense_Sensing.c **** 
2854:Generated_Source\PSoC4/CapSense_Sensing.c ****             return (retVal);
2855:Generated_Source\PSoC4/CapSense_Sensing.c ****         }
2856:Generated_Source\PSoC4/CapSense_Sensing.c **** 
2857:Generated_Source\PSoC4/CapSense_Sensing.c ****     #endif /* (CapSense_CSD_MATRIX_WIDGET_EN || CapSense_CSD_TOUCHPAD_WIDGET_EN) */
2858:Generated_Source\PSoC4/CapSense_Sensing.c **** 
2859:Generated_Source\PSoC4/CapSense_Sensing.c **** 
2860:Generated_Source\PSoC4/CapSense_Sensing.c ****     #if (CapSense_CLK_SOURCE_PRSAUTO == CapSense_CSD_SNS_CLK_SOURCE)
2861:Generated_Source\PSoC4/CapSense_Sensing.c ****         /*******************************************************************************
2862:Generated_Source\PSoC4/CapSense_Sensing.c ****         * Function Name: CapSense_SsCSDCalcPrsSize
2863:Generated_Source\PSoC4/CapSense_Sensing.c ****         ****************************************************************************//**
2864:Generated_Source\PSoC4/CapSense_Sensing.c ****         *
2865:Generated_Source\PSoC4/CapSense_Sensing.c ****         * \brief
2866:Generated_Source\PSoC4/CapSense_Sensing.c ****         *  The function finds PRS polynomial size in the Auto mode.
2867:Generated_Source\PSoC4/CapSense_Sensing.c ****         *
2868:Generated_Source\PSoC4/CapSense_Sensing.c ****         * \details
2869:Generated_Source\PSoC4/CapSense_Sensing.c ****         *  The PRS polynomial size in the Auto mode is found based on the following
2870:Generated_Source\PSoC4/CapSense_Sensing.c ****         *  requirements:
2871:Generated_Source\PSoC4/CapSense_Sensing.c ****         *  - at least one full spread spectrum polynomial should pass during scan time.
2872:Generated_Source\PSoC4/CapSense_Sensing.c ****         *
ARM GAS  C:\Users\ADSTRU~1\AppData\Local\Temp\ccEcZ2Z6.s 			page 75


2873:Generated_Source\PSoC4/CapSense_Sensing.c ****         * \param
2874:Generated_Source\PSoC4/CapSense_Sensing.c ****         *  snsClkDivider The divider value for the sense clock.
2875:Generated_Source\PSoC4/CapSense_Sensing.c ****         *  resolution The widget resolution.
2876:Generated_Source\PSoC4/CapSense_Sensing.c ****         *
2877:Generated_Source\PSoC4/CapSense_Sensing.c ****         * \return prsSize PRS value for SENSE_PERIOD register.
2878:Generated_Source\PSoC4/CapSense_Sensing.c ****         *
2879:Generated_Source\PSoC4/CapSense_Sensing.c ****         *******************************************************************************/
2880:Generated_Source\PSoC4/CapSense_Sensing.c ****         uint8 CapSense_SsCSDCalcPrsSize(uint32 snsClkDivider, uint32 resolution)
2881:Generated_Source\PSoC4/CapSense_Sensing.c ****         {
 1193              		.loc 1 2881 0
 1194              		.cfi_startproc
 1195              		@ args = 0, pretend = 0, frame = 0
 1196              		@ frame_needed = 0, uses_anonymous_args = 0
 1197              		@ link register save eliminated.
 1198              	.LVL121:
2882:Generated_Source\PSoC4/CapSense_Sensing.c ****             uint32 prsSize;
2883:Generated_Source\PSoC4/CapSense_Sensing.c ****             uint32 modClkDivider = 1u;
2884:Generated_Source\PSoC4/CapSense_Sensing.c **** 
2885:Generated_Source\PSoC4/CapSense_Sensing.c ****             #if (CapSense_ENABLE != CapSense_CSDV2)
2886:Generated_Source\PSoC4/CapSense_Sensing.c ****                 #if(CapSense_ENABLE == CapSense_IS_M0S8PERI_BLOCK)
2887:Generated_Source\PSoC4/CapSense_Sensing.c ****                     modClkDivider = (uint32)CapSense_dsRam.modCsdClk;
2888:Generated_Source\PSoC4/CapSense_Sensing.c ****                 #endif
2889:Generated_Source\PSoC4/CapSense_Sensing.c **** 
2890:Generated_Source\PSoC4/CapSense_Sensing.c ****                 /*
2891:Generated_Source\PSoC4/CapSense_Sensing.c ****                 * This operation is needed for Third-generation HW Block
2892:Generated_Source\PSoC4/CapSense_Sensing.c ****                 * based devices to take into account DIV-2 flip-flop.
2893:Generated_Source\PSoC4/CapSense_Sensing.c ****                 */
2894:Generated_Source\PSoC4/CapSense_Sensing.c ****                 snsClkDivider <<= 1uL;
2895:Generated_Source\PSoC4/CapSense_Sensing.c ****             #endif
2896:Generated_Source\PSoC4/CapSense_Sensing.c **** 
2897:Generated_Source\PSoC4/CapSense_Sensing.c ****             if ((snsClkDivider * CapSense_PRS_LENGTH_12_BITS) <= (modClkDivider * ((0x00000001Lu <<
 1199              		.loc 1 2897 0
 1200 0000 0203     		lsls	r2, r0, #12
 1201 0002 121A     		subs	r2, r2, r0
 1202 0004 0123     		movs	r3, #1
 1203 0006 8B40     		lsls	r3, r3, r1
 1204 0008 013B     		subs	r3, r3, #1
 1205 000a 9A42     		cmp	r2, r3
 1206 000c 05D9     		bls	.L107
2898:Generated_Source\PSoC4/CapSense_Sensing.c ****             {
2899:Generated_Source\PSoC4/CapSense_Sensing.c ****                 /* Set PRS12 mode */
2900:Generated_Source\PSoC4/CapSense_Sensing.c ****                 prsSize = CapSense_PRS_12_CONFIG;
2901:Generated_Source\PSoC4/CapSense_Sensing.c ****             }
2902:Generated_Source\PSoC4/CapSense_Sensing.c ****             else if ((snsClkDivider * CapSense_PRS_LENGTH_8_BITS) <= (modClkDivider * ((0x00000001L
 1207              		.loc 1 2902 0
 1208 000e 0202     		lsls	r2, r0, #8
 1209 0010 101A     		subs	r0, r2, r0
 1210              	.LVL122:
 1211 0012 8342     		cmp	r3, r0
 1212 0014 03D3     		bcc	.L108
2903:Generated_Source\PSoC4/CapSense_Sensing.c ****             {
2904:Generated_Source\PSoC4/CapSense_Sensing.c ****                 /* Set PRS8 mode */
2905:Generated_Source\PSoC4/CapSense_Sensing.c ****                 prsSize = CapSense_PRS_8_CONFIG;
 1213              		.loc 1 2905 0
 1214 0016 0520     		movs	r0, #5
 1215 0018 02E0     		b	.L106
 1216              	.LVL123:
ARM GAS  C:\Users\ADSTRU~1\AppData\Local\Temp\ccEcZ2Z6.s 			page 76


 1217              	.L107:
2900:Generated_Source\PSoC4/CapSense_Sensing.c ****             }
 1218              		.loc 1 2900 0
 1219 001a 0620     		movs	r0, #6
 1220              	.LVL124:
 1221 001c 00E0     		b	.L106
 1222              	.L108:
2906:Generated_Source\PSoC4/CapSense_Sensing.c ****             }
2907:Generated_Source\PSoC4/CapSense_Sensing.c ****             else
2908:Generated_Source\PSoC4/CapSense_Sensing.c ****             {
2909:Generated_Source\PSoC4/CapSense_Sensing.c ****                 /* Set Direct clock mode */
2910:Generated_Source\PSoC4/CapSense_Sensing.c ****                 prsSize = CapSense_CLK_SOURCE_DIRECT;
 1223              		.loc 1 2910 0
 1224 001e 0020     		movs	r0, #0
 1225              	.L106:
 1226              	.LVL125:
2911:Generated_Source\PSoC4/CapSense_Sensing.c ****             }
2912:Generated_Source\PSoC4/CapSense_Sensing.c **** 
2913:Generated_Source\PSoC4/CapSense_Sensing.c ****             return (uint8)prsSize;
 1227              		.loc 1 2913 0
 1228 0020 C0B2     		uxtb	r0, r0
 1229              	.LVL126:
2914:Generated_Source\PSoC4/CapSense_Sensing.c ****         }
 1230              		.loc 1 2914 0
 1231              		@ sp needed
 1232 0022 7047     		bx	lr
 1233              		.cfi_endproc
 1234              	.LFE26:
 1235              		.size	CapSense_SsCSDCalcPrsSize, .-CapSense_SsCSDCalcPrsSize
 1236              		.section	.text.CapSense_SsSetWidgetSenseClkSrc,"ax",%progbits
 1237              		.align	2
 1238              		.code	16
 1239              		.thumb_func
 1240              		.type	CapSense_SsSetWidgetSenseClkSrc, %function
 1241              	CapSense_SsSetWidgetSenseClkSrc:
 1242              	.LFB22:
2458:Generated_Source\PSoC4/CapSense_Sensing.c ****         uint8 lfsrSize;
 1243              		.loc 1 2458 0
 1244              		.cfi_startproc
 1245              		@ args = 0, pretend = 0, frame = 0
 1246              		@ frame_needed = 0, uses_anonymous_args = 0
 1247              	.LVL127:
 1248 0000 70B5     		push	{r4, r5, r6, lr}
 1249              		.cfi_def_cfa_offset 16
 1250              		.cfi_offset 4, -16
 1251              		.cfi_offset 5, -12
 1252              		.cfi_offset 6, -8
 1253              		.cfi_offset 14, -4
 1254 0002 0E00     		movs	r6, r1
2470:Generated_Source\PSoC4/CapSense_Sensing.c **** 
 1255              		.loc 1 2470 0
 1256 0004 FFF7FEFF 		bl	CapSense_SsCSDGetColSnsClkDivider
 1257              	.LVL128:
 1258 0008 0500     		movs	r5, r0
 1259              	.LVL129:
2473:Generated_Source\PSoC4/CapSense_Sensing.c ****                                                                                              CapSen
 1260              		.loc 1 2473 0
ARM GAS  C:\Users\ADSTRU~1\AppData\Local\Temp\ccEcZ2Z6.s 			page 77


 1261 000a 3188     		ldrh	r1, [r6]
 1262 000c 0022     		movs	r2, #0
 1263 000e FFF7FEFF 		bl	CapSense_SsCSDGetNumberOfConversions
 1264              	.LVL130:
 1265 0012 0100     		movs	r1, r0
 1266              	.LVL131:
2475:Generated_Source\PSoC4/CapSense_Sensing.c ****                 if (CapSense_CLK_SOURCE_DIRECT == lfsrSize)
 1267              		.loc 1 2475 0
 1268 0014 2800     		movs	r0, r5
 1269              	.LVL132:
 1270 0016 FFF7FEFF 		bl	CapSense_SsCalcLfsrSize
 1271              	.LVL133:
 1272 001a 041E     		subs	r4, r0, #0
 1273              	.LVL134:
2476:Generated_Source\PSoC4/CapSense_Sensing.c ****                 {
 1274              		.loc 1 2476 0
 1275 001c 04D1     		bne	.L110
2482:Generated_Source\PSoC4/CapSense_Sensing.c ****                 }
 1276              		.loc 1 2482 0
 1277 001e 6800     		lsls	r0, r5, #1
 1278              	.LVL135:
 1279 0020 3188     		ldrh	r1, [r6]
 1280 0022 FFF7FEFF 		bl	CapSense_SsCSDCalcPrsSize
 1281              	.LVL136:
 1282 0026 0400     		movs	r4, r0
 1283              	.LVL137:
 1284              	.L110:
2484:Generated_Source\PSoC4/CapSense_Sensing.c ****             #else
 1285              		.loc 1 2484 0
 1286 0028 2100     		movs	r1, r4
 1287 002a 2800     		movs	r0, r5
 1288 002c FFF7FEFF 		bl	CapSense_SsCalcLfsrScale
 1289              	.LVL138:
2499:Generated_Source\PSoC4/CapSense_Sensing.c **** 
 1290              		.loc 1 2499 0
 1291 0030 0001     		lsls	r0, r0, #4
 1292              	.LVL139:
 1293 0032 C0B2     		uxtb	r0, r0
 1294 0034 2043     		orrs	r0, r4
 1295 0036 B073     		strb	r0, [r6, #14]
2534:Generated_Source\PSoC4/CapSense_Sensing.c **** #endif /* (CapSense_ENABLE == CapSense_CSD_EN) */
 1296              		.loc 1 2534 0
 1297              		@ sp needed
 1298              	.LVL140:
 1299              	.LVL141:
 1300              	.LVL142:
 1301 0038 70BD     		pop	{r4, r5, r6, pc}
 1302              		.cfi_endproc
 1303              	.LFE22:
 1304              		.size	CapSense_SsSetWidgetSenseClkSrc, .-CapSense_SsSetWidgetSenseClkSrc
 1305 003a C046     		.section	.text.CapSense_SsAutoTuneWidget,"ax",%progbits
 1306              		.align	2
 1307              		.global	CapSense_SsAutoTuneWidget
 1308              		.code	16
 1309              		.thumb_func
 1310              		.type	CapSense_SsAutoTuneWidget, %function
 1311              	CapSense_SsAutoTuneWidget:
ARM GAS  C:\Users\ADSTRU~1\AppData\Local\Temp\ccEcZ2Z6.s 			page 78


 1312              	.LFB19:
1781:Generated_Source\PSoC4/CapSense_Sensing.c ****         cystatus autoTuneStatus = CYRET_SUCCESS;
 1313              		.loc 1 1781 0
 1314              		.cfi_startproc
 1315              		@ args = 0, pretend = 0, frame = 32
 1316              		@ frame_needed = 0, uses_anonymous_args = 0
 1317              	.LVL143:
 1318 0000 F0B5     		push	{r4, r5, r6, r7, lr}
 1319              		.cfi_def_cfa_offset 20
 1320              		.cfi_offset 4, -20
 1321              		.cfi_offset 5, -16
 1322              		.cfi_offset 6, -12
 1323              		.cfi_offset 7, -8
 1324              		.cfi_offset 14, -4
 1325 0002 4746     		mov	r7, r8
 1326 0004 80B4     		push	{r7}
 1327              		.cfi_def_cfa_offset 24
 1328              		.cfi_offset 8, -24
 1329 0006 88B0     		sub	sp, sp, #32
 1330              		.cfi_def_cfa_offset 56
 1331 0008 0500     		movs	r5, r0
 1332              	.LVL144:
1801:Generated_Source\PSoC4/CapSense_Sensing.c ****         CapSense_RAM_SNS_STRUCT *ptrRamSensor = ptrFlashWidget->ptr2SnsRam;
 1333              		.loc 1 1801 0
 1334 000a 2C23     		movs	r3, #44
 1335 000c 4343     		muls	r3, r0
 1336 000e 4A4A     		ldr	r2, .L121
 1337 0010 D318     		adds	r3, r2, r3
 1338              	.LVL145:
 1339 0012 5C68     		ldr	r4, [r3, #4]
 1340              	.LVL146:
1802:Generated_Source\PSoC4/CapSense_Sensing.c **** 
 1341              		.loc 1 1802 0
 1342 0014 9F68     		ldr	r7, [r3, #8]
 1343              	.LVL147:
1807:Generated_Source\PSoC4/CapSense_Sensing.c **** 
 1344              		.loc 1 1807 0
 1345 0016 494B     		ldr	r3, .L121+4
 1346              	.LVL148:
 1347 0018 197F     		ldrb	r1, [r3, #28]
 1348 001a 4948     		ldr	r0, .L121+8
 1349              	.LVL149:
 1350 001c FFF7FEFF 		bl	__aeabi_uidiv
 1351              	.LVL150:
 1352 0020 8046     		mov	r8, r0
 1353              	.LVL151:
1834:Generated_Source\PSoC4/CapSense_Sensing.c ****         minSnsClkDivTmp /= CapSense_CSD_SNS_FREQ_KHZ_MAX;
 1354              		.loc 1 1834 0
 1355 0022 FA20     		movs	r0, #250
 1356              	.LVL152:
 1357 0024 8000     		lsls	r0, r0, #2
 1358 0026 4346     		mov	r3, r8
 1359 0028 5843     		muls	r0, r3
 1360              	.LVL153:
1835:Generated_Source\PSoC4/CapSense_Sensing.c **** 
 1361              		.loc 1 1835 0
 1362 002a 4649     		ldr	r1, .L121+12
ARM GAS  C:\Users\ADSTRU~1\AppData\Local\Temp\ccEcZ2Z6.s 			page 79


 1363 002c FFF7FEFF 		bl	__aeabi_uidiv
 1364              	.LVL154:
1837:Generated_Source\PSoC4/CapSense_Sensing.c ****         {
 1365              		.loc 1 1837 0
 1366 0030 FA23     		movs	r3, #250
 1367 0032 1B01     		lsls	r3, r3, #4
 1368 0034 9842     		cmp	r0, r3
 1369 0036 00D8     		bhi	.L112
1812:Generated_Source\PSoC4/CapSense_Sensing.c ****         #elif (CapSense_ENABLE == CapSense_IS_M0S8PERI_BLOCK)
 1370              		.loc 1 1812 0
 1371 0038 1800     		movs	r0, r3
 1372              	.LVL155:
 1373              	.L112:
1842:Generated_Source\PSoC4/CapSense_Sensing.c **** 
 1374              		.loc 1 1842 0
 1375 003a 434B     		ldr	r3, .L121+16
 1376 003c 9C46     		mov	ip, r3
 1377 003e 6044     		add	r0, r0, ip
 1378              	.LVL156:
 1379 0040 FA21     		movs	r1, #250
 1380 0042 8900     		lsls	r1, r1, #2
 1381 0044 FFF7FEFF 		bl	__aeabi_uidiv
 1382              	.LVL157:
 1383 0048 0600     		movs	r6, r0
 1384              	.LVL158:
1845:Generated_Source\PSoC4/CapSense_Sensing.c ****         {
 1385              		.loc 1 1845 0
 1386 004a C307     		lsls	r3, r0, #31
 1387 004c 00D5     		bpl	.L113
1847:Generated_Source\PSoC4/CapSense_Sensing.c ****         }
 1388              		.loc 1 1847 0
 1389 004e 0136     		adds	r6, r6, #1
 1390              	.LVL159:
 1391              	.L113:
1851:Generated_Source\PSoC4/CapSense_Sensing.c ****         autoTuneConfig.snsClkConstantR = CapSense_CSD_SNSCLK_R_CONST;
 1392              		.loc 1 1851 0
 1393 0050 01AB     		add	r3, sp, #4
 1394 0052 4246     		mov	r2, r8
 1395 0054 DA82     		strh	r2, [r3, #22]
1852:Generated_Source\PSoC4/CapSense_Sensing.c ****         autoTuneConfig.vRef = CapSense_CSD_VREF_MV;
 1396              		.loc 1 1852 0
 1397 0056 FA22     		movs	r2, #250
 1398 0058 9200     		lsls	r2, r2, #2
 1399 005a 1A82     		strh	r2, [r3, #16]
1853:Generated_Source\PSoC4/CapSense_Sensing.c ****         autoTuneConfig.fingerCap = ptrRamWidget->fingerCap;
 1400              		.loc 1 1853 0
 1401 005c 3B4A     		ldr	r2, .L121+20
 1402 005e 5A82     		strh	r2, [r3, #18]
1854:Generated_Source\PSoC4/CapSense_Sensing.c ****         autoTuneConfig.sigPFC = &ptrRamWidget->sigPFC;
 1403              		.loc 1 1854 0
 1404 0060 228A     		ldrh	r2, [r4, #16]
 1405 0062 9A82     		strh	r2, [r3, #20]
1855:Generated_Source\PSoC4/CapSense_Sensing.c **** 
 1406              		.loc 1 1855 0
 1407 0064 2200     		movs	r2, r4
 1408 0066 1232     		adds	r2, r2, #18
 1409 0068 0492     		str	r2, [sp, #16]
ARM GAS  C:\Users\ADSTRU~1\AppData\Local\Temp\ccEcZ2Z6.s 			page 80


1864:Generated_Source\PSoC4/CapSense_Sensing.c **** 
 1410              		.loc 1 1864 0
 1411 006a 0C23     		movs	r3, #12
 1412 006c 2380     		strh	r3, [r4]
1866:Generated_Source\PSoC4/CapSense_Sensing.c ****         ptrRamWidget->snsClkSource = (uint8)CapSense_CLK_SOURCE_DIRECT;
 1413              		.loc 1 1866 0
 1414 006e 3849     		ldr	r1, .L121+24
 1415 0070 4046     		mov	r0, r8
 1416 0072 FFF7FEFF 		bl	__aeabi_uidiv
 1417              	.LVL160:
 1418 0076 A081     		strh	r0, [r4, #12]
1867:Generated_Source\PSoC4/CapSense_Sensing.c **** 
 1419              		.loc 1 1867 0
 1420 0078 0023     		movs	r3, #0
 1421 007a A373     		strb	r3, [r4, #14]
1875:Generated_Source\PSoC4/CapSense_Sensing.c **** 
 1422              		.loc 1 1875 0
 1423 007c 5521     		movs	r1, #85
 1424 007e 2800     		movs	r0, r5
 1425 0080 FFF7FEFF 		bl	CapSense_CSDCalibrateWidget
 1426              	.LVL161:
1793:Generated_Source\PSoC4/CapSense_Sensing.c **** 
 1427              		.loc 1 1793 0
 1428 0084 0021     		movs	r1, #0
1791:Generated_Source\PSoC4/CapSense_Sensing.c ****         uint32 maxCp = 0u;
 1429              		.loc 1 1791 0
 1430 0086 0023     		movs	r3, #0
 1431 0088 9C46     		mov	ip, r3
1878:Generated_Source\PSoC4/CapSense_Sensing.c ****         {
 1432              		.loc 1 1878 0
 1433 008a 0022     		movs	r2, #0
 1434 008c 07E0     		b	.L114
 1435              	.LVL162:
 1436              	.L116:
1881:Generated_Source\PSoC4/CapSense_Sensing.c ****                 {
 1437              		.loc 1 1881 0
 1438 008e 7B7A     		ldrb	r3, [r7, #9]
 1439 0090 9942     		cmp	r1, r3
 1440 0092 02D2     		bcs	.L115
 1441              	.LVL163:
1887:Generated_Source\PSoC4/CapSense_Sensing.c ****                 }
 1442              		.loc 1 1887 0
 1443 0094 3988     		ldrh	r1, [r7]
 1444 0096 8C46     		mov	ip, r1
 1445              	.LVL164:
1886:Generated_Source\PSoC4/CapSense_Sensing.c ****                     maxRaw = ptrRamSensor->raw[0u];
 1446              		.loc 1 1886 0
 1447 0098 1900     		movs	r1, r3
 1448              	.LVL165:
 1449              	.L115:
1898:Generated_Source\PSoC4/CapSense_Sensing.c ****         }
 1450              		.loc 1 1898 0 discriminator 2
 1451 009a 0A37     		adds	r7, r7, #10
 1452              	.LVL166:
1878:Generated_Source\PSoC4/CapSense_Sensing.c ****         {
 1453              		.loc 1 1878 0 discriminator 2
 1454 009c 0132     		adds	r2, r2, #1
ARM GAS  C:\Users\ADSTRU~1\AppData\Local\Temp\ccEcZ2Z6.s 			page 81


 1455              	.LVL167:
 1456              	.L114:
1878:Generated_Source\PSoC4/CapSense_Sensing.c ****         {
 1457              		.loc 1 1878 0 is_stmt 0 discriminator 1
 1458 009e 2C23     		movs	r3, #44
 1459 00a0 6B43     		muls	r3, r5
 1460 00a2 2548     		ldr	r0, .L121
 1461 00a4 C318     		adds	r3, r0, r3
 1462 00a6 DB7E     		ldrb	r3, [r3, #27]
 1463 00a8 9A42     		cmp	r2, r3
 1464 00aa F0D3     		bcc	.L116
1902:Generated_Source\PSoC4/CapSense_Sensing.c ****         autoTuneConfig.iDacComp = (uint8)maxIdacComp;
 1465              		.loc 1 1902 0 is_stmt 1
 1466 00ac 637A     		ldrb	r3, [r4, #9]
 1467 00ae 01AF     		add	r7, sp, #4
 1468              	.LVL168:
 1469 00b0 BB76     		strb	r3, [r7, #26]
1903:Generated_Source\PSoC4/CapSense_Sensing.c ****         autoTuneConfig.iDacGain = CapSense_idacGainTable[ptrRamWidget->idacGainIndex].gainValue;
 1470              		.loc 1 1903 0
 1471 00b2 F976     		strb	r1, [r7, #27]
1904:Generated_Source\PSoC4/CapSense_Sensing.c ****         autoTuneConfig.ptrSenseClk = &ptrRamWidget->snsClk;
 1472              		.loc 1 1904 0
 1473 00b4 A37A     		ldrb	r3, [r4, #10]
 1474 00b6 DB00     		lsls	r3, r3, #3
 1475 00b8 264A     		ldr	r2, .L121+28
 1476              	.LVL169:
 1477 00ba D318     		adds	r3, r2, r3
 1478 00bc 5B68     		ldr	r3, [r3, #4]
 1479 00be 0293     		str	r3, [sp, #8]
1905:Generated_Source\PSoC4/CapSense_Sensing.c ****         autoTuneConfig.calTarget = (uint16)((maxRaw * CapSense_AUTOTUNE_CAL_UNITS) /
 1480              		.loc 1 1905 0
 1481 00c0 0C23     		movs	r3, #12
 1482 00c2 9846     		mov	r8, r3
 1483              	.LVL170:
 1484 00c4 A044     		add	r8, r8, r4
 1485 00c6 4346     		mov	r3, r8
 1486 00c8 0393     		str	r3, [sp, #12]
1906:Generated_Source\PSoC4/CapSense_Sensing.c ****                 ((uint32)(0x01uL << CapSense_AUTOTUNE_CALIBRATION_RESOLUTION) - 1u));
 1487              		.loc 1 1906 0
 1488 00ca FA23     		movs	r3, #250
 1489 00cc 9B00     		lsls	r3, r3, #2
 1490 00ce 6046     		mov	r0, ip
 1491 00d0 5843     		muls	r0, r3
 1492 00d2 2149     		ldr	r1, .L121+32
 1493              	.LVL171:
 1494 00d4 FFF7FEFF 		bl	__aeabi_uidiv
 1495              	.LVL172:
 1496 00d8 3883     		strh	r0, [r7, #24]
1910:Generated_Source\PSoC4/CapSense_Sensing.c ****         autoTuneConfig.sensorCap = maxCp;
 1497              		.loc 1 1910 0
 1498 00da 3800     		movs	r0, r7
 1499 00dc FFF7FEFF 		bl	SmartSense_TunePrescalers
 1500              	.LVL173:
1911:Generated_Source\PSoC4/CapSense_Sensing.c **** 
 1501              		.loc 1 1911 0
 1502 00e0 0190     		str	r0, [sp, #4]
1914:Generated_Source\PSoC4/CapSense_Sensing.c ****         {
ARM GAS  C:\Users\ADSTRU~1\AppData\Local\Temp\ccEcZ2Z6.s 			page 82


 1503              		.loc 1 1914 0
 1504 00e2 01E0     		b	.L117
 1505              	.L118:
1916:Generated_Source\PSoC4/CapSense_Sensing.c ****         }
 1506              		.loc 1 1916 0
 1507 00e4 5B00     		lsls	r3, r3, #1
 1508 00e6 A381     		strh	r3, [r4, #12]
 1509              	.L117:
1914:Generated_Source\PSoC4/CapSense_Sensing.c ****         {
 1510              		.loc 1 1914 0
 1511 00e8 A389     		ldrh	r3, [r4, #12]
 1512 00ea 9E42     		cmp	r6, r3
 1513 00ec FAD8     		bhi	.L118
1972:Generated_Source\PSoC4/CapSense_Sensing.c ****         {
 1514              		.loc 1 1972 0
 1515 00ee 1B4B     		ldr	r3, .L121+36
 1516 00f0 9842     		cmp	r0, r3
 1517 00f2 01D8     		bhi	.L120
1782:Generated_Source\PSoC4/CapSense_Sensing.c **** 
 1518              		.loc 1 1782 0
 1519 00f4 0026     		movs	r6, #0
 1520              	.LVL174:
 1521 00f6 00E0     		b	.L119
 1522              	.LVL175:
 1523              	.L120:
1974:Generated_Source\PSoC4/CapSense_Sensing.c ****         }
 1524              		.loc 1 1974 0
 1525 00f8 0626     		movs	r6, #6
 1526              	.LVL176:
 1527              	.L119:
1984:Generated_Source\PSoC4/CapSense_Sensing.c **** 
 1528              		.loc 1 1984 0
 1529 00fa 5521     		movs	r1, #85
 1530 00fc 2800     		movs	r0, r5
 1531              	.LVL177:
 1532 00fe FFF7FEFF 		bl	CapSense_CSDCalibrateWidget
 1533              	.LVL178:
1986:Generated_Source\PSoC4/CapSense_Sensing.c ****         autoTuneConfig.iDacMod = ptrRamWidget->idacMod[0u];
 1534              		.loc 1 1986 0
 1535 0102 A37A     		ldrb	r3, [r4, #10]
 1536 0104 DB00     		lsls	r3, r3, #3
 1537 0106 134A     		ldr	r2, .L121+28
 1538 0108 D318     		adds	r3, r2, r3
 1539 010a 5B68     		ldr	r3, [r3, #4]
 1540 010c 01A8     		add	r0, sp, #4
 1541 010e 4360     		str	r3, [r0, #4]
1987:Generated_Source\PSoC4/CapSense_Sensing.c ****         autoTuneConfig.ptrSenseClk = &ptrRamWidget->snsClk;
 1542              		.loc 1 1987 0
 1543 0110 637A     		ldrb	r3, [r4, #9]
 1544 0112 8376     		strb	r3, [r0, #26]
1988:Generated_Source\PSoC4/CapSense_Sensing.c **** 
 1545              		.loc 1 1988 0
 1546 0114 4346     		mov	r3, r8
 1547 0116 8360     		str	r3, [r0, #8]
2003:Generated_Source\PSoC4/CapSense_Sensing.c **** 
 1548              		.loc 1 2003 0
 1549 0118 FFF7FEFF 		bl	SmartSense_TuneSensitivity
ARM GAS  C:\Users\ADSTRU~1\AppData\Local\Temp\ccEcZ2Z6.s 			page 83


 1550              	.LVL179:
 1551 011c 2080     		strh	r0, [r4]
2013:Generated_Source\PSoC4/CapSense_Sensing.c **** 
 1552              		.loc 1 2013 0
 1553 011e 2100     		movs	r1, r4
 1554 0120 2800     		movs	r0, r5
 1555 0122 FFF7FEFF 		bl	CapSense_SsSetWidgetSenseClkSrc
 1556              	.LVL180:
2016:Generated_Source\PSoC4/CapSense_Sensing.c **** 
 1557              		.loc 1 2016 0
 1558 0126 5521     		movs	r1, #85
 1559 0128 2800     		movs	r0, r5
 1560 012a FFF7FEFF 		bl	CapSense_CSDCalibrateWidget
 1561              	.LVL181:
 1562 012e 3043     		orrs	r0, r6
 1563              	.LVL182:
2023:Generated_Source\PSoC4/CapSense_Sensing.c **** 
 1564              		.loc 1 2023 0
 1565 0130 08B0     		add	sp, sp, #32
 1566              		@ sp needed
 1567              	.LVL183:
 1568              	.LVL184:
 1569 0132 04BC     		pop	{r2}
 1570 0134 9046     		mov	r8, r2
 1571 0136 F0BD     		pop	{r4, r5, r6, r7, pc}
 1572              	.L122:
 1573              		.align	2
 1574              	.L121:
 1575 0138 00000000 		.word	CapSense_dsFlash
 1576 013c 00000000 		.word	CapSense_dsRam
 1577 0140 C05D0000 		.word	24000
 1578 0144 70170000 		.word	6000
 1579 0148 E7030000 		.word	999
 1580 014c E5070000 		.word	2021
 1581 0150 DC050000 		.word	1500
 1582 0154 00000000 		.word	.LANCHOR1
 1583 0158 FF0F0000 		.word	4095
 1584 015c 880D0100 		.word	69000
 1585              		.cfi_endproc
 1586              	.LFE19:
 1587              		.size	CapSense_SsAutoTuneWidget, .-CapSense_SsAutoTuneWidget
 1588              		.section	.text.CapSense_SsAutoTune,"ax",%progbits
 1589              		.align	2
 1590              		.global	CapSense_SsAutoTune
 1591              		.code	16
 1592              		.thumb_func
 1593              		.type	CapSense_SsAutoTune, %function
 1594              	CapSense_SsAutoTune:
 1595              	.LFB20:
2048:Generated_Source\PSoC4/CapSense_Sensing.c ****         cystatus autoTuneStatus = CYRET_SUCCESS;
 1596              		.loc 1 2048 0
 1597              		.cfi_startproc
 1598              		@ args = 0, pretend = 0, frame = 0
 1599              		@ frame_needed = 0, uses_anonymous_args = 0
 1600 0000 70B5     		push	{r4, r5, r6, lr}
 1601              		.cfi_def_cfa_offset 16
 1602              		.cfi_offset 4, -16
ARM GAS  C:\Users\ADSTRU~1\AppData\Local\Temp\ccEcZ2Z6.s 			page 84


 1603              		.cfi_offset 5, -12
 1604              		.cfi_offset 6, -8
 1605              		.cfi_offset 14, -4
 1606              	.LVL185:
2053:Generated_Source\PSoC4/CapSense_Sensing.c ****         {
 1607              		.loc 1 2053 0
 1608 0002 0024     		movs	r4, #0
2049:Generated_Source\PSoC4/CapSense_Sensing.c ****         uint32 wdgtIndex;
 1609              		.loc 1 2049 0
 1610 0004 0025     		movs	r5, #0
2053:Generated_Source\PSoC4/CapSense_Sensing.c ****         {
 1611              		.loc 1 2053 0
 1612 0006 04E0     		b	.L124
 1613              	.LVL186:
 1614              	.L125:
2058:Generated_Source\PSoC4/CapSense_Sensing.c ****             }
 1615              		.loc 1 2058 0
 1616 0008 2000     		movs	r0, r4
 1617 000a FFF7FEFF 		bl	CapSense_SsAutoTuneWidget
 1618              	.LVL187:
 1619 000e 0543     		orrs	r5, r0
 1620              	.LVL188:
2053:Generated_Source\PSoC4/CapSense_Sensing.c ****         {
 1621              		.loc 1 2053 0
 1622 0010 0134     		adds	r4, r4, #1
 1623              	.LVL189:
 1624              	.L124:
2053:Generated_Source\PSoC4/CapSense_Sensing.c ****         {
 1625              		.loc 1 2053 0 is_stmt 0 discriminator 1
 1626 0012 002C     		cmp	r4, #0
 1627 0014 F8D0     		beq	.L125
2062:Generated_Source\PSoC4/CapSense_Sensing.c **** #endif /* (CapSense_CSD_SS_DIS != CapSense_CSD_AUTOTUNE)) */
 1628              		.loc 1 2062 0 is_stmt 1
 1629 0016 2800     		movs	r0, r5
 1630              		@ sp needed
 1631              	.LVL190:
 1632              	.LVL191:
 1633 0018 70BD     		pop	{r4, r5, r6, pc}
 1634              		.cfi_endproc
 1635              	.LFE20:
 1636              		.size	CapSense_SsAutoTune, .-CapSense_SsAutoTune
 1637 001a C046     		.section	.text.CapSense_SsInitializeSourceSenseClk,"ax",%progbits
 1638              		.align	2
 1639              		.global	CapSense_SsInitializeSourceSenseClk
 1640              		.code	16
 1641              		.thumb_func
 1642              		.type	CapSense_SsInitializeSourceSenseClk, %function
 1643              	CapSense_SsInitializeSourceSenseClk:
 1644              	.LFB21:
2405:Generated_Source\PSoC4/CapSense_Sensing.c ****     uint32 wdgtIndex;
 1645              		.loc 1 2405 0
 1646              		.cfi_startproc
 1647              		@ args = 0, pretend = 0, frame = 0
 1648              		@ frame_needed = 0, uses_anonymous_args = 0
 1649 0000 10B5     		push	{r4, lr}
 1650              		.cfi_def_cfa_offset 8
 1651              		.cfi_offset 4, -8
ARM GAS  C:\Users\ADSTRU~1\AppData\Local\Temp\ccEcZ2Z6.s 			page 85


 1652              		.cfi_offset 14, -4
 1653              	.LVL192:
2409:Generated_Source\PSoC4/CapSense_Sensing.c ****     {
 1654              		.loc 1 2409 0
 1655 0002 0024     		movs	r4, #0
 1656 0004 08E0     		b	.L127
 1657              	.LVL193:
 1658              	.L128:
2411:Generated_Source\PSoC4/CapSense_Sensing.c **** 
 1659              		.loc 1 2411 0
 1660 0006 2C23     		movs	r3, #44
 1661 0008 6343     		muls	r3, r4
 1662 000a 054A     		ldr	r2, .L129
 1663 000c D318     		adds	r3, r2, r3
 1664 000e 5968     		ldr	r1, [r3, #4]
 1665              	.LVL194:
2417:Generated_Source\PSoC4/CapSense_Sensing.c ****                 break;
 1666              		.loc 1 2417 0
 1667 0010 2000     		movs	r0, r4
 1668 0012 FFF7FEFF 		bl	CapSense_SsSetWidgetSenseClkSrc
 1669              	.LVL195:
2409:Generated_Source\PSoC4/CapSense_Sensing.c ****     {
 1670              		.loc 1 2409 0
 1671 0016 0134     		adds	r4, r4, #1
 1672              	.LVL196:
 1673              	.L127:
2409:Generated_Source\PSoC4/CapSense_Sensing.c ****     {
 1674              		.loc 1 2409 0 is_stmt 0 discriminator 1
 1675 0018 002C     		cmp	r4, #0
 1676 001a F4D0     		beq	.L128
2432:Generated_Source\PSoC4/CapSense_Sensing.c **** #endif /* ((CapSense_ENABLE == CapSense_CSD_EN) || \
 1677              		.loc 1 2432 0 is_stmt 1
 1678              		@ sp needed
 1679              	.LVL197:
 1680 001c 10BD     		pop	{r4, pc}
 1681              	.L130:
 1682 001e C046     		.align	2
 1683              	.L129:
 1684 0020 00000000 		.word	CapSense_dsFlash
 1685              		.cfi_endproc
 1686              	.LFE21:
 1687              		.size	CapSense_SsInitializeSourceSenseClk, .-CapSense_SsInitializeSourceSenseClk
 1688              		.section	.text.CapSense_DischargeExtCapacitors,"ax",%progbits
 1689              		.align	2
 1690              		.global	CapSense_DischargeExtCapacitors
 1691              		.code	16
 1692              		.thumb_func
 1693              		.type	CapSense_DischargeExtCapacitors, %function
 1694              	CapSense_DischargeExtCapacitors:
 1695              	.LFB27:
2915:Generated_Source\PSoC4/CapSense_Sensing.c ****     #endif /* (CapSense_CLK_SOURCE_PRSAUTO == CapSense_CSD_SNS_CLK_SOURCE) */
2916:Generated_Source\PSoC4/CapSense_Sensing.c **** #endif /* (CapSense_ENABLE == CapSense_CSD_EN) */
2917:Generated_Source\PSoC4/CapSense_Sensing.c **** 
2918:Generated_Source\PSoC4/CapSense_Sensing.c **** 
2919:Generated_Source\PSoC4/CapSense_Sensing.c **** #if (CapSense_ENABLE == CapSense_CSDV2)
2920:Generated_Source\PSoC4/CapSense_Sensing.c ****     /*******************************************************************************
2921:Generated_Source\PSoC4/CapSense_Sensing.c ****     * Function Name: CapSense_DischargeExtCapacitors
ARM GAS  C:\Users\ADSTRU~1\AppData\Local\Temp\ccEcZ2Z6.s 			page 86


2922:Generated_Source\PSoC4/CapSense_Sensing.c ****     ****************************************************************************//**
2923:Generated_Source\PSoC4/CapSense_Sensing.c ****     *
2924:Generated_Source\PSoC4/CapSense_Sensing.c ****     * \brief
2925:Generated_Source\PSoC4/CapSense_Sensing.c ****     *  The internal function discharge available external capacitors.
2926:Generated_Source\PSoC4/CapSense_Sensing.c ****     *
2927:Generated_Source\PSoC4/CapSense_Sensing.c ****     * \details
2928:Generated_Source\PSoC4/CapSense_Sensing.c ****     *  The function discharge available external capacitors by connection them
2929:Generated_Source\PSoC4/CapSense_Sensing.c ****     *  to GND using STRONG GPIO drive mode. Additionaly, the function disconnects
2930:Generated_Source\PSoC4/CapSense_Sensing.c ****     *  the capacitors from analog mux buses if connected.
2931:Generated_Source\PSoC4/CapSense_Sensing.c ****     *  Note: the function does not restore the connection to analog mux busses
2932:Generated_Source\PSoC4/CapSense_Sensing.c ****     *  and supposes that all the capacitors belong to a single device port.
2933:Generated_Source\PSoC4/CapSense_Sensing.c ****     *
2934:Generated_Source\PSoC4/CapSense_Sensing.c ****     * \param
2935:Generated_Source\PSoC4/CapSense_Sensing.c ****     *  dischargeTime The discharge time in us.
2936:Generated_Source\PSoC4/CapSense_Sensing.c ****     *
2937:Generated_Source\PSoC4/CapSense_Sensing.c ****     *******************************************************************************/
2938:Generated_Source\PSoC4/CapSense_Sensing.c ****     void CapSense_DischargeExtCapacitors(uint32 dischargeTime)
2939:Generated_Source\PSoC4/CapSense_Sensing.c ****     {
 1696              		.loc 1 2939 0
 1697              		.cfi_startproc
 1698              		@ args = 0, pretend = 0, frame = 8
 1699              		@ frame_needed = 0, uses_anonymous_args = 0
 1700              	.LVL198:
 1701 0000 F0B5     		push	{r4, r5, r6, r7, lr}
 1702              		.cfi_def_cfa_offset 20
 1703              		.cfi_offset 4, -20
 1704              		.cfi_offset 5, -16
 1705              		.cfi_offset 6, -12
 1706              		.cfi_offset 7, -8
 1707              		.cfi_offset 14, -4
 1708 0002 5F46     		mov	r7, fp
 1709 0004 5646     		mov	r6, r10
 1710 0006 4D46     		mov	r5, r9
 1711 0008 4446     		mov	r4, r8
 1712 000a F0B4     		push	{r4, r5, r6, r7}
 1713              		.cfi_def_cfa_offset 36
 1714              		.cfi_offset 8, -36
 1715              		.cfi_offset 9, -32
 1716              		.cfi_offset 10, -28
 1717              		.cfi_offset 11, -24
 1718 000c 83B0     		sub	sp, sp, #12
 1719              		.cfi_def_cfa_offset 48
 1720 000e 0190     		str	r0, [sp, #4]
2940:Generated_Source\PSoC4/CapSense_Sensing.c ****         uint32 hsiomReg;
2941:Generated_Source\PSoC4/CapSense_Sensing.c ****         uint32 drReg;
2942:Generated_Source\PSoC4/CapSense_Sensing.c ****         uint32 pcReg;
2943:Generated_Source\PSoC4/CapSense_Sensing.c ****         uint32 newRegValue;
2944:Generated_Source\PSoC4/CapSense_Sensing.c ****         uint8  interruptState;
2945:Generated_Source\PSoC4/CapSense_Sensing.c **** 
2946:Generated_Source\PSoC4/CapSense_Sensing.c ****         /* Store register state */
2947:Generated_Source\PSoC4/CapSense_Sensing.c ****         hsiomReg = CY_GET_REG32(CapSense_EXT_CAP_HSIOM_PTR) & CapSense_EXT_CAP_HSIOM_MASK;
 1721              		.loc 1 2947 0
 1722 0010 2B4E     		ldr	r6, .L132
 1723 0012 3468     		ldr	r4, [r6]
 1724 0014 F023     		movs	r3, #240
 1725 0016 1B02     		lsls	r3, r3, #8
 1726 0018 1C40     		ands	r4, r3
ARM GAS  C:\Users\ADSTRU~1\AppData\Local\Temp\ccEcZ2Z6.s 			page 87


 1727 001a 0094     		str	r4, [sp]
 1728              	.LVL199:
2948:Generated_Source\PSoC4/CapSense_Sensing.c ****         drReg = CY_GET_REG32(CapSense_EXT_CAP_DR_PTR) & CapSense_EXT_CAP_DR_MASK;
 1729              		.loc 1 2948 0
 1730 001c 294F     		ldr	r7, .L132+4
 1731 001e 3B68     		ldr	r3, [r7]
 1732 0020 0822     		movs	r2, #8
 1733 0022 9246     		mov	r10, r2
 1734 0024 1A40     		ands	r2, r3
 1735 0026 9146     		mov	r9, r2
 1736              	.LVL200:
2949:Generated_Source\PSoC4/CapSense_Sensing.c ****         pcReg = CY_GET_REG32(CapSense_EXT_CAP_PC_PTR) & CapSense_EXT_CAP_PC_MASK;
 1737              		.loc 1 2949 0
 1738 0028 274C     		ldr	r4, .L132+8
 1739              	.LVL201:
 1740 002a 2568     		ldr	r5, [r4]
 1741 002c E023     		movs	r3, #224
 1742 002e 1B01     		lsls	r3, r3, #4
 1743 0030 1D40     		ands	r5, r3
 1744 0032 AB46     		mov	fp, r5
 1745              	.LVL202:
2950:Generated_Source\PSoC4/CapSense_Sensing.c **** 
2951:Generated_Source\PSoC4/CapSense_Sensing.c ****         /* Disconnect Ext Cap from AMUXBUS-A using HSIOM registers */
2952:Generated_Source\PSoC4/CapSense_Sensing.c ****         interruptState = CyEnterCriticalSection();
 1746              		.loc 1 2952 0
 1747 0034 FFF7FEFF 		bl	CyEnterCriticalSection
 1748              	.LVL203:
2953:Generated_Source\PSoC4/CapSense_Sensing.c ****         newRegValue = CY_GET_REG32(CapSense_EXT_CAP_HSIOM_PTR);
 1749              		.loc 1 2953 0
 1750 0038 3368     		ldr	r3, [r6]
 1751              	.LVL204:
2954:Generated_Source\PSoC4/CapSense_Sensing.c ****         newRegValue &= (uint32)(~(uint32)CapSense_EXT_CAP_HSIOM_MASK);
 1752              		.loc 1 2954 0
 1753 003a 244A     		ldr	r2, .L132+12
 1754 003c 9046     		mov	r8, r2
 1755 003e 1340     		ands	r3, r2
 1756              	.LVL205:
2955:Generated_Source\PSoC4/CapSense_Sensing.c ****         CY_SET_REG32(CapSense_EXT_CAP_HSIOM_PTR, newRegValue);
 1757              		.loc 1 2955 0
 1758 0040 3360     		str	r3, [r6]
 1759              	.LVL206:
2956:Generated_Source\PSoC4/CapSense_Sensing.c ****         CyExitCriticalSection(interruptState);
 1760              		.loc 1 2956 0
 1761 0042 FFF7FEFF 		bl	CyExitCriticalSection
 1762              	.LVL207:
2957:Generated_Source\PSoC4/CapSense_Sensing.c **** 
2958:Generated_Source\PSoC4/CapSense_Sensing.c ****         /* Set output port register to 0 to connect to GND */
2959:Generated_Source\PSoC4/CapSense_Sensing.c ****         interruptState = CyEnterCriticalSection();
 1763              		.loc 1 2959 0
 1764 0046 FFF7FEFF 		bl	CyEnterCriticalSection
 1765              	.LVL208:
2960:Generated_Source\PSoC4/CapSense_Sensing.c ****         newRegValue = CY_GET_REG32(CapSense_EXT_CAP_DR_PTR);
 1766              		.loc 1 2960 0
 1767 004a 3B68     		ldr	r3, [r7]
 1768              	.LVL209:
2961:Generated_Source\PSoC4/CapSense_Sensing.c ****         newRegValue &= (uint32)(~(uint32)CapSense_EXT_CAP_DR_MASK);
 1769              		.loc 1 2961 0
ARM GAS  C:\Users\ADSTRU~1\AppData\Local\Temp\ccEcZ2Z6.s 			page 88


 1770 004c 5246     		mov	r2, r10
 1771 004e 9343     		bics	r3, r2
 1772              	.LVL210:
2962:Generated_Source\PSoC4/CapSense_Sensing.c ****         CY_SET_REG32(CapSense_EXT_CAP_DR_PTR, newRegValue);
 1773              		.loc 1 2962 0
 1774 0050 3B60     		str	r3, [r7]
2963:Generated_Source\PSoC4/CapSense_Sensing.c ****         CyExitCriticalSection(interruptState);
 1775              		.loc 1 2963 0
 1776 0052 FFF7FEFF 		bl	CyExitCriticalSection
 1777              	.LVL211:
2964:Generated_Source\PSoC4/CapSense_Sensing.c **** 
2965:Generated_Source\PSoC4/CapSense_Sensing.c ****         /* Set port configuration register (drive mode) in STRONG mode */
2966:Generated_Source\PSoC4/CapSense_Sensing.c ****         interruptState = CyEnterCriticalSection();
 1778              		.loc 1 2966 0
 1779 0056 FFF7FEFF 		bl	CyEnterCriticalSection
 1780              	.LVL212:
2967:Generated_Source\PSoC4/CapSense_Sensing.c ****         newRegValue = CY_GET_REG32(CapSense_EXT_CAP_PC_PTR);
 1781              		.loc 1 2967 0
 1782 005a 2368     		ldr	r3, [r4]
 1783              	.LVL213:
2968:Generated_Source\PSoC4/CapSense_Sensing.c ****         newRegValue &= (uint32)(~((uint32)CapSense_EXT_CAP_PC_MASK));
 1784              		.loc 1 2968 0
 1785 005c 1C4D     		ldr	r5, .L132+16
 1786              	.LVL214:
 1787 005e 2B40     		ands	r3, r5
 1788              	.LVL215:
2969:Generated_Source\PSoC4/CapSense_Sensing.c ****         newRegValue |= (CapSense_EXT_CAP_PC_STRONG_CFG);
 1789              		.loc 1 2969 0
 1790 0060 C022     		movs	r2, #192
 1791 0062 1201     		lsls	r2, r2, #4
 1792 0064 1343     		orrs	r3, r2
 1793              	.LVL216:
2970:Generated_Source\PSoC4/CapSense_Sensing.c ****         CY_SET_REG32(CapSense_EXT_CAP_PC_PTR, newRegValue);
 1794              		.loc 1 2970 0
 1795 0066 2360     		str	r3, [r4]
2971:Generated_Source\PSoC4/CapSense_Sensing.c ****         CyExitCriticalSection(interruptState);
 1796              		.loc 1 2971 0
 1797 0068 FFF7FEFF 		bl	CyExitCriticalSection
 1798              	.LVL217:
2972:Generated_Source\PSoC4/CapSense_Sensing.c **** 
2973:Generated_Source\PSoC4/CapSense_Sensing.c ****         /* Delay to discharge external capacitors */
2974:Generated_Source\PSoC4/CapSense_Sensing.c ****         CyDelayUs((uint16)dischargeTime);
 1799              		.loc 1 2974 0
 1800 006c 6B46     		mov	r3, sp
 1801 006e 9888     		ldrh	r0, [r3, #4]
 1802 0070 FFF7FEFF 		bl	CyDelayUs
 1803              	.LVL218:
2975:Generated_Source\PSoC4/CapSense_Sensing.c **** 
2976:Generated_Source\PSoC4/CapSense_Sensing.c ****         /* Restore previous register values */
2977:Generated_Source\PSoC4/CapSense_Sensing.c ****         interruptState = CyEnterCriticalSection();
 1804              		.loc 1 2977 0
 1805 0074 FFF7FEFF 		bl	CyEnterCriticalSection
 1806              	.LVL219:
2978:Generated_Source\PSoC4/CapSense_Sensing.c ****         newRegValue = CY_GET_REG32(CapSense_EXT_CAP_PC_PTR);
 1807              		.loc 1 2978 0
 1808 0078 2368     		ldr	r3, [r4]
 1809              	.LVL220:
ARM GAS  C:\Users\ADSTRU~1\AppData\Local\Temp\ccEcZ2Z6.s 			page 89


2979:Generated_Source\PSoC4/CapSense_Sensing.c ****         newRegValue &= (uint32)(~((uint32)CapSense_EXT_CAP_PC_MASK));
 1810              		.loc 1 2979 0
 1811 007a 1D40     		ands	r5, r3
 1812              	.LVL221:
2980:Generated_Source\PSoC4/CapSense_Sensing.c ****         newRegValue |= pcReg;
 1813              		.loc 1 2980 0
 1814 007c 5A46     		mov	r2, fp
 1815 007e 1543     		orrs	r5, r2
 1816              	.LVL222:
2981:Generated_Source\PSoC4/CapSense_Sensing.c ****         CY_SET_REG32(CapSense_EXT_CAP_PC_PTR, newRegValue);
 1817              		.loc 1 2981 0
 1818 0080 2560     		str	r5, [r4]
2982:Generated_Source\PSoC4/CapSense_Sensing.c ****         CyExitCriticalSection(interruptState);
 1819              		.loc 1 2982 0
 1820 0082 FFF7FEFF 		bl	CyExitCriticalSection
 1821              	.LVL223:
2983:Generated_Source\PSoC4/CapSense_Sensing.c **** 
2984:Generated_Source\PSoC4/CapSense_Sensing.c ****         interruptState = CyEnterCriticalSection();
 1822              		.loc 1 2984 0
 1823 0086 FFF7FEFF 		bl	CyEnterCriticalSection
 1824              	.LVL224:
2985:Generated_Source\PSoC4/CapSense_Sensing.c ****         newRegValue = CY_GET_REG32(CapSense_EXT_CAP_DR_PTR);
 1825              		.loc 1 2985 0
 1826 008a 3B68     		ldr	r3, [r7]
 1827              	.LVL225:
2986:Generated_Source\PSoC4/CapSense_Sensing.c ****         newRegValue &= (uint32)(~(uint32)CapSense_EXT_CAP_DR_MASK);
 1828              		.loc 1 2986 0
 1829 008c 5246     		mov	r2, r10
 1830 008e 9343     		bics	r3, r2
 1831              	.LVL226:
2987:Generated_Source\PSoC4/CapSense_Sensing.c ****         newRegValue |= drReg;
 1832              		.loc 1 2987 0
 1833 0090 4A46     		mov	r2, r9
 1834 0092 1343     		orrs	r3, r2
 1835              	.LVL227:
2988:Generated_Source\PSoC4/CapSense_Sensing.c ****         CY_SET_REG32(CapSense_EXT_CAP_DR_PTR, newRegValue);
 1836              		.loc 1 2988 0
 1837 0094 3B60     		str	r3, [r7]
2989:Generated_Source\PSoC4/CapSense_Sensing.c ****         CyExitCriticalSection(interruptState);
 1838              		.loc 1 2989 0
 1839 0096 FFF7FEFF 		bl	CyExitCriticalSection
 1840              	.LVL228:
2990:Generated_Source\PSoC4/CapSense_Sensing.c **** 
2991:Generated_Source\PSoC4/CapSense_Sensing.c ****         interruptState = CyEnterCriticalSection();
 1841              		.loc 1 2991 0
 1842 009a FFF7FEFF 		bl	CyEnterCriticalSection
 1843              	.LVL229:
2992:Generated_Source\PSoC4/CapSense_Sensing.c ****         newRegValue = CY_GET_REG32(CapSense_EXT_CAP_HSIOM_PTR);
 1844              		.loc 1 2992 0
 1845 009e 3368     		ldr	r3, [r6]
 1846              	.LVL230:
2993:Generated_Source\PSoC4/CapSense_Sensing.c ****         newRegValue &= (uint32)(~(uint32)CapSense_EXT_CAP_HSIOM_MASK);
 1847              		.loc 1 2993 0
 1848 00a0 4246     		mov	r2, r8
 1849 00a2 1A40     		ands	r2, r3
 1850 00a4 1400     		movs	r4, r2
 1851              	.LVL231:
ARM GAS  C:\Users\ADSTRU~1\AppData\Local\Temp\ccEcZ2Z6.s 			page 90


2994:Generated_Source\PSoC4/CapSense_Sensing.c ****         newRegValue |= hsiomReg;
 1852              		.loc 1 2994 0
 1853 00a6 009B     		ldr	r3, [sp]
 1854 00a8 1C43     		orrs	r4, r3
 1855              	.LVL232:
2995:Generated_Source\PSoC4/CapSense_Sensing.c ****         CY_SET_REG32(CapSense_EXT_CAP_HSIOM_PTR, newRegValue);
 1856              		.loc 1 2995 0
 1857 00aa 3460     		str	r4, [r6]
2996:Generated_Source\PSoC4/CapSense_Sensing.c ****         CyExitCriticalSection(interruptState);
 1858              		.loc 1 2996 0
 1859 00ac FFF7FEFF 		bl	CyExitCriticalSection
 1860              	.LVL233:
2997:Generated_Source\PSoC4/CapSense_Sensing.c ****     }
 1861              		.loc 1 2997 0
 1862 00b0 03B0     		add	sp, sp, #12
 1863              		@ sp needed
 1864              	.LVL234:
 1865              	.LVL235:
 1866              	.LVL236:
 1867 00b2 3CBC     		pop	{r2, r3, r4, r5}
 1868 00b4 9046     		mov	r8, r2
 1869 00b6 9946     		mov	r9, r3
 1870 00b8 A246     		mov	r10, r4
 1871 00ba AB46     		mov	fp, r5
 1872 00bc F0BD     		pop	{r4, r5, r6, r7, pc}
 1873              	.L133:
 1874 00be C046     		.align	2
 1875              	.L132:
 1876 00c0 00040240 		.word	1073873920
 1877 00c4 00040440 		.word	1074004992
 1878 00c8 08040440 		.word	1074005000
 1879 00cc FF0FFFFF 		.word	-61441
 1880 00d0 FFF1FFFF 		.word	-3585
 1881              		.cfi_endproc
 1882              	.LFE27:
 1883              		.size	CapSense_DischargeExtCapacitors, .-CapSense_DischargeExtCapacitors
 1884              		.section	.text.CapSense_SetInactiveElectrodeState,"ax",%progbits
 1885              		.align	2
 1886              		.global	CapSense_SetInactiveElectrodeState
 1887              		.code	16
 1888              		.thumb_func
 1889              		.type	CapSense_SetInactiveElectrodeState, %function
 1890              	CapSense_SetInactiveElectrodeState:
 1891              	.LFB28:
2998:Generated_Source\PSoC4/CapSense_Sensing.c **** 
2999:Generated_Source\PSoC4/CapSense_Sensing.c **** #endif /* (CapSense_ENABLE == CapSense_CSDV2) */
3000:Generated_Source\PSoC4/CapSense_Sensing.c **** 
3001:Generated_Source\PSoC4/CapSense_Sensing.c **** 
3002:Generated_Source\PSoC4/CapSense_Sensing.c **** #if (CapSense_ENABLE == CapSense_CSDV1)
3003:Generated_Source\PSoC4/CapSense_Sensing.c ****     /*******************************************************************************
3004:Generated_Source\PSoC4/CapSense_Sensing.c ****     * Function Name: CapSense_DischargeExtCapacitors
3005:Generated_Source\PSoC4/CapSense_Sensing.c ****     ****************************************************************************//**
3006:Generated_Source\PSoC4/CapSense_Sensing.c ****     *
3007:Generated_Source\PSoC4/CapSense_Sensing.c ****     * \brief
3008:Generated_Source\PSoC4/CapSense_Sensing.c ****     *  The internal function discharge available external capacitors.
3009:Generated_Source\PSoC4/CapSense_Sensing.c ****     *
3010:Generated_Source\PSoC4/CapSense_Sensing.c ****     * \details
ARM GAS  C:\Users\ADSTRU~1\AppData\Local\Temp\ccEcZ2Z6.s 			page 91


3011:Generated_Source\PSoC4/CapSense_Sensing.c ****     *  The function discharge available external capacitors by connection them
3012:Generated_Source\PSoC4/CapSense_Sensing.c ****     *  to GND using STRONG GPIO drive mode. Additionaly, the function disconnects
3013:Generated_Source\PSoC4/CapSense_Sensing.c ****     *  the capacitors from analog mux buses if connected.
3014:Generated_Source\PSoC4/CapSense_Sensing.c ****     *  Note: the function does not restore the connection to analog mux busses
3015:Generated_Source\PSoC4/CapSense_Sensing.c ****     *  and supposes that all the capacitors belong to a single device port.
3016:Generated_Source\PSoC4/CapSense_Sensing.c ****     *
3017:Generated_Source\PSoC4/CapSense_Sensing.c ****     * \param
3018:Generated_Source\PSoC4/CapSense_Sensing.c ****     *  dischargeTime The discharge time in us.
3019:Generated_Source\PSoC4/CapSense_Sensing.c ****     *
3020:Generated_Source\PSoC4/CapSense_Sensing.c ****     *******************************************************************************/
3021:Generated_Source\PSoC4/CapSense_Sensing.c ****     void CapSense_DischargeExtCapacitors(uint32 dischargeTime)
3022:Generated_Source\PSoC4/CapSense_Sensing.c ****     {
3023:Generated_Source\PSoC4/CapSense_Sensing.c ****         /* Store the pin configuration, the CMOD capacitor is connected to. */
3024:Generated_Source\PSoC4/CapSense_Sensing.c ****         #if (CapSense_ENABLE == CapSense_CSD_EN)
3025:Generated_Source\PSoC4/CapSense_Sensing.c ****             uint32 cmodHsiom = CY_GET_REG32(CapSense_CMOD_HSIOM_PTR) & CapSense_EXT_CAP_HSIOM_MASK_
3026:Generated_Source\PSoC4/CapSense_Sensing.c ****             uint32 cmodDr = CY_GET_REG32(CapSense_CMOD_DR_PTR) & CapSense_EXT_CAP_DR_MASK_CMOD;
3027:Generated_Source\PSoC4/CapSense_Sensing.c ****             uint32 cmodPc = CY_GET_REG32(CapSense_CMOD_PC_PTR) & CapSense_EXT_CAP_PC_MASK_CMOD;
3028:Generated_Source\PSoC4/CapSense_Sensing.c **** 
3029:Generated_Source\PSoC4/CapSense_Sensing.c ****             /* Store the pin configuration, the CSH capacitor is connected to. */
3030:Generated_Source\PSoC4/CapSense_Sensing.c ****             #if((CapSense_ENABLE == CapSense_CSD_SHIELD_EN) &&\
3031:Generated_Source\PSoC4/CapSense_Sensing.c ****                 (CapSense_ENABLE == CapSense_CSD_SHIELD_TANK_EN))
3032:Generated_Source\PSoC4/CapSense_Sensing.c ****                 uint32 cshHsiom = CY_GET_REG32(CapSense_CSH_HSIOM_PTR) & CapSense_EXT_CAP_HSIOM_MAS
3033:Generated_Source\PSoC4/CapSense_Sensing.c ****                 uint32 cshDr = CY_GET_REG32(CapSense_CSH_DR_PTR) & CapSense_EXT_CAP_DR_MASK_CSH;
3034:Generated_Source\PSoC4/CapSense_Sensing.c ****                 uint32 cshPc = CY_GET_REG32(CapSense_CSH_PC_PTR) & CapSense_EXT_CAP_PC_MASK_CSH;
3035:Generated_Source\PSoC4/CapSense_Sensing.c ****             #endif
3036:Generated_Source\PSoC4/CapSense_Sensing.c ****         #endif
3037:Generated_Source\PSoC4/CapSense_Sensing.c **** 
3038:Generated_Source\PSoC4/CapSense_Sensing.c ****         #if (CapSense_ENABLE == CapSense_CSX_EN)
3039:Generated_Source\PSoC4/CapSense_Sensing.c ****             /* Store the pin configuration, the CintA capacitor is connected to. */
3040:Generated_Source\PSoC4/CapSense_Sensing.c ****             uint32 cintAHsiom = CY_GET_REG32(CapSense_CintA_HSIOM_PTR) & CapSense_EXT_CAP_HSIOM_MAS
3041:Generated_Source\PSoC4/CapSense_Sensing.c ****             uint32 cintADr = CY_GET_REG32(CapSense_CintA_DR_PTR) & CapSense_EXT_CAP_DR_MASK_CINTA;
3042:Generated_Source\PSoC4/CapSense_Sensing.c ****             uint32 cintAPc = CY_GET_REG32(CapSense_CintA_PC_PTR) & CapSense_EXT_CAP_PC_MASK_CINTA;
3043:Generated_Source\PSoC4/CapSense_Sensing.c **** 
3044:Generated_Source\PSoC4/CapSense_Sensing.c ****             /* Store the pin configuration, the CintB capacitor is connected to. */
3045:Generated_Source\PSoC4/CapSense_Sensing.c ****             uint32 cintBHsiom = CY_GET_REG32(CapSense_CintB_HSIOM_PTR) & CapSense_EXT_CAP_HSIOM_MAS
3046:Generated_Source\PSoC4/CapSense_Sensing.c ****             uint32 cintBDr = CY_GET_REG32(CapSense_CintB_DR_PTR) & CapSense_EXT_CAP_DR_MASK_CINTB;
3047:Generated_Source\PSoC4/CapSense_Sensing.c ****             uint32 cintBPc = CY_GET_REG32(CapSense_CintB_PC_PTR) & CapSense_EXT_CAP_PC_MASK_CINTB;
3048:Generated_Source\PSoC4/CapSense_Sensing.c ****         #endif
3049:Generated_Source\PSoC4/CapSense_Sensing.c **** 
3050:Generated_Source\PSoC4/CapSense_Sensing.c ****         #if (CapSense_ENABLE == CapSense_CSD_EN)
3051:Generated_Source\PSoC4/CapSense_Sensing.c ****             /* Disconnect the CMOD capacitor from the AMUXBUS and connect it to GND. */
3052:Generated_Source\PSoC4/CapSense_Sensing.c ****             CapSense_WriteBitsSafe(CapSense_CMOD_HSIOM_PTR, CapSense_EXT_CAP_HSIOM_MASK_CMOD,
3053:Generated_Source\PSoC4/CapSense_Sensing.c ****                                            CapSense_HSIOM_SEL_GPIO);
3054:Generated_Source\PSoC4/CapSense_Sensing.c ****             CapSense_WriteBitsSafe(CapSense_CMOD_DR_PTR, CapSense_EXT_CAP_DR_MASK_CMOD, 0u);
3055:Generated_Source\PSoC4/CapSense_Sensing.c ****             CapSense_WriteBitsSafe(CapSense_CMOD_PC_PTR, CapSense_EXT_CAP_PC_MASK_CMOD,
3056:Generated_Source\PSoC4/CapSense_Sensing.c ****                                            CapSense_EXT_CAP_PC_STRONG_CFG_CMOD);
3057:Generated_Source\PSoC4/CapSense_Sensing.c **** 
3058:Generated_Source\PSoC4/CapSense_Sensing.c ****             #if((CapSense_ENABLE == CapSense_CSD_SHIELD_EN) &&\
3059:Generated_Source\PSoC4/CapSense_Sensing.c ****                 (CapSense_ENABLE == CapSense_CSD_SHIELD_TANK_EN))
3060:Generated_Source\PSoC4/CapSense_Sensing.c ****                 /* Disconnect the CSH capacitor from the AMUXBUS and connect it to GND. */
3061:Generated_Source\PSoC4/CapSense_Sensing.c ****                 CapSense_WriteBitsSafe(CapSense_CSH_HSIOM_PTR, CapSense_EXT_CAP_HSIOM_MASK_CSH,
3062:Generated_Source\PSoC4/CapSense_Sensing.c ****                                                CapSense_HSIOM_SEL_GPIO);
3063:Generated_Source\PSoC4/CapSense_Sensing.c ****                 CapSense_WriteBitsSafe(CapSense_CSH_DR_PTR, CapSense_EXT_CAP_DR_MASK_CSH, 0u);
3064:Generated_Source\PSoC4/CapSense_Sensing.c ****                 CapSense_WriteBitsSafe(CapSense_CSH_PC_PTR, CapSense_EXT_CAP_PC_MASK_CSH,
3065:Generated_Source\PSoC4/CapSense_Sensing.c ****                                                CapSense_EXT_CAP_PC_STRONG_CFG_CSH);
3066:Generated_Source\PSoC4/CapSense_Sensing.c ****             #endif
3067:Generated_Source\PSoC4/CapSense_Sensing.c ****         #endif
ARM GAS  C:\Users\ADSTRU~1\AppData\Local\Temp\ccEcZ2Z6.s 			page 92


3068:Generated_Source\PSoC4/CapSense_Sensing.c **** 
3069:Generated_Source\PSoC4/CapSense_Sensing.c ****         #if (CapSense_ENABLE == CapSense_CSX_EN)
3070:Generated_Source\PSoC4/CapSense_Sensing.c ****             /* Disconnect the CintA capacitor from the AMUXBUS and connect it to GND. */
3071:Generated_Source\PSoC4/CapSense_Sensing.c ****             CapSense_WriteBitsSafe(CapSense_CintA_HSIOM_PTR, CapSense_EXT_CAP_HSIOM_MASK_CINTA,
3072:Generated_Source\PSoC4/CapSense_Sensing.c ****                                            CapSense_HSIOM_SEL_GPIO);
3073:Generated_Source\PSoC4/CapSense_Sensing.c ****             CapSense_WriteBitsSafe(CapSense_CintA_DR_PTR, CapSense_EXT_CAP_DR_MASK_CINTA, 0u);
3074:Generated_Source\PSoC4/CapSense_Sensing.c ****             CapSense_WriteBitsSafe(CapSense_CintA_PC_PTR, CapSense_EXT_CAP_PC_MASK_CINTA,
3075:Generated_Source\PSoC4/CapSense_Sensing.c ****                                            CapSense_EXT_CAP_PC_STRONG_CFG_CINTA);
3076:Generated_Source\PSoC4/CapSense_Sensing.c **** 
3077:Generated_Source\PSoC4/CapSense_Sensing.c ****             /* Disconnect the CintB capacitor from the AMUXBUS and connect it to GND. */
3078:Generated_Source\PSoC4/CapSense_Sensing.c ****             CapSense_WriteBitsSafe(CapSense_CintB_HSIOM_PTR, CapSense_EXT_CAP_HSIOM_MASK_CINTB,
3079:Generated_Source\PSoC4/CapSense_Sensing.c ****                                            CapSense_HSIOM_SEL_GPIO);
3080:Generated_Source\PSoC4/CapSense_Sensing.c ****             CapSense_WriteBitsSafe(CapSense_CintB_DR_PTR, CapSense_EXT_CAP_DR_MASK_CINTB, 0u);
3081:Generated_Source\PSoC4/CapSense_Sensing.c ****             CapSense_WriteBitsSafe(CapSense_CintB_PC_PTR, CapSense_EXT_CAP_PC_MASK_CINTB,
3082:Generated_Source\PSoC4/CapSense_Sensing.c ****                                            CapSense_EXT_CAP_PC_STRONG_CFG_CINTB);
3083:Generated_Source\PSoC4/CapSense_Sensing.c ****         #endif
3084:Generated_Source\PSoC4/CapSense_Sensing.c **** 
3085:Generated_Source\PSoC4/CapSense_Sensing.c ****         /* Delay to discharge external capacitors */
3086:Generated_Source\PSoC4/CapSense_Sensing.c ****         CyDelayUs((uint16)dischargeTime);
3087:Generated_Source\PSoC4/CapSense_Sensing.c **** 
3088:Generated_Source\PSoC4/CapSense_Sensing.c ****         #if (CapSense_ENABLE == CapSense_CSD_EN)
3089:Generated_Source\PSoC4/CapSense_Sensing.c ****             /* Restore the pin configuration, the CMOD capacitor is connected to. */
3090:Generated_Source\PSoC4/CapSense_Sensing.c ****             CapSense_WriteBitsSafe(CapSense_CMOD_PC_PTR,
3091:Generated_Source\PSoC4/CapSense_Sensing.c ****                                            CapSense_EXT_CAP_PC_MASK_CMOD, cmodPc);
3092:Generated_Source\PSoC4/CapSense_Sensing.c ****             CapSense_WriteBitsSafe(CapSense_CMOD_DR_PTR,
3093:Generated_Source\PSoC4/CapSense_Sensing.c ****                                            CapSense_EXT_CAP_DR_MASK_CMOD, cmodDr);
3094:Generated_Source\PSoC4/CapSense_Sensing.c ****             CapSense_WriteBitsSafe(CapSense_CMOD_HSIOM_PTR,
3095:Generated_Source\PSoC4/CapSense_Sensing.c ****                                            CapSense_EXT_CAP_HSIOM_MASK_CMOD, cmodHsiom);
3096:Generated_Source\PSoC4/CapSense_Sensing.c **** 
3097:Generated_Source\PSoC4/CapSense_Sensing.c ****             #if((CapSense_ENABLE == CapSense_CSD_SHIELD_EN) &&\
3098:Generated_Source\PSoC4/CapSense_Sensing.c ****                 (CapSense_ENABLE == CapSense_CSD_SHIELD_TANK_EN))
3099:Generated_Source\PSoC4/CapSense_Sensing.c ****                 /* Restore the pin configuration, the CSH capacitor is connected to. */
3100:Generated_Source\PSoC4/CapSense_Sensing.c ****                 CapSense_WriteBitsSafe(CapSense_CSH_PC_PTR,
3101:Generated_Source\PSoC4/CapSense_Sensing.c ****                                                CapSense_EXT_CAP_PC_MASK_CSH, cshPc);
3102:Generated_Source\PSoC4/CapSense_Sensing.c ****                 CapSense_WriteBitsSafe(CapSense_CSH_DR_PTR,
3103:Generated_Source\PSoC4/CapSense_Sensing.c ****                                                CapSense_EXT_CAP_DR_MASK_CSH, cshDr);
3104:Generated_Source\PSoC4/CapSense_Sensing.c ****                 CapSense_WriteBitsSafe(CapSense_CSH_HSIOM_PTR,
3105:Generated_Source\PSoC4/CapSense_Sensing.c ****                                                CapSense_EXT_CAP_HSIOM_MASK_CSH, cshHsiom);
3106:Generated_Source\PSoC4/CapSense_Sensing.c ****             #endif
3107:Generated_Source\PSoC4/CapSense_Sensing.c ****         #endif
3108:Generated_Source\PSoC4/CapSense_Sensing.c **** 
3109:Generated_Source\PSoC4/CapSense_Sensing.c ****         #if (CapSense_ENABLE == CapSense_CSX_EN)
3110:Generated_Source\PSoC4/CapSense_Sensing.c ****             /* Restore the pin configuration, the CintA capacitor is connected to. */
3111:Generated_Source\PSoC4/CapSense_Sensing.c ****             CapSense_WriteBitsSafe(CapSense_CintA_PC_PTR,
3112:Generated_Source\PSoC4/CapSense_Sensing.c ****                                            CapSense_EXT_CAP_PC_MASK_CINTA, cintAPc);
3113:Generated_Source\PSoC4/CapSense_Sensing.c ****             CapSense_WriteBitsSafe(CapSense_CintA_DR_PTR,
3114:Generated_Source\PSoC4/CapSense_Sensing.c ****                                            CapSense_EXT_CAP_DR_MASK_CINTA, cintADr);
3115:Generated_Source\PSoC4/CapSense_Sensing.c ****             CapSense_WriteBitsSafe(CapSense_CintA_HSIOM_PTR,
3116:Generated_Source\PSoC4/CapSense_Sensing.c ****                                            CapSense_EXT_CAP_HSIOM_MASK_CINTA, cintAHsiom);
3117:Generated_Source\PSoC4/CapSense_Sensing.c **** 
3118:Generated_Source\PSoC4/CapSense_Sensing.c ****             /* Restore the pin configuration, the CintB capacitor is connected to. */
3119:Generated_Source\PSoC4/CapSense_Sensing.c ****             CapSense_WriteBitsSafe(CapSense_CintB_PC_PTR,
3120:Generated_Source\PSoC4/CapSense_Sensing.c ****                                            CapSense_EXT_CAP_PC_MASK_CINTB, cintBPc);
3121:Generated_Source\PSoC4/CapSense_Sensing.c ****             CapSense_WriteBitsSafe(CapSense_CintB_DR_PTR,
3122:Generated_Source\PSoC4/CapSense_Sensing.c ****                                            CapSense_EXT_CAP_DR_MASK_CINTB, cintBDr);
3123:Generated_Source\PSoC4/CapSense_Sensing.c ****             CapSense_WriteBitsSafe(CapSense_CintB_HSIOM_PTR,
3124:Generated_Source\PSoC4/CapSense_Sensing.c ****                                            CapSense_EXT_CAP_HSIOM_MASK_CINTB, cintBHsiom);
ARM GAS  C:\Users\ADSTRU~1\AppData\Local\Temp\ccEcZ2Z6.s 			page 93


3125:Generated_Source\PSoC4/CapSense_Sensing.c ****         #endif
3126:Generated_Source\PSoC4/CapSense_Sensing.c ****     }
3127:Generated_Source\PSoC4/CapSense_Sensing.c **** #endif /* (CapSense_ENABLE == CapSense_CSDV1) */
3128:Generated_Source\PSoC4/CapSense_Sensing.c **** 
3129:Generated_Source\PSoC4/CapSense_Sensing.c **** 
3130:Generated_Source\PSoC4/CapSense_Sensing.c **** #if((CapSense_ENABLE == CapSense_CSD_EN) ||\
3131:Generated_Source\PSoC4/CapSense_Sensing.c ****     (CapSense_ENABLE == CapSense_CSX_EN))
3132:Generated_Source\PSoC4/CapSense_Sensing.c ****     /*******************************************************************************
3133:Generated_Source\PSoC4/CapSense_Sensing.c ****     * Function Name: CapSense_SetInactiveElectrodeState
3134:Generated_Source\PSoC4/CapSense_Sensing.c ****     ****************************************************************************//**
3135:Generated_Source\PSoC4/CapSense_Sensing.c ****     *
3136:Generated_Source\PSoC4/CapSense_Sensing.c ****     * \brief
3137:Generated_Source\PSoC4/CapSense_Sensing.c ****     *  The function updates the RAM data structure with the desired state of inactive
3138:Generated_Source\PSoC4/CapSense_Sensing.c ****     *  electrodes for the specified operation mode. The state of pins is not changed
3139:Generated_Source\PSoC4/CapSense_Sensing.c ****     *  in scope of this routine.
3140:Generated_Source\PSoC4/CapSense_Sensing.c ****     *
3141:Generated_Source\PSoC4/CapSense_Sensing.c ****     * \details
3142:Generated_Source\PSoC4/CapSense_Sensing.c ****     *  The function updates the following registers of RAM data structure:
3143:Generated_Source\PSoC4/CapSense_Sensing.c ****     *   - CapSense_SCAN_CSD_ISC_VALUE - Connection of inactive CSD and CSX
3144:Generated_Source\PSoC4/CapSense_Sensing.c ****     *     electrodes during the regular CSD scan. By default, this register is initialized
3145:Generated_Source\PSoC4/CapSense_Sensing.c ****     *     with the value of Inactive Sensor Connection combobox on the CSD Settings tab.
3146:Generated_Source\PSoC4/CapSense_Sensing.c ****     *     The CapSense_SCAN_CSD_E value should be used as the Mode parameter
3147:Generated_Source\PSoC4/CapSense_Sensing.c ****     *     to update this register.
3148:Generated_Source\PSoC4/CapSense_Sensing.c ****     *
3149:Generated_Source\PSoC4/CapSense_Sensing.c ****     *   - CapSense_SCAN_CSX_ISC_VALUE - Connection of inactive CSD, CSX and
3150:Generated_Source\PSoC4/CapSense_Sensing.c ****     *     the dedicated Shield electrodes during the regular CSX scan. By default, this
3151:Generated_Source\PSoC4/CapSense_Sensing.c ****     *     register is initialized with the value of Inactive Sensor Connection combobox
3152:Generated_Source\PSoC4/CapSense_Sensing.c ****     *     on the CSX Settings tab.
3153:Generated_Source\PSoC4/CapSense_Sensing.c ****     *     The CapSense_SCAN_CSX_E value should be used as the Mode parameter
3154:Generated_Source\PSoC4/CapSense_Sensing.c ****     *     to update this register.
3155:Generated_Source\PSoC4/CapSense_Sensing.c ****     *
3156:Generated_Source\PSoC4/CapSense_Sensing.c ****     *   - CapSense_BIST_CSD_SNS_CAP_ISC_VALUE - Connection of inactive CSD and CSX
3157:Generated_Source\PSoC4/CapSense_Sensing.c ****     *     electrodes during measurement of CSD electrodes capacitance.
3158:Generated_Source\PSoC4/CapSense_Sensing.c ****     *     This register is initialized with the CapSense_SNS_CONNECTION_GROUND value
3159:Generated_Source\PSoC4/CapSense_Sensing.c ****     *     by default.
3160:Generated_Source\PSoC4/CapSense_Sensing.c ****     *     The CapSense_BIST_CSD_SNS_CAP_E value should be used as the Mode parameter
3161:Generated_Source\PSoC4/CapSense_Sensing.c ****     *     to update this register.
3162:Generated_Source\PSoC4/CapSense_Sensing.c ****     *
3163:Generated_Source\PSoC4/CapSense_Sensing.c ****     *   - CapSense_BIST_CSX_SNS_CAP_ISC_VALUE - Connection of inactive CSD, CSX and
3164:Generated_Source\PSoC4/CapSense_Sensing.c ****     *     the dedicated Shield electrodes during measurement of CSX electrodes (Tx and Rx)
3165:Generated_Source\PSoC4/CapSense_Sensing.c ****     *     capacitance. This register is initialized with the CapSense_SNS_CONNECTION_GROUND
3166:Generated_Source\PSoC4/CapSense_Sensing.c ****     *     value by default.
3167:Generated_Source\PSoC4/CapSense_Sensing.c ****     *     The CapSense_BIST_CSX_SNS_CAP_E value should be used as the Mode parameter
3168:Generated_Source\PSoC4/CapSense_Sensing.c ****     *     to update this register.
3169:Generated_Source\PSoC4/CapSense_Sensing.c ****     *
3170:Generated_Source\PSoC4/CapSense_Sensing.c ****     *   - CapSense_BIST_CSD_SH_CAP_ISC_VALUE - Connection of inactive CSD and CSX electrodes
3171:Generated_Source\PSoC4/CapSense_Sensing.c ****     *     measurement of dedicated Shield  electrodes capacitance. This register is initialized wit
3172:Generated_Source\PSoC4/CapSense_Sensing.c ****     *     the CapSense_SNS_CONNECTION_GROUND value by default.
3173:Generated_Source\PSoC4/CapSense_Sensing.c ****     *     The CapSense_BIST_CSD_SH_CAP_E value should be used as the Mode parameter
3174:Generated_Source\PSoC4/CapSense_Sensing.c ****     *     to update this register.
3175:Generated_Source\PSoC4/CapSense_Sensing.c ****     *
3176:Generated_Source\PSoC4/CapSense_Sensing.c ****     * \param
3177:Generated_Source\PSoC4/CapSense_Sensing.c ****     *  mode Operation mode, the state of inactive sensors should be configured for.
3178:Generated_Source\PSoC4/CapSense_Sensing.c ****     *       This parameter can take the following values:
3179:Generated_Source\PSoC4/CapSense_Sensing.c ****     *        - CapSense_SCAN_CSD_E - Regular CSD scan.
3180:Generated_Source\PSoC4/CapSense_Sensing.c ****     *        - CapSense_SCAN_CSX_E - Regular CSX scan.
3181:Generated_Source\PSoC4/CapSense_Sensing.c ****     *        - CapSense_BIST_CSD_SNS_CAP_E - Measurement of the CSD sensor capacitance.
ARM GAS  C:\Users\ADSTRU~1\AppData\Local\Temp\ccEcZ2Z6.s 			page 94


3182:Generated_Source\PSoC4/CapSense_Sensing.c ****     *        - CapSense_BIST_CSX_SNS_CAP_E - Measurement of the CSX electrode capacitance.
3183:Generated_Source\PSoC4/CapSense_Sensing.c ****     *        - CapSense_BIST_CSD_SH_CAP_E - Measurement of the dedicated CSD Shield
3184:Generated_Source\PSoC4/CapSense_Sensing.c ****     *          electrode capacitance.
3185:Generated_Source\PSoC4/CapSense_Sensing.c ****     *
3186:Generated_Source\PSoC4/CapSense_Sensing.c ****     * \param
3187:Generated_Source\PSoC4/CapSense_Sensing.c ****     *  state The desired state of inactive sensors.
3188:Generated_Source\PSoC4/CapSense_Sensing.c ****     *        This parameter can take the following values:
3189:Generated_Source\PSoC4/CapSense_Sensing.c ****     *         - CapSense_SNS_CONNECTION_GROUND - Inactive sensors are connected to the ground.
3190:Generated_Source\PSoC4/CapSense_Sensing.c ****     *         - CapSense_SNS_CONNECTION_HIGHZ - Inactive sensors are floating (not
3191:Generated_Source\PSoC4/CapSense_Sensing.c ****     *           connected to GND or Shield).
3192:Generated_Source\PSoC4/CapSense_Sensing.c ****     *         - CapSense_SNS_CONNECTION_SHIELD - Inactive sensors are connected to the shield.
3193:Generated_Source\PSoC4/CapSense_Sensing.c ****     *           This option is available only if the Enable shield electrode check box is set.
3194:Generated_Source\PSoC4/CapSense_Sensing.c ****     *           At least one dedicated shield electrode is required to use the
3195:Generated_Source\PSoC4/CapSense_Sensing.c ****     *           CapSense_SNS_CONNECTION_SHIELD option for the CapSense_BIST_CSD_SH_CAP_E
3196:Generated_Source\PSoC4/CapSense_Sensing.c ****     *           operation mode.
3197:Generated_Source\PSoC4/CapSense_Sensing.c ****     *
3198:Generated_Source\PSoC4/CapSense_Sensing.c ****     * \return
3199:Generated_Source\PSoC4/CapSense_Sensing.c ****     *  Returns the status of the operation:
3200:Generated_Source\PSoC4/CapSense_Sensing.c ****     *  - CYRET_SUCCESS - The operation was successfully completed.
3201:Generated_Source\PSoC4/CapSense_Sensing.c ****     *  - CYRET_BAD_PARAM - The input parameter is invalid.
3202:Generated_Source\PSoC4/CapSense_Sensing.c ****     *
3203:Generated_Source\PSoC4/CapSense_Sensing.c ****     *******************************************************************************/
3204:Generated_Source\PSoC4/CapSense_Sensing.c ****     uint32_t CapSense_SetInactiveElectrodeState(CapSense_OPERATION_MODE_ENUM mode, uint32_t state)
3205:Generated_Source\PSoC4/CapSense_Sensing.c ****     {
 1892              		.loc 1 3205 0
 1893              		.cfi_startproc
 1894              		@ args = 0, pretend = 0, frame = 0
 1895              		@ frame_needed = 0, uses_anonymous_args = 0
 1896              	.LVL237:
 1897 0000 10B5     		push	{r4, lr}
 1898              		.cfi_def_cfa_offset 8
 1899              		.cfi_offset 4, -8
 1900              		.cfi_offset 14, -4
 1901              	.LVL238:
3206:Generated_Source\PSoC4/CapSense_Sensing.c ****         uint32_t retVal = CYRET_SUCCESS;
3207:Generated_Source\PSoC4/CapSense_Sensing.c **** 
3208:Generated_Source\PSoC4/CapSense_Sensing.c ****         switch(mode)
 1902              		.loc 1 3208 0
 1903 0002 0028     		cmp	r0, #0
 1904 0004 03D1     		bne	.L138
3209:Generated_Source\PSoC4/CapSense_Sensing.c ****         {
3210:Generated_Source\PSoC4/CapSense_Sensing.c ****         #if(CapSense_ENABLE == CapSense_CSD_EN)
3211:Generated_Source\PSoC4/CapSense_Sensing.c ****             case CapSense_SCAN_CSD_E:
3212:Generated_Source\PSoC4/CapSense_Sensing.c ****                 CapSense_dsRam.scanCsdISC = (uint8)state;
 1905              		.loc 1 3212 0
 1906 0006 6C23     		movs	r3, #108
 1907 0008 034A     		ldr	r2, .L139
 1908 000a D154     		strb	r1, [r2, r3]
3213:Generated_Source\PSoC4/CapSense_Sensing.c ****                 break;
 1909              		.loc 1 3213 0
 1910 000c 03E0     		b	.L137
 1911              	.L138:
3214:Generated_Source\PSoC4/CapSense_Sensing.c ****         #endif
3215:Generated_Source\PSoC4/CapSense_Sensing.c **** 
3216:Generated_Source\PSoC4/CapSense_Sensing.c ****         #if(CapSense_ENABLE == CapSense_CSX_EN)
3217:Generated_Source\PSoC4/CapSense_Sensing.c ****             case CapSense_SCAN_CSX_E:
3218:Generated_Source\PSoC4/CapSense_Sensing.c ****                 CapSense_dsRam.scanCsxISC = (uint8)state;
ARM GAS  C:\Users\ADSTRU~1\AppData\Local\Temp\ccEcZ2Z6.s 			page 95


3219:Generated_Source\PSoC4/CapSense_Sensing.c ****                 break;
3220:Generated_Source\PSoC4/CapSense_Sensing.c ****         #endif
3221:Generated_Source\PSoC4/CapSense_Sensing.c **** 
3222:Generated_Source\PSoC4/CapSense_Sensing.c ****         #if((CapSense_ENABLE == CapSense_SELF_TEST_EN) &&\
3223:Generated_Source\PSoC4/CapSense_Sensing.c ****             (CapSense_ENABLE == CapSense_TST_SNS_CAP_EN) &&\
3224:Generated_Source\PSoC4/CapSense_Sensing.c ****             (CapSense_ENABLE == CapSense_CSD_EN))
3225:Generated_Source\PSoC4/CapSense_Sensing.c ****             case CapSense_BIST_CSD_SNS_CAP_E:
3226:Generated_Source\PSoC4/CapSense_Sensing.c ****                 CapSense_dsRam.selfTestConfig.bistCsdSnsCapISC = (uint8)state;
3227:Generated_Source\PSoC4/CapSense_Sensing.c ****                 break;
3228:Generated_Source\PSoC4/CapSense_Sensing.c ****         #endif
3229:Generated_Source\PSoC4/CapSense_Sensing.c **** 
3230:Generated_Source\PSoC4/CapSense_Sensing.c ****         #if((CapSense_ENABLE == CapSense_SELF_TEST_EN) &&\
3231:Generated_Source\PSoC4/CapSense_Sensing.c ****             (CapSense_ENABLE == CapSense_TST_SNS_CAP_EN) &&\
3232:Generated_Source\PSoC4/CapSense_Sensing.c ****             (CapSense_ENABLE == CapSense_CSX_EN))
3233:Generated_Source\PSoC4/CapSense_Sensing.c ****             case CapSense_BIST_CSX_SNS_CAP_E:
3234:Generated_Source\PSoC4/CapSense_Sensing.c ****                 CapSense_dsRam.selfTestConfig.bistCsxSnsCapISC = (uint8)state;
3235:Generated_Source\PSoC4/CapSense_Sensing.c ****                 break;
3236:Generated_Source\PSoC4/CapSense_Sensing.c ****         #endif
3237:Generated_Source\PSoC4/CapSense_Sensing.c **** 
3238:Generated_Source\PSoC4/CapSense_Sensing.c ****         #if((CapSense_ENABLE == CapSense_SELF_TEST_EN) &&\
3239:Generated_Source\PSoC4/CapSense_Sensing.c ****             (CapSense_ENABLE == CapSense_TST_SH_CAP_EN) &&\
3240:Generated_Source\PSoC4/CapSense_Sensing.c ****             (CapSense_ENABLE == CapSense_CSD_EN) &&\
3241:Generated_Source\PSoC4/CapSense_Sensing.c ****             (CapSense_ENABLE == CapSense_CSD_SHIELD_EN))
3242:Generated_Source\PSoC4/CapSense_Sensing.c ****             case CapSense_BIST_CSD_SH_CAP_E:
3243:Generated_Source\PSoC4/CapSense_Sensing.c ****                 if((CapSense_CSD_TOTAL_SHIELD_COUNT == 0u) &&
3244:Generated_Source\PSoC4/CapSense_Sensing.c ****                    (CapSense_SNS_CONNECTION_SHIELD != state))
3245:Generated_Source\PSoC4/CapSense_Sensing.c ****                 {
3246:Generated_Source\PSoC4/CapSense_Sensing.c ****                     retVal = CYRET_BAD_PARAM;
3247:Generated_Source\PSoC4/CapSense_Sensing.c ****                 }
3248:Generated_Source\PSoC4/CapSense_Sensing.c ****                 else
3249:Generated_Source\PSoC4/CapSense_Sensing.c ****                 {
3250:Generated_Source\PSoC4/CapSense_Sensing.c ****                     CapSense_dsRam.selfTestConfig.bistCsdShCapISC = (uint8)state;
3251:Generated_Source\PSoC4/CapSense_Sensing.c ****                 }
3252:Generated_Source\PSoC4/CapSense_Sensing.c ****                 break;
3253:Generated_Source\PSoC4/CapSense_Sensing.c ****         #endif
3254:Generated_Source\PSoC4/CapSense_Sensing.c **** 
3255:Generated_Source\PSoC4/CapSense_Sensing.c ****         default:
3256:Generated_Source\PSoC4/CapSense_Sensing.c ****             CYASSERT(0u);
 1912              		.loc 1 3256 0 discriminator 1
 1913 000e 0020     		movs	r0, #0
 1914              	.LVL239:
 1915 0010 FFF7FEFF 		bl	CyHalt
 1916              	.LVL240:
3257:Generated_Source\PSoC4/CapSense_Sensing.c ****             retVal = CYRET_BAD_PARAM;
 1917              		.loc 1 3257 0 discriminator 1
 1918 0014 0120     		movs	r0, #1
 1919              	.LVL241:
 1920              	.L137:
3258:Generated_Source\PSoC4/CapSense_Sensing.c ****             break;
3259:Generated_Source\PSoC4/CapSense_Sensing.c ****         }
3260:Generated_Source\PSoC4/CapSense_Sensing.c **** 
3261:Generated_Source\PSoC4/CapSense_Sensing.c ****         return(retVal);
3262:Generated_Source\PSoC4/CapSense_Sensing.c ****     }
 1921              		.loc 1 3262 0
 1922              		@ sp needed
 1923 0016 10BD     		pop	{r4, pc}
 1924              	.L140:
ARM GAS  C:\Users\ADSTRU~1\AppData\Local\Temp\ccEcZ2Z6.s 			page 96


 1925              		.align	2
 1926              	.L139:
 1927 0018 00000000 		.word	CapSense_dsRam
 1928              		.cfi_endproc
 1929              	.LFE28:
 1930              		.size	CapSense_SetInactiveElectrodeState, .-CapSense_SetInactiveElectrodeState
 1931              		.section	.text.CapSense_WriteBitsSafe,"ax",%progbits
 1932              		.align	2
 1933              		.global	CapSense_WriteBitsSafe
 1934              		.code	16
 1935              		.thumb_func
 1936              		.type	CapSense_WriteBitsSafe, %function
 1937              	CapSense_WriteBitsSafe:
 1938              	.LFB29:
3263:Generated_Source\PSoC4/CapSense_Sensing.c **** #endif /* ((CapSense_ENABLE == CapSense_CSD_EN) ||\
3264:Generated_Source\PSoC4/CapSense_Sensing.c ****            (CapSense_ENABLE == CapSense_CSX_EN)) */
3265:Generated_Source\PSoC4/CapSense_Sensing.c **** 
3266:Generated_Source\PSoC4/CapSense_Sensing.c **** 
3267:Generated_Source\PSoC4/CapSense_Sensing.c **** /*******************************************************************************
3268:Generated_Source\PSoC4/CapSense_Sensing.c **** * Function Name: CapSense_WriteBitsSafe
3269:Generated_Source\PSoC4/CapSense_Sensing.c **** ****************************************************************************//**
3270:Generated_Source\PSoC4/CapSense_Sensing.c **** *
3271:Generated_Source\PSoC4/CapSense_Sensing.c **** * \brief
3272:Generated_Source\PSoC4/CapSense_Sensing.c **** *  Writes a field in port-pin register, specified by the mask parameter
3273:Generated_Source\PSoC4/CapSense_Sensing.c **** *  with the specified value in critical section.
3274:Generated_Source\PSoC4/CapSense_Sensing.c **** *
3275:Generated_Source\PSoC4/CapSense_Sensing.c **** * \details
3276:Generated_Source\PSoC4/CapSense_Sensing.c **** *  Writes a field in port-pin register, specified by the mask parameter
3277:Generated_Source\PSoC4/CapSense_Sensing.c **** *  with the specified value in critical section.
3278:Generated_Source\PSoC4/CapSense_Sensing.c **** *
3279:Generated_Source\PSoC4/CapSense_Sensing.c **** * \param regPtr
3280:Generated_Source\PSoC4/CapSense_Sensing.c **** *  Specifies a pointer to port-pin register.
3281:Generated_Source\PSoC4/CapSense_Sensing.c **** *
3282:Generated_Source\PSoC4/CapSense_Sensing.c **** * \param mask
3283:Generated_Source\PSoC4/CapSense_Sensing.c **** *  Specifies bits to be modified.
3284:Generated_Source\PSoC4/CapSense_Sensing.c **** *
3285:Generated_Source\PSoC4/CapSense_Sensing.c **** * \param value
3286:Generated_Source\PSoC4/CapSense_Sensing.c **** *  Specifies a value to be written to the register.
3287:Generated_Source\PSoC4/CapSense_Sensing.c **** *
3288:Generated_Source\PSoC4/CapSense_Sensing.c **** *******************************************************************************/
3289:Generated_Source\PSoC4/CapSense_Sensing.c **** void CapSense_WriteBitsSafe(reg32 * regPtr, uint32 mask, uint32 value)
3290:Generated_Source\PSoC4/CapSense_Sensing.c **** {
 1939              		.loc 1 3290 0
 1940              		.cfi_startproc
 1941              		@ args = 0, pretend = 0, frame = 0
 1942              		@ frame_needed = 0, uses_anonymous_args = 0
 1943              	.LVL242:
 1944 0000 70B5     		push	{r4, r5, r6, lr}
 1945              		.cfi_def_cfa_offset 16
 1946              		.cfi_offset 4, -16
 1947              		.cfi_offset 5, -12
 1948              		.cfi_offset 6, -8
 1949              		.cfi_offset 14, -4
 1950 0002 0500     		movs	r5, r0
 1951 0004 0E00     		movs	r6, r1
 1952 0006 1400     		movs	r4, r2
3291:Generated_Source\PSoC4/CapSense_Sensing.c ****     uint8 interruptState = CyEnterCriticalSection();
ARM GAS  C:\Users\ADSTRU~1\AppData\Local\Temp\ccEcZ2Z6.s 			page 97


 1953              		.loc 1 3291 0
 1954 0008 FFF7FEFF 		bl	CyEnterCriticalSection
 1955              	.LVL243:
3292:Generated_Source\PSoC4/CapSense_Sensing.c ****     (* regPtr) = ((* regPtr) & ((uint32)~mask)) | (value & mask);
 1956              		.loc 1 3292 0
 1957 000c 2B68     		ldr	r3, [r5]
 1958 000e 5C40     		eors	r4, r3
 1959              	.LVL244:
 1960 0010 3440     		ands	r4, r6
 1961 0012 5C40     		eors	r4, r3
 1962 0014 2C60     		str	r4, [r5]
3293:Generated_Source\PSoC4/CapSense_Sensing.c ****     CyExitCriticalSection(interruptState);
 1963              		.loc 1 3293 0
 1964 0016 FFF7FEFF 		bl	CyExitCriticalSection
 1965              	.LVL245:
3294:Generated_Source\PSoC4/CapSense_Sensing.c **** }
 1966              		.loc 1 3294 0
 1967              		@ sp needed
 1968              	.LVL246:
 1969              	.LVL247:
 1970 001a 70BD     		pop	{r4, r5, r6, pc}
 1971              		.cfi_endproc
 1972              	.LFE29:
 1973              		.size	CapSense_WriteBitsSafe, .-CapSense_WriteBitsSafe
 1974              		.section	.text.CapSense_SsCSDDisableMode,"ax",%progbits
 1975              		.align	2
 1976              		.code	16
 1977              		.thumb_func
 1978              		.type	CapSense_SsCSDDisableMode, %function
 1979              	CapSense_SsCSDDisableMode:
 1980              	.LFB9:
 954:Generated_Source\PSoC4/CapSense_Sensing.c ****         #if ((CapSense_ENABLE == CapSense_CSDV2) && \
 1981              		.loc 1 954 0
 1982              		.cfi_startproc
 1983              		@ args = 0, pretend = 0, frame = 0
 1984              		@ frame_needed = 0, uses_anonymous_args = 0
 1985 0000 10B5     		push	{r4, lr}
 1986              		.cfi_def_cfa_offset 8
 1987              		.cfi_offset 4, -8
 1988              		.cfi_offset 14, -4
 961:Generated_Source\PSoC4/CapSense_Sensing.c ****             newRegValue &= (uint32)(~CapSense_SW_REFGEN_SEL_SW_IAIB_MASK);
 1989              		.loc 1 961 0
 1990 0002 074A     		ldr	r2, .L143
 1991 0004 1368     		ldr	r3, [r2]
 1992              	.LVL248:
 962:Generated_Source\PSoC4/CapSense_Sensing.c ****             CY_SET_REG32(CapSense_SW_REFGEN_SEL_PTR, newRegValue);
 1993              		.loc 1 962 0
 1994 0006 0121     		movs	r1, #1
 1995 0008 8B43     		bics	r3, r1
 1996              	.LVL249:
 963:Generated_Source\PSoC4/CapSense_Sensing.c ****         #endif /* ((CapSense_ENABLE == CapSense_CSDV2) && \
 1997              		.loc 1 963 0
 1998 000a 1360     		str	r3, [r2]
 968:Generated_Source\PSoC4/CapSense_Sensing.c **** 
 1999              		.loc 1 968 0
 2000 000c 0022     		movs	r2, #0
 2001 000e F021     		movs	r1, #240
ARM GAS  C:\Users\ADSTRU~1\AppData\Local\Temp\ccEcZ2Z6.s 			page 98


 2002 0010 0902     		lsls	r1, r1, #8
 2003 0012 0448     		ldr	r0, .L143+4
 2004 0014 FFF7FEFF 		bl	CapSense_WriteBitsSafe
 2005              	.LVL250:
 971:Generated_Source\PSoC4/CapSense_Sensing.c **** 
 2006              		.loc 1 971 0
 2007 0018 FFF7FEFF 		bl	CapSense_SsCSDElectrodeCheck
 2008              	.LVL251:
 983:Generated_Source\PSoC4/CapSense_Sensing.c **** #endif /* (CapSense_ENABLE == CapSense_CSD_EN) */
 2009              		.loc 1 983 0
 2010              		@ sp needed
 2011 001c 10BD     		pop	{r4, pc}
 2012              	.L144:
 2013 001e C046     		.align	2
 2014              	.L143:
 2015 0020 A8020B40 		.word	1074463400
 2016 0024 00040240 		.word	1073873920
 2017              		.cfi_endproc
 2018              	.LFE9:
 2019              		.size	CapSense_SsCSDDisableMode, .-CapSense_SsCSDDisableMode
 2020              		.section	.text.CapSense_SsSwitchSensingMode,"ax",%progbits
 2021              		.align	2
 2022              		.global	CapSense_SsSwitchSensingMode
 2023              		.code	16
 2024              		.thumb_func
 2025              		.type	CapSense_SsSwitchSensingMode, %function
 2026              	CapSense_SsSwitchSensingMode:
 2027              	.LFB10:
1068:Generated_Source\PSoC4/CapSense_Sensing.c ****     if (CapSense_currentSenseMethod != mode)
 2028              		.loc 1 1068 0
 2029              		.cfi_startproc
 2030              		@ args = 0, pretend = 0, frame = 0
 2031              		@ frame_needed = 0, uses_anonymous_args = 0
 2032              	.LVL252:
 2033 0000 10B5     		push	{r4, lr}
 2034              		.cfi_def_cfa_offset 8
 2035              		.cfi_offset 4, -8
 2036              		.cfi_offset 14, -4
 2037 0002 0400     		movs	r4, r0
1069:Generated_Source\PSoC4/CapSense_Sensing.c ****     {
 2038              		.loc 1 1069 0
 2039 0004 0C4B     		ldr	r3, .L149
 2040 0006 1B78     		ldrb	r3, [r3]
 2041 0008 8342     		cmp	r3, r0
 2042 000a 14D0     		beq	.L145
1072:Generated_Source\PSoC4/CapSense_Sensing.c ****         {
 2043              		.loc 1 1072 0
 2044 000c 012B     		cmp	r3, #1
 2045 000e 01D1     		bne	.L147
1075:Generated_Source\PSoC4/CapSense_Sensing.c ****             #endif /* (CapSense_ENABLE == CapSense_CSD_EN) */
 2046              		.loc 1 1075 0
 2047 0010 FFF7FEFF 		bl	CapSense_SsCSDDisableMode
 2048              	.LVL253:
 2049              	.L147:
1105:Generated_Source\PSoC4/CapSense_Sensing.c ****         {
 2050              		.loc 1 1105 0
 2051 0014 012C     		cmp	r4, #1
ARM GAS  C:\Users\ADSTRU~1\AppData\Local\Temp\ccEcZ2Z6.s 			page 99


 2052 0016 05D1     		bne	.L148
1109:Generated_Source\PSoC4/CapSense_Sensing.c ****                 CapSense_currentSenseMethod = CapSense_SENSE_METHOD_CSD_E;
 2053              		.loc 1 1109 0
 2054 0018 FFF7FEFF 		bl	CapSense_SsCSDInitialize
 2055              	.LVL254:
1110:Generated_Source\PSoC4/CapSense_Sensing.c ****             #endif /* (CapSense_ENABLE == CapSense_CSD_EN) */
 2056              		.loc 1 1110 0
 2057 001c 0122     		movs	r2, #1
 2058 001e 064B     		ldr	r3, .L149
 2059 0020 1A70     		strb	r2, [r3]
 2060 0022 08E0     		b	.L145
 2061              	.L148:
1113:Generated_Source\PSoC4/CapSense_Sensing.c ****         {
 2062              		.loc 1 1113 0
 2063 0024 022C     		cmp	r4, #2
 2064 0026 06D0     		beq	.L145
1121:Generated_Source\PSoC4/CapSense_Sensing.c ****         {
 2065              		.loc 1 1121 0
 2066 0028 042C     		cmp	r4, #4
 2067 002a 04D0     		beq	.L145
1129:Generated_Source\PSoC4/CapSense_Sensing.c ****         {
 2068              		.loc 1 1129 0
 2069 002c 032C     		cmp	r4, #3
 2070 002e 02D0     		beq	.L145
1138:Generated_Source\PSoC4/CapSense_Sensing.c ****         }
 2071              		.loc 1 1138 0
 2072 0030 0022     		movs	r2, #0
 2073 0032 014B     		ldr	r3, .L149
 2074 0034 1A70     		strb	r2, [r3]
 2075              	.L145:
1141:Generated_Source\PSoC4/CapSense_Sensing.c **** 
 2076              		.loc 1 1141 0
 2077              		@ sp needed
 2078 0036 10BD     		pop	{r4, pc}
 2079              	.L150:
 2080              		.align	2
 2081              	.L149:
 2082 0038 00000000 		.word	.LANCHOR0
 2083              		.cfi_endproc
 2084              	.LFE10:
 2085              		.size	CapSense_SsSwitchSensingMode, .-CapSense_SsSwitchSensingMode
 2086              		.section	.text.CapSense_SsInitialize,"ax",%progbits
 2087              		.align	2
 2088              		.global	CapSense_SsInitialize
 2089              		.code	16
 2090              		.thumb_func
 2091              		.type	CapSense_SsInitialize, %function
 2092              	CapSense_SsInitialize:
 2093              	.LFB7:
 708:Generated_Source\PSoC4/CapSense_Sensing.c ****     cystatus initStatus;
 2094              		.loc 1 708 0
 2095              		.cfi_startproc
 2096              		@ args = 0, pretend = 0, frame = 0
 2097              		@ frame_needed = 0, uses_anonymous_args = 0
 2098 0000 10B5     		push	{r4, lr}
 2099              		.cfi_def_cfa_offset 8
 2100              		.cfi_offset 4, -8
ARM GAS  C:\Users\ADSTRU~1\AppData\Local\Temp\ccEcZ2Z6.s 			page 100


 2101              		.cfi_offset 14, -4
 2102              	.LVL255:
 747:Generated_Source\PSoC4/CapSense_Sensing.c ****     #endif /* ((CapSense_ENABLE == CapSense_CSD_EN) ||\
 2103              		.loc 1 747 0
 2104 0002 FFF7FEFF 		bl	CapSense_SsInitializeSourceSenseClk
 2105              	.LVL256:
 752:Generated_Source\PSoC4/CapSense_Sensing.c ****     CapSense_dsRam.scanCurrentISC = CapSense_SNS_CONNECTION_GROUND;
 2106              		.loc 1 752 0
 2107 0006 0020     		movs	r0, #0
 2108 0008 FFF7FEFF 		bl	CapSense_SsSetAllIOsState
 2109              	.LVL257:
 753:Generated_Source\PSoC4/CapSense_Sensing.c **** 
 2110              		.loc 1 753 0
 2111 000c 0021     		movs	r1, #0
 2112 000e 6D23     		movs	r3, #109
 2113 0010 044A     		ldr	r2, .L152
 2114 0012 D154     		strb	r1, [r2, r3]
 755:Generated_Source\PSoC4/CapSense_Sensing.c ****     #if (CapSense_ENABLE == CapSense_MANY_SENSE_MODES_EN)
 2115              		.loc 1 755 0
 2116 0014 0020     		movs	r0, #0
 2117 0016 FFF7FEFF 		bl	CapSense_SsSwitchSensingMode
 2118              	.LVL258:
 758:Generated_Source\PSoC4/CapSense_Sensing.c ****     #elif (CapSense_ENABLE == CapSense_CSX_EN)
 2119              		.loc 1 758 0
 2120 001a 0120     		movs	r0, #1
 2121 001c FFF7FEFF 		bl	CapSense_SsSwitchSensingMode
 2122              	.LVL259:
 769:Generated_Source\PSoC4/CapSense_Sensing.c **** 
 2123              		.loc 1 769 0
 2124 0020 0020     		movs	r0, #0
 2125              		@ sp needed
 2126 0022 10BD     		pop	{r4, pc}
 2127              	.L153:
 2128              		.align	2
 2129              	.L152:
 2130 0024 00000000 		.word	CapSense_dsRam
 2131              		.cfi_endproc
 2132              	.LFE7:
 2133              		.size	CapSense_SsInitialize, .-CapSense_SsInitialize
 2134              		.global	CapSense_idacGainTable
 2135              		.comm	CapSense_curSnsIOPtr,4,4
 2136              		.comm	CapSense_curRamSnsPtr,4,4
 2137              		.global	CapSense_requestScanAllWidget
 2138              		.global	CapSense_sensorIndex
 2139              		.global	CapSense_widgetIndex
 2140              		.global	CapSense_scanFreqIndex
 2141              		.global	CapSense_currentSenseMethod
 2142              		.section	.rodata
 2143              		.align	2
 2144              		.set	.LANCHOR1,. + 0
 2145              		.type	CapSense_idacGainTable, %object
 2146              		.size	CapSense_idacGainTable, 48
 2147              	CapSense_idacGainTable:
 2148 0000 00000001 		.word	16777216
 2149 0004 7C920000 		.word	37500
 2150 0008 00000003 		.word	50331648
 2151 000c F8240100 		.word	75000
ARM GAS  C:\Users\ADSTRU~1\AppData\Local\Temp\ccEcZ2Z6.s 			page 101


 2152 0010 00004001 		.word	20971520
 2153 0014 E0930400 		.word	300000
 2154 0018 00004003 		.word	54525952
 2155 001c C0270900 		.word	600000
 2156 0020 00008001 		.word	25165824
 2157 0024 009F2400 		.word	2400000
 2158 0028 00008003 		.word	58720256
 2159 002c 003E4900 		.word	4800000
 2160              		.type	CapSense_scanFreqIndex, %object
 2161              		.size	CapSense_scanFreqIndex, 1
 2162              	CapSense_scanFreqIndex:
 2163 0030 00       		.space	1
 2164              		.bss
 2165              		.set	.LANCHOR0,. + 0
 2166              		.type	CapSense_currentSenseMethod, %object
 2167              		.size	CapSense_currentSenseMethod, 1
 2168              	CapSense_currentSenseMethod:
 2169 0000 00       		.space	1
 2170              		.type	CapSense_requestScanAllWidget, %object
 2171              		.size	CapSense_requestScanAllWidget, 1
 2172              	CapSense_requestScanAllWidget:
 2173 0001 00       		.space	1
 2174              		.type	CapSense_sensorIndex, %object
 2175              		.size	CapSense_sensorIndex, 1
 2176              	CapSense_sensorIndex:
 2177 0002 00       		.space	1
 2178              		.type	CapSense_widgetIndex, %object
 2179              		.size	CapSense_widgetIndex, 1
 2180              	CapSense_widgetIndex:
 2181 0003 00       		.space	1
 2182              		.text
 2183              	.Letext0:
 2184              		.file 2 "c:\\program files (x86)\\cypress\\psoc creator\\4.4\\psoc creator\\import\\gnu\\arm\\5.4.
 2185              		.file 3 "c:\\program files (x86)\\cypress\\psoc creator\\4.4\\psoc creator\\import\\gnu\\arm\\5.4.
 2186              		.file 4 "Generated_Source\\PSoC4/cytypes.h"
 2187              		.file 5 "Generated_Source\\PSoC4\\CapSense_Configuration.h"
 2188              		.file 6 "Generated_Source\\PSoC4\\CapSense_SmartSense_LL.h"
 2189              		.file 7 "Generated_Source\\PSoC4\\CapSense_Structure.h"
 2190              		.file 8 "Generated_Source\\PSoC4\\CapSense_Sensing.h"
 2191              		.file 9 "Generated_Source\\PSoC4\\CapSense_SensingCSD_LL.h"
 2192              		.file 10 "Generated_Source\\PSoC4/CyLib.h"
 2193              		.file 11 "Generated_Source\\PSoC4\\CapSense_ISR.h"
 2194              		.section	.debug_info,"",%progbits
 2195              	.Ldebug_info0:
 2196 0000 F9140000 		.4byte	0x14f9
 2197 0004 0400     		.2byte	0x4
 2198 0006 00000000 		.4byte	.Ldebug_abbrev0
 2199 000a 04       		.byte	0x4
 2200 000b 01       		.uleb128 0x1
 2201 000c 81020000 		.4byte	.LASF233
 2202 0010 0C       		.byte	0xc
 2203 0011 800A0000 		.4byte	.LASF234
 2204 0015 D40D0000 		.4byte	.LASF235
 2205 0019 00000000 		.4byte	.Ldebug_ranges0+0
 2206 001d 00000000 		.4byte	0
 2207 0021 00000000 		.4byte	.Ldebug_line0
 2208 0025 02       		.uleb128 0x2
ARM GAS  C:\Users\ADSTRU~1\AppData\Local\Temp\ccEcZ2Z6.s 			page 102


 2209 0026 01       		.byte	0x1
 2210 0027 06       		.byte	0x6
 2211 0028 1F0D0000 		.4byte	.LASF0
 2212 002c 02       		.uleb128 0x2
 2213 002d 01       		.byte	0x1
 2214 002e 08       		.byte	0x8
 2215 002f C90B0000 		.4byte	.LASF1
 2216 0033 02       		.uleb128 0x2
 2217 0034 02       		.byte	0x2
 2218 0035 05       		.byte	0x5
 2219 0036 67090000 		.4byte	.LASF2
 2220 003a 02       		.uleb128 0x2
 2221 003b 02       		.byte	0x2
 2222 003c 07       		.byte	0x7
 2223 003d 470D0000 		.4byte	.LASF3
 2224 0041 02       		.uleb128 0x2
 2225 0042 04       		.byte	0x4
 2226 0043 05       		.byte	0x5
 2227 0044 9F090000 		.4byte	.LASF4
 2228 0048 03       		.uleb128 0x3
 2229 0049 E30B0000 		.4byte	.LASF9
 2230 004d 02       		.byte	0x2
 2231 004e 41       		.byte	0x41
 2232 004f 53000000 		.4byte	0x53
 2233 0053 02       		.uleb128 0x2
 2234 0054 04       		.byte	0x4
 2235 0055 07       		.byte	0x7
 2236 0056 190B0000 		.4byte	.LASF5
 2237 005a 02       		.uleb128 0x2
 2238 005b 08       		.byte	0x8
 2239 005c 05       		.byte	0x5
 2240 005d BC060000 		.4byte	.LASF6
 2241 0061 02       		.uleb128 0x2
 2242 0062 08       		.byte	0x8
 2243 0063 07       		.byte	0x7
 2244 0064 56030000 		.4byte	.LASF7
 2245 0068 04       		.uleb128 0x4
 2246 0069 04       		.byte	0x4
 2247 006a 05       		.byte	0x5
 2248 006b 696E7400 		.ascii	"int\000"
 2249 006f 02       		.uleb128 0x2
 2250 0070 04       		.byte	0x4
 2251 0071 07       		.byte	0x7
 2252 0072 AD000000 		.4byte	.LASF8
 2253 0076 03       		.uleb128 0x3
 2254 0077 1B020000 		.4byte	.LASF10
 2255 007b 03       		.byte	0x3
 2256 007c 30       		.byte	0x30
 2257 007d 48000000 		.4byte	0x48
 2258 0081 05       		.uleb128 0x5
 2259 0082 0C0E0000 		.4byte	.LASF11
 2260 0086 04       		.byte	0x4
 2261 0087 FB01     		.2byte	0x1fb
 2262 0089 2C000000 		.4byte	0x2c
 2263 008d 05       		.uleb128 0x5
 2264 008e C0050000 		.4byte	.LASF12
 2265 0092 04       		.byte	0x4
ARM GAS  C:\Users\ADSTRU~1\AppData\Local\Temp\ccEcZ2Z6.s 			page 103


 2266 0093 FC01     		.2byte	0x1fc
 2267 0095 3A000000 		.4byte	0x3a
 2268 0099 05       		.uleb128 0x5
 2269 009a ED070000 		.4byte	.LASF13
 2270 009e 04       		.byte	0x4
 2271 009f FD01     		.2byte	0x1fd
 2272 00a1 53000000 		.4byte	0x53
 2273 00a5 02       		.uleb128 0x2
 2274 00a6 04       		.byte	0x4
 2275 00a7 04       		.byte	0x4
 2276 00a8 75020000 		.4byte	.LASF14
 2277 00ac 02       		.uleb128 0x2
 2278 00ad 08       		.byte	0x8
 2279 00ae 04       		.byte	0x4
 2280 00af 120E0000 		.4byte	.LASF15
 2281 00b3 02       		.uleb128 0x2
 2282 00b4 01       		.byte	0x1
 2283 00b5 08       		.byte	0x8
 2284 00b6 21050000 		.4byte	.LASF16
 2285 00ba 05       		.uleb128 0x5
 2286 00bb C00B0000 		.4byte	.LASF17
 2287 00bf 04       		.byte	0x4
 2288 00c0 9D02     		.2byte	0x29d
 2289 00c2 53000000 		.4byte	0x53
 2290 00c6 06       		.uleb128 0x6
 2291 00c7 81000000 		.4byte	0x81
 2292 00cb 05       		.uleb128 0x5
 2293 00cc C2080000 		.4byte	.LASF18
 2294 00d0 04       		.byte	0x4
 2295 00d1 A702     		.2byte	0x2a7
 2296 00d3 D7000000 		.4byte	0xd7
 2297 00d7 06       		.uleb128 0x6
 2298 00d8 99000000 		.4byte	0x99
 2299 00dc 05       		.uleb128 0x5
 2300 00dd AA070000 		.4byte	.LASF19
 2301 00e1 04       		.byte	0x4
 2302 00e2 B702     		.2byte	0x2b7
 2303 00e4 E8000000 		.4byte	0xe8
 2304 00e8 07       		.uleb128 0x7
 2305 00e9 04       		.byte	0x4
 2306 00ea EE000000 		.4byte	0xee
 2307 00ee 08       		.uleb128 0x8
 2308 00ef 05       		.uleb128 0x5
 2309 00f0 3B0C0000 		.4byte	.LASF20
 2310 00f4 05       		.byte	0x5
 2311 00f5 2201     		.2byte	0x122
 2312 00f7 8D000000 		.4byte	0x8d
 2313 00fb 05       		.uleb128 0x5
 2314 00fc 36060000 		.4byte	.LASF21
 2315 0100 05       		.byte	0x5
 2316 0101 2601     		.2byte	0x126
 2317 0103 81000000 		.4byte	0x81
 2318 0107 09       		.uleb128 0x9
 2319 0108 1C       		.byte	0x1c
 2320 0109 06       		.byte	0x6
 2321 010a 31       		.byte	0x31
 2322 010b 94010000 		.4byte	0x194
ARM GAS  C:\Users\ADSTRU~1\AppData\Local\Temp\ccEcZ2Z6.s 			page 104


 2323 010f 0A       		.uleb128 0xa
 2324 0110 100C0000 		.4byte	.LASF22
 2325 0114 06       		.byte	0x6
 2326 0115 36       		.byte	0x36
 2327 0116 99000000 		.4byte	0x99
 2328 011a 00       		.byte	0
 2329 011b 0A       		.uleb128 0xa
 2330 011c 42010000 		.4byte	.LASF23
 2331 0120 06       		.byte	0x6
 2332 0121 3B       		.byte	0x3b
 2333 0122 99000000 		.4byte	0x99
 2334 0126 04       		.byte	0x4
 2335 0127 0A       		.uleb128 0xa
 2336 0128 6B080000 		.4byte	.LASF24
 2337 012c 06       		.byte	0x6
 2338 012d 40       		.byte	0x40
 2339 012e 94010000 		.4byte	0x194
 2340 0132 08       		.byte	0x8
 2341 0133 0A       		.uleb128 0xa
 2342 0134 75040000 		.4byte	.LASF25
 2343 0138 06       		.byte	0x6
 2344 0139 45       		.byte	0x45
 2345 013a 94010000 		.4byte	0x194
 2346 013e 0C       		.byte	0xc
 2347 013f 0A       		.uleb128 0xa
 2348 0140 B2080000 		.4byte	.LASF26
 2349 0144 06       		.byte	0x6
 2350 0145 4A       		.byte	0x4a
 2351 0146 8D000000 		.4byte	0x8d
 2352 014a 10       		.byte	0x10
 2353 014b 0A       		.uleb128 0xa
 2354 014c 320B0000 		.4byte	.LASF27
 2355 0150 06       		.byte	0x6
 2356 0151 4F       		.byte	0x4f
 2357 0152 8D000000 		.4byte	0x8d
 2358 0156 12       		.byte	0x12
 2359 0157 0A       		.uleb128 0xa
 2360 0158 3D0A0000 		.4byte	.LASF28
 2361 015c 06       		.byte	0x6
 2362 015d 54       		.byte	0x54
 2363 015e 8D000000 		.4byte	0x8d
 2364 0162 14       		.byte	0x14
 2365 0163 0A       		.uleb128 0xa
 2366 0164 66010000 		.4byte	.LASF29
 2367 0168 06       		.byte	0x6
 2368 0169 59       		.byte	0x59
 2369 016a 8D000000 		.4byte	0x8d
 2370 016e 16       		.byte	0x16
 2371 016f 0A       		.uleb128 0xa
 2372 0170 4D040000 		.4byte	.LASF30
 2373 0174 06       		.byte	0x6
 2374 0175 5E       		.byte	0x5e
 2375 0176 8D000000 		.4byte	0x8d
 2376 017a 18       		.byte	0x18
 2377 017b 0A       		.uleb128 0xa
 2378 017c 3C050000 		.4byte	.LASF31
 2379 0180 06       		.byte	0x6
ARM GAS  C:\Users\ADSTRU~1\AppData\Local\Temp\ccEcZ2Z6.s 			page 105


 2380 0181 63       		.byte	0x63
 2381 0182 81000000 		.4byte	0x81
 2382 0186 1A       		.byte	0x1a
 2383 0187 0A       		.uleb128 0xa
 2384 0188 DB080000 		.4byte	.LASF32
 2385 018c 06       		.byte	0x6
 2386 018d 68       		.byte	0x68
 2387 018e 81000000 		.4byte	0x81
 2388 0192 1B       		.byte	0x1b
 2389 0193 00       		.byte	0
 2390 0194 07       		.uleb128 0x7
 2391 0195 04       		.byte	0x4
 2392 0196 8D000000 		.4byte	0x8d
 2393 019a 03       		.uleb128 0x3
 2394 019b 5A0D0000 		.4byte	.LASF33
 2395 019f 06       		.byte	0x6
 2396 01a0 6A       		.byte	0x6a
 2397 01a1 07010000 		.4byte	0x107
 2398 01a5 09       		.uleb128 0x9
 2399 01a6 0C       		.byte	0xc
 2400 01a7 06       		.byte	0x6
 2401 01a8 75       		.byte	0x75
 2402 01a9 02020000 		.4byte	0x202
 2403 01ad 0A       		.uleb128 0xa
 2404 01ae 270E0000 		.4byte	.LASF34
 2405 01b2 06       		.byte	0x6
 2406 01b3 7A       		.byte	0x7a
 2407 01b4 8D000000 		.4byte	0x8d
 2408 01b8 00       		.byte	0
 2409 01b9 0A       		.uleb128 0xa
 2410 01ba 2E0E0000 		.4byte	.LASF35
 2411 01be 06       		.byte	0x6
 2412 01bf 7E       		.byte	0x7e
 2413 01c0 8D000000 		.4byte	0x8d
 2414 01c4 02       		.byte	0x2
 2415 01c5 0A       		.uleb128 0xa
 2416 01c6 350E0000 		.4byte	.LASF36
 2417 01ca 06       		.byte	0x6
 2418 01cb 82       		.byte	0x82
 2419 01cc 8D000000 		.4byte	0x8d
 2420 01d0 04       		.byte	0x4
 2421 01d1 0A       		.uleb128 0xa
 2422 01d2 3C0E0000 		.4byte	.LASF37
 2423 01d6 06       		.byte	0x6
 2424 01d7 86       		.byte	0x86
 2425 01d8 8D000000 		.4byte	0x8d
 2426 01dc 06       		.byte	0x6
 2427 01dd 0A       		.uleb128 0xa
 2428 01de 430E0000 		.4byte	.LASF38
 2429 01e2 06       		.byte	0x6
 2430 01e3 8A       		.byte	0x8a
 2431 01e4 8D000000 		.4byte	0x8d
 2432 01e8 08       		.byte	0x8
 2433 01e9 0A       		.uleb128 0xa
 2434 01ea 4A0E0000 		.4byte	.LASF39
 2435 01ee 06       		.byte	0x6
 2436 01ef 8E       		.byte	0x8e
ARM GAS  C:\Users\ADSTRU~1\AppData\Local\Temp\ccEcZ2Z6.s 			page 106


 2437 01f0 81000000 		.4byte	0x81
 2438 01f4 0A       		.byte	0xa
 2439 01f5 0A       		.uleb128 0xa
 2440 01f6 510E0000 		.4byte	.LASF40
 2441 01fa 06       		.byte	0x6
 2442 01fb 92       		.byte	0x92
 2443 01fc 81000000 		.4byte	0x81
 2444 0200 0B       		.byte	0xb
 2445 0201 00       		.byte	0
 2446 0202 03       		.uleb128 0x3
 2447 0203 E5040000 		.4byte	.LASF41
 2448 0207 06       		.byte	0x6
 2449 0208 93       		.byte	0x93
 2450 0209 A5010000 		.4byte	0x1a5
 2451 020d 0B       		.uleb128 0xb
 2452 020e 01       		.byte	0x1
 2453 020f 2C000000 		.4byte	0x2c
 2454 0213 07       		.byte	0x7
 2455 0214 70       		.byte	0x70
 2456 0215 38020000 		.4byte	0x238
 2457 0219 0C       		.uleb128 0xc
 2458 021a 98000000 		.4byte	.LASF42
 2459 021e 00       		.byte	0
 2460 021f 0C       		.uleb128 0xc
 2461 0220 C80A0000 		.4byte	.LASF43
 2462 0224 01       		.byte	0x1
 2463 0225 0C       		.uleb128 0xc
 2464 0226 C1090000 		.4byte	.LASF44
 2465 022a 02       		.byte	0x2
 2466 022b 0C       		.uleb128 0xc
 2467 022c 710C0000 		.4byte	.LASF45
 2468 0230 03       		.byte	0x3
 2469 0231 0C       		.uleb128 0xc
 2470 0232 8A080000 		.4byte	.LASF46
 2471 0236 04       		.byte	0x4
 2472 0237 00       		.byte	0
 2473 0238 03       		.uleb128 0x3
 2474 0239 6F060000 		.4byte	.LASF47
 2475 023d 07       		.byte	0x7
 2476 023e 76       		.byte	0x76
 2477 023f 0D020000 		.4byte	0x20d
 2478 0243 09       		.uleb128 0x9
 2479 0244 14       		.byte	0x14
 2480 0245 07       		.byte	0x7
 2481 0246 AD       		.byte	0xad
 2482 0247 E8020000 		.4byte	0x2e8
 2483 024b 0A       		.uleb128 0xa
 2484 024c F7050000 		.4byte	.LASF48
 2485 0250 07       		.byte	0x7
 2486 0251 B2       		.byte	0xb2
 2487 0252 8D000000 		.4byte	0x8d
 2488 0256 00       		.byte	0
 2489 0257 0A       		.uleb128 0xa
 2490 0258 8F0B0000 		.4byte	.LASF49
 2491 025c 07       		.byte	0x7
 2492 025d B7       		.byte	0xb7
 2493 025e EF000000 		.4byte	0xef
ARM GAS  C:\Users\ADSTRU~1\AppData\Local\Temp\ccEcZ2Z6.s 			page 107


 2494 0262 02       		.byte	0x2
 2495 0263 0A       		.uleb128 0xa
 2496 0264 19050000 		.4byte	.LASF50
 2497 0268 07       		.byte	0x7
 2498 0269 BC       		.byte	0xbc
 2499 026a 81000000 		.4byte	0x81
 2500 026e 04       		.byte	0x4
 2501 026f 0A       		.uleb128 0xa
 2502 0270 96070000 		.4byte	.LASF51
 2503 0274 07       		.byte	0x7
 2504 0275 C1       		.byte	0xc1
 2505 0276 81000000 		.4byte	0x81
 2506 027a 05       		.byte	0x5
 2507 027b 0A       		.uleb128 0xa
 2508 027c 7C040000 		.4byte	.LASF52
 2509 0280 07       		.byte	0x7
 2510 0281 C7       		.byte	0xc7
 2511 0282 81000000 		.4byte	0x81
 2512 0286 06       		.byte	0x6
 2513 0287 0A       		.uleb128 0xa
 2514 0288 EB060000 		.4byte	.LASF53
 2515 028c 07       		.byte	0x7
 2516 028d CD       		.byte	0xcd
 2517 028e 81000000 		.4byte	0x81
 2518 0292 07       		.byte	0x7
 2519 0293 0A       		.uleb128 0xa
 2520 0294 B6040000 		.4byte	.LASF54
 2521 0298 07       		.byte	0x7
 2522 0299 D4       		.byte	0xd4
 2523 029a FB000000 		.4byte	0xfb
 2524 029e 08       		.byte	0x8
 2525 029f 0A       		.uleb128 0xa
 2526 02a0 370B0000 		.4byte	.LASF55
 2527 02a4 07       		.byte	0x7
 2528 02a5 DB       		.byte	0xdb
 2529 02a6 E8020000 		.4byte	0x2e8
 2530 02aa 09       		.byte	0x9
 2531 02ab 0A       		.uleb128 0xa
 2532 02ac 44020000 		.4byte	.LASF56
 2533 02b0 07       		.byte	0x7
 2534 02b1 E0       		.byte	0xe0
 2535 02b2 81000000 		.4byte	0x81
 2536 02b6 0A       		.byte	0xa
 2537 02b7 0A       		.uleb128 0xa
 2538 02b8 CE0C0000 		.4byte	.LASF57
 2539 02bc 07       		.byte	0x7
 2540 02bd E8       		.byte	0xe8
 2541 02be 8D000000 		.4byte	0x8d
 2542 02c2 0C       		.byte	0xc
 2543 02c3 0A       		.uleb128 0xa
 2544 02c4 18090000 		.4byte	.LASF58
 2545 02c8 07       		.byte	0x7
 2546 02c9 ED       		.byte	0xed
 2547 02ca 81000000 		.4byte	0x81
 2548 02ce 0E       		.byte	0xe
 2549 02cf 0A       		.uleb128 0xa
 2550 02d0 3D0A0000 		.4byte	.LASF28
ARM GAS  C:\Users\ADSTRU~1\AppData\Local\Temp\ccEcZ2Z6.s 			page 108


 2551 02d4 07       		.byte	0x7
 2552 02d5 F3       		.byte	0xf3
 2553 02d6 8D000000 		.4byte	0x8d
 2554 02da 10       		.byte	0x10
 2555 02db 0A       		.uleb128 0xa
 2556 02dc 75040000 		.4byte	.LASF25
 2557 02e0 07       		.byte	0x7
 2558 02e1 F8       		.byte	0xf8
 2559 02e2 8D000000 		.4byte	0x8d
 2560 02e6 12       		.byte	0x12
 2561 02e7 00       		.byte	0
 2562 02e8 0D       		.uleb128 0xd
 2563 02e9 81000000 		.4byte	0x81
 2564 02ed F8020000 		.4byte	0x2f8
 2565 02f1 0E       		.uleb128 0xe
 2566 02f2 F8020000 		.4byte	0x2f8
 2567 02f6 00       		.byte	0
 2568 02f7 00       		.byte	0
 2569 02f8 02       		.uleb128 0x2
 2570 02f9 04       		.byte	0x4
 2571 02fa 07       		.byte	0x7
 2572 02fb 080B0000 		.4byte	.LASF59
 2573 02ff 03       		.uleb128 0x3
 2574 0300 C8070000 		.4byte	.LASF60
 2575 0304 07       		.byte	0x7
 2576 0305 F9       		.byte	0xf9
 2577 0306 43020000 		.4byte	0x243
 2578 030a 09       		.uleb128 0x9
 2579 030b 16       		.byte	0x16
 2580 030c 07       		.byte	0x7
 2581 030d FE       		.byte	0xfe
 2582 030e C9030000 		.4byte	0x3c9
 2583 0312 0F       		.uleb128 0xf
 2584 0313 F7050000 		.4byte	.LASF48
 2585 0317 07       		.byte	0x7
 2586 0318 0301     		.2byte	0x103
 2587 031a 8D000000 		.4byte	0x8d
 2588 031e 00       		.byte	0
 2589 031f 0F       		.uleb128 0xf
 2590 0320 8F0B0000 		.4byte	.LASF49
 2591 0324 07       		.byte	0x7
 2592 0325 0801     		.2byte	0x108
 2593 0327 EF000000 		.4byte	0xef
 2594 032b 02       		.byte	0x2
 2595 032c 0F       		.uleb128 0xf
 2596 032d 19050000 		.4byte	.LASF50
 2597 0331 07       		.byte	0x7
 2598 0332 0D01     		.2byte	0x10d
 2599 0334 81000000 		.4byte	0x81
 2600 0338 04       		.byte	0x4
 2601 0339 0F       		.uleb128 0xf
 2602 033a 96070000 		.4byte	.LASF51
 2603 033e 07       		.byte	0x7
 2604 033f 1201     		.2byte	0x112
 2605 0341 81000000 		.4byte	0x81
 2606 0345 05       		.byte	0x5
 2607 0346 0F       		.uleb128 0xf
ARM GAS  C:\Users\ADSTRU~1\AppData\Local\Temp\ccEcZ2Z6.s 			page 109


 2608 0347 7C040000 		.4byte	.LASF52
 2609 034b 07       		.byte	0x7
 2610 034c 1801     		.2byte	0x118
 2611 034e 81000000 		.4byte	0x81
 2612 0352 06       		.byte	0x6
 2613 0353 0F       		.uleb128 0xf
 2614 0354 EB060000 		.4byte	.LASF53
 2615 0358 07       		.byte	0x7
 2616 0359 1E01     		.2byte	0x11e
 2617 035b 81000000 		.4byte	0x81
 2618 035f 07       		.byte	0x7
 2619 0360 0F       		.uleb128 0xf
 2620 0361 B6040000 		.4byte	.LASF54
 2621 0365 07       		.byte	0x7
 2622 0366 2501     		.2byte	0x125
 2623 0368 FB000000 		.4byte	0xfb
 2624 036c 08       		.byte	0x8
 2625 036d 0F       		.uleb128 0xf
 2626 036e 370B0000 		.4byte	.LASF55
 2627 0372 07       		.byte	0x7
 2628 0373 2C01     		.2byte	0x12c
 2629 0375 E8020000 		.4byte	0x2e8
 2630 0379 09       		.byte	0x9
 2631 037a 0F       		.uleb128 0xf
 2632 037b 44020000 		.4byte	.LASF56
 2633 037f 07       		.byte	0x7
 2634 0380 3101     		.2byte	0x131
 2635 0382 81000000 		.4byte	0x81
 2636 0386 0A       		.byte	0xa
 2637 0387 0F       		.uleb128 0xf
 2638 0388 CE0C0000 		.4byte	.LASF57
 2639 038c 07       		.byte	0x7
 2640 038d 3901     		.2byte	0x139
 2641 038f 8D000000 		.4byte	0x8d
 2642 0393 0C       		.byte	0xc
 2643 0394 0F       		.uleb128 0xf
 2644 0395 18090000 		.4byte	.LASF58
 2645 0399 07       		.byte	0x7
 2646 039a 3E01     		.2byte	0x13e
 2647 039c 81000000 		.4byte	0x81
 2648 03a0 0E       		.byte	0xe
 2649 03a1 0F       		.uleb128 0xf
 2650 03a2 3D0A0000 		.4byte	.LASF28
 2651 03a6 07       		.byte	0x7
 2652 03a7 4401     		.2byte	0x144
 2653 03a9 8D000000 		.4byte	0x8d
 2654 03ad 10       		.byte	0x10
 2655 03ae 0F       		.uleb128 0xf
 2656 03af 75040000 		.4byte	.LASF25
 2657 03b3 07       		.byte	0x7
 2658 03b4 4901     		.2byte	0x149
 2659 03b6 8D000000 		.4byte	0x8d
 2660 03ba 12       		.byte	0x12
 2661 03bb 0F       		.uleb128 0xf
 2662 03bc F10E0000 		.4byte	.LASF61
 2663 03c0 07       		.byte	0x7
 2664 03c1 4E01     		.2byte	0x14e
ARM GAS  C:\Users\ADSTRU~1\AppData\Local\Temp\ccEcZ2Z6.s 			page 110


 2665 03c3 C9030000 		.4byte	0x3c9
 2666 03c7 14       		.byte	0x14
 2667 03c8 00       		.byte	0
 2668 03c9 0D       		.uleb128 0xd
 2669 03ca 8D000000 		.4byte	0x8d
 2670 03ce D9030000 		.4byte	0x3d9
 2671 03d2 0E       		.uleb128 0xe
 2672 03d3 F8020000 		.4byte	0x2f8
 2673 03d7 00       		.byte	0
 2674 03d8 00       		.byte	0
 2675 03d9 05       		.uleb128 0x5
 2676 03da AA0A0000 		.4byte	.LASF62
 2677 03de 07       		.byte	0x7
 2678 03df 4F01     		.2byte	0x14f
 2679 03e1 0A030000 		.4byte	0x30a
 2680 03e5 10       		.uleb128 0x10
 2681 03e6 16       		.byte	0x16
 2682 03e7 07       		.byte	0x7
 2683 03e8 5501     		.2byte	0x155
 2684 03ea FC030000 		.4byte	0x3fc
 2685 03ee 0F       		.uleb128 0xf
 2686 03ef 940C0000 		.4byte	.LASF63
 2687 03f3 07       		.byte	0x7
 2688 03f4 5A01     		.2byte	0x15a
 2689 03f6 D9030000 		.4byte	0x3d9
 2690 03fa 00       		.byte	0
 2691 03fb 00       		.byte	0
 2692 03fc 05       		.uleb128 0x5
 2693 03fd DF010000 		.4byte	.LASF64
 2694 0401 07       		.byte	0x7
 2695 0402 5B01     		.2byte	0x15b
 2696 0404 E5030000 		.4byte	0x3e5
 2697 0408 10       		.uleb128 0x10
 2698 0409 0A       		.byte	0xa
 2699 040a 07       		.byte	0x7
 2700 040b 6101     		.2byte	0x161
 2701 040d 60040000 		.4byte	0x460
 2702 0411 11       		.uleb128 0x11
 2703 0412 72617700 		.ascii	"raw\000"
 2704 0416 07       		.byte	0x7
 2705 0417 6601     		.2byte	0x166
 2706 0419 C9030000 		.4byte	0x3c9
 2707 041d 00       		.byte	0
 2708 041e 0F       		.uleb128 0xf
 2709 041f 420D0000 		.4byte	.LASF65
 2710 0423 07       		.byte	0x7
 2711 0424 6B01     		.2byte	0x16b
 2712 0426 C9030000 		.4byte	0x3c9
 2713 042a 02       		.byte	0x2
 2714 042b 0F       		.uleb128 0xf
 2715 042c 980B0000 		.4byte	.LASF66
 2716 0430 07       		.byte	0x7
 2717 0431 7101     		.2byte	0x171
 2718 0433 E8020000 		.4byte	0x2e8
 2719 0437 04       		.byte	0x4
 2720 0438 0F       		.uleb128 0xf
 2721 0439 B3090000 		.4byte	.LASF67
ARM GAS  C:\Users\ADSTRU~1\AppData\Local\Temp\ccEcZ2Z6.s 			page 111


 2722 043d 07       		.byte	0x7
 2723 043e 7601     		.2byte	0x176
 2724 0440 EF000000 		.4byte	0xef
 2725 0444 06       		.byte	0x6
 2726 0445 0F       		.uleb128 0xf
 2727 0446 190E0000 		.4byte	.LASF68
 2728 044a 07       		.byte	0x7
 2729 044b 7B01     		.2byte	0x17b
 2730 044d 60040000 		.4byte	0x460
 2731 0451 08       		.byte	0x8
 2732 0452 0F       		.uleb128 0xf
 2733 0453 AD060000 		.4byte	.LASF69
 2734 0457 07       		.byte	0x7
 2735 0458 8001     		.2byte	0x180
 2736 045a E8020000 		.4byte	0x2e8
 2737 045e 09       		.byte	0x9
 2738 045f 00       		.byte	0
 2739 0460 0D       		.uleb128 0xd
 2740 0461 FB000000 		.4byte	0xfb
 2741 0465 70040000 		.4byte	0x470
 2742 0469 0E       		.uleb128 0xe
 2743 046a F8020000 		.4byte	0x2f8
 2744 046e 00       		.byte	0
 2745 046f 00       		.byte	0
 2746 0470 05       		.uleb128 0x5
 2747 0471 1B040000 		.4byte	.LASF70
 2748 0475 07       		.byte	0x7
 2749 0476 8101     		.2byte	0x181
 2750 0478 08040000 		.4byte	0x408
 2751 047c 10       		.uleb128 0x10
 2752 047d 32       		.byte	0x32
 2753 047e 07       		.byte	0x7
 2754 047f 8701     		.2byte	0x187
 2755 0481 93040000 		.4byte	0x493
 2756 0485 0F       		.uleb128 0xf
 2757 0486 940C0000 		.4byte	.LASF63
 2758 048a 07       		.byte	0x7
 2759 048b 8C01     		.2byte	0x18c
 2760 048d 93040000 		.4byte	0x493
 2761 0491 00       		.byte	0
 2762 0492 00       		.byte	0
 2763 0493 0D       		.uleb128 0xd
 2764 0494 70040000 		.4byte	0x470
 2765 0498 A3040000 		.4byte	0x4a3
 2766 049c 0E       		.uleb128 0xe
 2767 049d F8020000 		.4byte	0x2f8
 2768 04a1 04       		.byte	0x4
 2769 04a2 00       		.byte	0
 2770 04a3 05       		.uleb128 0x5
 2771 04a4 110F0000 		.4byte	.LASF71
 2772 04a8 07       		.byte	0x7
 2773 04a9 8D01     		.2byte	0x18d
 2774 04ab 7C040000 		.4byte	0x47c
 2775 04af 10       		.uleb128 0x10
 2776 04b0 70       		.byte	0x70
 2777 04b1 07       		.byte	0x7
 2778 04b2 9301     		.2byte	0x193
ARM GAS  C:\Users\ADSTRU~1\AppData\Local\Temp\ccEcZ2Z6.s 			page 112


 2779 04b4 B0050000 		.4byte	0x5b0
 2780 04b8 0F       		.uleb128 0xf
 2781 04b9 E4080000 		.4byte	.LASF72
 2782 04bd 07       		.byte	0x7
 2783 04be 9A01     		.2byte	0x19a
 2784 04c0 8D000000 		.4byte	0x8d
 2785 04c4 00       		.byte	0
 2786 04c5 0F       		.uleb128 0xf
 2787 04c6 740E0000 		.4byte	.LASF73
 2788 04ca 07       		.byte	0x7
 2789 04cb 9F01     		.2byte	0x19f
 2790 04cd 8D000000 		.4byte	0x8d
 2791 04d1 02       		.byte	0x2
 2792 04d2 0F       		.uleb128 0xf
 2793 04d3 D2000000 		.4byte	.LASF74
 2794 04d7 07       		.byte	0x7
 2795 04d8 A401     		.2byte	0x1a4
 2796 04da 8D000000 		.4byte	0x8d
 2797 04de 04       		.byte	0x4
 2798 04df 0F       		.uleb128 0xf
 2799 04e0 B8090000 		.4byte	.LASF75
 2800 04e4 07       		.byte	0x7
 2801 04e5 AA01     		.2byte	0x1aa
 2802 04e7 8D000000 		.4byte	0x8d
 2803 04eb 06       		.byte	0x6
 2804 04ec 0F       		.uleb128 0xf
 2805 04ed BA000000 		.4byte	.LASF76
 2806 04f1 07       		.byte	0x7
 2807 04f2 AF01     		.2byte	0x1af
 2808 04f4 8D000000 		.4byte	0x8d
 2809 04f8 08       		.byte	0x8
 2810 04f9 0F       		.uleb128 0xf
 2811 04fa 02060000 		.4byte	.LASF77
 2812 04fe 07       		.byte	0x7
 2813 04ff B401     		.2byte	0x1b4
 2814 0501 D7000000 		.4byte	0xd7
 2815 0505 0C       		.byte	0xc
 2816 0506 0F       		.uleb128 0xf
 2817 0507 A8090000 		.4byte	.LASF78
 2818 050b 07       		.byte	0x7
 2819 050c BA01     		.2byte	0x1ba
 2820 050e B0050000 		.4byte	0x5b0
 2821 0512 10       		.byte	0x10
 2822 0513 0F       		.uleb128 0xf
 2823 0514 5B0A0000 		.4byte	.LASF79
 2824 0518 07       		.byte	0x7
 2825 0519 C101     		.2byte	0x1c1
 2826 051b B0050000 		.4byte	0x5b0
 2827 051f 14       		.byte	0x14
 2828 0520 0F       		.uleb128 0xf
 2829 0521 0E090000 		.4byte	.LASF80
 2830 0525 07       		.byte	0x7
 2831 0526 D101     		.2byte	0x1d1
 2832 0528 E8020000 		.4byte	0x2e8
 2833 052c 18       		.byte	0x18
 2834 052d 0F       		.uleb128 0xf
 2835 052e 9F070000 		.4byte	.LASF81
ARM GAS  C:\Users\ADSTRU~1\AppData\Local\Temp\ccEcZ2Z6.s 			page 113


 2836 0532 07       		.byte	0x7
 2837 0533 D701     		.2byte	0x1d7
 2838 0535 8D000000 		.4byte	0x8d
 2839 0539 1A       		.byte	0x1a
 2840 053a 0F       		.uleb128 0xf
 2841 053b 11040000 		.4byte	.LASF82
 2842 053f 07       		.byte	0x7
 2843 0540 DC01     		.2byte	0x1dc
 2844 0542 81000000 		.4byte	0x81
 2845 0546 1C       		.byte	0x1c
 2846 0547 0F       		.uleb128 0xf
 2847 0548 0E070000 		.4byte	.LASF83
 2848 054c 07       		.byte	0x7
 2849 054d E101     		.2byte	0x1e1
 2850 054f FC030000 		.4byte	0x3fc
 2851 0553 1E       		.byte	0x1e
 2852 0554 0F       		.uleb128 0xf
 2853 0555 4E030000 		.4byte	.LASF84
 2854 0559 07       		.byte	0x7
 2855 055a E601     		.2byte	0x1e6
 2856 055c A3040000 		.4byte	0x4a3
 2857 0560 34       		.byte	0x34
 2858 0561 0F       		.uleb128 0xf
 2859 0562 88000000 		.4byte	.LASF85
 2860 0566 07       		.byte	0x7
 2861 0567 EB01     		.2byte	0x1eb
 2862 0569 81000000 		.4byte	0x81
 2863 056d 66       		.byte	0x66
 2864 056e 0F       		.uleb128 0xf
 2865 056f 9B030000 		.4byte	.LASF86
 2866 0573 07       		.byte	0x7
 2867 0574 F001     		.2byte	0x1f0
 2868 0576 81000000 		.4byte	0x81
 2869 057a 67       		.byte	0x67
 2870 057b 0F       		.uleb128 0xf
 2871 057c C8080000 		.4byte	.LASF87
 2872 0580 07       		.byte	0x7
 2873 0581 F501     		.2byte	0x1f5
 2874 0583 8D000000 		.4byte	0x8d
 2875 0587 68       		.byte	0x68
 2876 0588 0F       		.uleb128 0xf
 2877 0589 86070000 		.4byte	.LASF88
 2878 058d 07       		.byte	0x7
 2879 058e FA01     		.2byte	0x1fa
 2880 0590 C9030000 		.4byte	0x3c9
 2881 0594 6A       		.byte	0x6a
 2882 0595 0F       		.uleb128 0xf
 2883 0596 DA000000 		.4byte	.LASF89
 2884 059a 07       		.byte	0x7
 2885 059b FF01     		.2byte	0x1ff
 2886 059d 81000000 		.4byte	0x81
 2887 05a1 6C       		.byte	0x6c
 2888 05a2 0F       		.uleb128 0xf
 2889 05a3 200C0000 		.4byte	.LASF90
 2890 05a7 07       		.byte	0x7
 2891 05a8 0402     		.2byte	0x204
 2892 05aa 81000000 		.4byte	0x81
ARM GAS  C:\Users\ADSTRU~1\AppData\Local\Temp\ccEcZ2Z6.s 			page 114


 2893 05ae 6D       		.byte	0x6d
 2894 05af 00       		.byte	0
 2895 05b0 0D       		.uleb128 0xd
 2896 05b1 99000000 		.4byte	0x99
 2897 05b5 C0050000 		.4byte	0x5c0
 2898 05b9 0E       		.uleb128 0xe
 2899 05ba F8020000 		.4byte	0x2f8
 2900 05be 00       		.byte	0
 2901 05bf 00       		.byte	0
 2902 05c0 05       		.uleb128 0x5
 2903 05c1 71090000 		.4byte	.LASF91
 2904 05c5 07       		.byte	0x7
 2905 05c6 0502     		.2byte	0x205
 2906 05c8 AF040000 		.4byte	0x4af
 2907 05cc 10       		.uleb128 0x10
 2908 05cd 1C       		.byte	0x1c
 2909 05ce 07       		.byte	0x7
 2910 05cf 0B02     		.2byte	0x20b
 2911 05d1 4B060000 		.4byte	0x64b
 2912 05d5 0F       		.uleb128 0xf
 2913 05d6 E4070000 		.4byte	.LASF92
 2914 05da 07       		.byte	0x7
 2915 05db 1002     		.2byte	0x210
 2916 05dd 4B060000 		.4byte	0x64b
 2917 05e1 00       		.byte	0
 2918 05e2 0F       		.uleb128 0xf
 2919 05e3 B6060000 		.4byte	.LASF93
 2920 05e7 07       		.byte	0x7
 2921 05e8 1502     		.2byte	0x215
 2922 05ea 4B060000 		.4byte	0x64b
 2923 05ee 04       		.byte	0x4
 2924 05ef 0F       		.uleb128 0xf
 2925 05f0 57040000 		.4byte	.LASF94
 2926 05f4 07       		.byte	0x7
 2927 05f5 1A02     		.2byte	0x21a
 2928 05f7 4B060000 		.4byte	0x64b
 2929 05fb 08       		.byte	0x8
 2930 05fc 0F       		.uleb128 0xf
 2931 05fd DD090000 		.4byte	.LASF95
 2932 0601 07       		.byte	0x7
 2933 0602 1F02     		.2byte	0x21f
 2934 0604 4B060000 		.4byte	0x64b
 2935 0608 0C       		.byte	0xc
 2936 0609 0F       		.uleb128 0xf
 2937 060a C40C0000 		.4byte	.LASF96
 2938 060e 07       		.byte	0x7
 2939 060f 2402     		.2byte	0x224
 2940 0611 99000000 		.4byte	0x99
 2941 0615 10       		.byte	0x10
 2942 0616 0F       		.uleb128 0xf
 2943 0617 23080000 		.4byte	.LASF97
 2944 061b 07       		.byte	0x7
 2945 061c 2902     		.2byte	0x229
 2946 061e 99000000 		.4byte	0x99
 2947 0622 14       		.byte	0x14
 2948 0623 0F       		.uleb128 0xf
 2949 0624 B5050000 		.4byte	.LASF98
ARM GAS  C:\Users\ADSTRU~1\AppData\Local\Temp\ccEcZ2Z6.s 			page 115


 2950 0628 07       		.byte	0x7
 2951 0629 2E02     		.2byte	0x22e
 2952 062b 81000000 		.4byte	0x81
 2953 062f 18       		.byte	0x18
 2954 0630 0F       		.uleb128 0xf
 2955 0631 110B0000 		.4byte	.LASF99
 2956 0635 07       		.byte	0x7
 2957 0636 3302     		.2byte	0x233
 2958 0638 81000000 		.4byte	0x81
 2959 063c 19       		.byte	0x19
 2960 063d 0F       		.uleb128 0xf
 2961 063e 7B020000 		.4byte	.LASF100
 2962 0642 07       		.byte	0x7
 2963 0643 3802     		.2byte	0x238
 2964 0645 81000000 		.4byte	0x81
 2965 0649 1A       		.byte	0x1a
 2966 064a 00       		.byte	0
 2967 064b 07       		.uleb128 0x7
 2968 064c 04       		.byte	0x4
 2969 064d CB000000 		.4byte	0xcb
 2970 0651 05       		.uleb128 0x5
 2971 0652 82030000 		.4byte	.LASF101
 2972 0656 07       		.byte	0x7
 2973 0657 3902     		.2byte	0x239
 2974 0659 CC050000 		.4byte	0x5cc
 2975 065d 10       		.uleb128 0x10
 2976 065e 2C       		.byte	0x2c
 2977 065f 07       		.byte	0x7
 2978 0660 6C02     		.2byte	0x26c
 2979 0662 10070000 		.4byte	0x710
 2980 0666 0F       		.uleb128 0xf
 2981 0667 A90D0000 		.4byte	.LASF102
 2982 066b 07       		.byte	0x7
 2983 066c 7502     		.2byte	0x275
 2984 066e 10070000 		.4byte	0x710
 2985 0672 00       		.byte	0
 2986 0673 0F       		.uleb128 0xf
 2987 0674 2F0C0000 		.4byte	.LASF103
 2988 0678 07       		.byte	0x7
 2989 0679 7C02     		.2byte	0x27c
 2990 067b 17070000 		.4byte	0x717
 2991 067f 04       		.byte	0x4
 2992 0680 0F       		.uleb128 0xf
 2993 0681 ED080000 		.4byte	.LASF104
 2994 0685 07       		.byte	0x7
 2995 0686 8202     		.2byte	0x282
 2996 0688 19070000 		.4byte	0x719
 2997 068c 08       		.byte	0x8
 2998 068d 0F       		.uleb128 0xf
 2999 068e F4070000 		.4byte	.LASF105
 3000 0692 07       		.byte	0x7
 3001 0693 8802     		.2byte	0x288
 3002 0695 17070000 		.4byte	0x717
 3003 0699 0C       		.byte	0xc
 3004 069a 0F       		.uleb128 0xf
 3005 069b 540B0000 		.4byte	.LASF106
 3006 069f 07       		.byte	0x7
ARM GAS  C:\Users\ADSTRU~1\AppData\Local\Temp\ccEcZ2Z6.s 			page 116


 3007 06a0 8F02     		.2byte	0x28f
 3008 06a2 1F070000 		.4byte	0x71f
 3009 06a6 10       		.byte	0x10
 3010 06a7 0F       		.uleb128 0xf
 3011 06a8 030C0000 		.4byte	.LASF107
 3012 06ac 07       		.byte	0x7
 3013 06ad 9402     		.2byte	0x294
 3014 06af 99000000 		.4byte	0x99
 3015 06b3 14       		.byte	0x14
 3016 06b4 0F       		.uleb128 0xf
 3017 06b5 D9040000 		.4byte	.LASF108
 3018 06b9 07       		.byte	0x7
 3019 06ba 9B02     		.2byte	0x29b
 3020 06bc 8D000000 		.4byte	0x8d
 3021 06c0 18       		.byte	0x18
 3022 06c1 0F       		.uleb128 0xf
 3023 06c2 BA030000 		.4byte	.LASF109
 3024 06c6 07       		.byte	0x7
 3025 06c7 A202     		.2byte	0x2a2
 3026 06c9 81000000 		.4byte	0x81
 3027 06cd 1A       		.byte	0x1a
 3028 06ce 0F       		.uleb128 0xf
 3029 06cf CA060000 		.4byte	.LASF110
 3030 06d3 07       		.byte	0x7
 3031 06d4 AC02     		.2byte	0x2ac
 3032 06d6 81000000 		.4byte	0x81
 3033 06da 1B       		.byte	0x1b
 3034 06db 0F       		.uleb128 0xf
 3035 06dc 42090000 		.4byte	.LASF111
 3036 06e0 07       		.byte	0x7
 3037 06e1 B102     		.2byte	0x2b1
 3038 06e3 8D000000 		.4byte	0x8d
 3039 06e7 1C       		.byte	0x1c
 3040 06e8 0F       		.uleb128 0xf
 3041 06e9 7B0B0000 		.4byte	.LASF112
 3042 06ed 07       		.byte	0x7
 3043 06ee BA02     		.2byte	0x2ba
 3044 06f0 99000000 		.4byte	0x99
 3045 06f4 20       		.byte	0x20
 3046 06f5 0F       		.uleb128 0xf
 3047 06f6 AB030000 		.4byte	.LASF113
 3048 06fa 07       		.byte	0x7
 3049 06fb C202     		.2byte	0x2c2
 3050 06fd 25070000 		.4byte	0x725
 3051 0701 24       		.byte	0x24
 3052 0702 0F       		.uleb128 0xf
 3053 0703 FB010000 		.4byte	.LASF114
 3054 0707 07       		.byte	0x7
 3055 0708 C702     		.2byte	0x2c7
 3056 070a 81000000 		.4byte	0x81
 3057 070e 28       		.byte	0x28
 3058 070f 00       		.byte	0
 3059 0710 07       		.uleb128 0x7
 3060 0711 04       		.byte	0x4
 3061 0712 16070000 		.4byte	0x716
 3062 0716 12       		.uleb128 0x12
 3063 0717 13       		.uleb128 0x13
ARM GAS  C:\Users\ADSTRU~1\AppData\Local\Temp\ccEcZ2Z6.s 			page 117


 3064 0718 04       		.byte	0x4
 3065 0719 07       		.uleb128 0x7
 3066 071a 04       		.byte	0x4
 3067 071b 70040000 		.4byte	0x470
 3068 071f 07       		.uleb128 0x7
 3069 0720 04       		.byte	0x4
 3070 0721 81000000 		.4byte	0x81
 3071 0725 07       		.uleb128 0x7
 3072 0726 04       		.byte	0x4
 3073 0727 02020000 		.4byte	0x202
 3074 072b 05       		.uleb128 0x5
 3075 072c 95040000 		.4byte	.LASF115
 3076 0730 07       		.byte	0x7
 3077 0731 C802     		.2byte	0x2c8
 3078 0733 5D060000 		.4byte	0x65d
 3079 0737 10       		.uleb128 0x10
 3080 0738 2C       		.byte	0x2c
 3081 0739 07       		.byte	0x7
 3082 073a CE02     		.2byte	0x2ce
 3083 073c 4E070000 		.4byte	0x74e
 3084 0740 0F       		.uleb128 0xf
 3085 0741 2E0F0000 		.4byte	.LASF116
 3086 0745 07       		.byte	0x7
 3087 0746 D302     		.2byte	0x2d3
 3088 0748 4E070000 		.4byte	0x74e
 3089 074c 00       		.byte	0
 3090 074d 00       		.byte	0
 3091 074e 0D       		.uleb128 0xd
 3092 074f 2B070000 		.4byte	0x72b
 3093 0753 5E070000 		.4byte	0x75e
 3094 0757 0E       		.uleb128 0xe
 3095 0758 F8020000 		.4byte	0x2f8
 3096 075c 00       		.byte	0
 3097 075d 00       		.byte	0
 3098 075e 05       		.uleb128 0x5
 3099 075f 2B070000 		.4byte	.LASF117
 3100 0763 07       		.byte	0x7
 3101 0764 D402     		.2byte	0x2d4
 3102 0766 37070000 		.4byte	0x737
 3103 076a 02       		.uleb128 0x2
 3104 076b 08       		.byte	0x8
 3105 076c 04       		.byte	0x4
 3106 076d A6080000 		.4byte	.LASF118
 3107 0771 0B       		.uleb128 0xb
 3108 0772 01       		.byte	0x1
 3109 0773 2C000000 		.4byte	0x2c
 3110 0777 08       		.byte	0x8
 3111 0778 43       		.byte	0x43
 3112 0779 9C070000 		.4byte	0x79c
 3113 077d 0C       		.uleb128 0xc
 3114 077e 17070000 		.4byte	.LASF119
 3115 0782 00       		.byte	0
 3116 0783 0C       		.uleb128 0xc
 3117 0784 22060000 		.4byte	.LASF120
 3118 0788 01       		.byte	0x1
 3119 0789 0C       		.uleb128 0xc
 3120 078a 99050000 		.4byte	.LASF121
ARM GAS  C:\Users\ADSTRU~1\AppData\Local\Temp\ccEcZ2Z6.s 			page 118


 3121 078e 02       		.byte	0x2
 3122 078f 0C       		.uleb128 0xc
 3123 0790 8A0E0000 		.4byte	.LASF122
 3124 0794 03       		.byte	0x3
 3125 0795 0C       		.uleb128 0xc
 3126 0796 F9000000 		.4byte	.LASF123
 3127 079a 04       		.byte	0x4
 3128 079b 00       		.byte	0
 3129 079c 03       		.uleb128 0x3
 3130 079d 44080000 		.4byte	.LASF124
 3131 07a1 08       		.byte	0x8
 3132 07a2 49       		.byte	0x49
 3133 07a3 71070000 		.4byte	0x771
 3134 07a7 09       		.uleb128 0x9
 3135 07a8 08       		.byte	0x8
 3136 07a9 08       		.byte	0x8
 3137 07aa CF       		.byte	0xcf
 3138 07ab C8070000 		.4byte	0x7c8
 3139 07af 0A       		.uleb128 0xa
 3140 07b0 140A0000 		.4byte	.LASF125
 3141 07b4 08       		.byte	0x8
 3142 07b5 D4       		.byte	0xd4
 3143 07b6 99000000 		.4byte	0x99
 3144 07ba 00       		.byte	0
 3145 07bb 0A       		.uleb128 0xa
 3146 07bc 04080000 		.4byte	.LASF126
 3147 07c0 08       		.byte	0x8
 3148 07c1 D9       		.byte	0xd9
 3149 07c2 99000000 		.4byte	0x99
 3150 07c6 04       		.byte	0x4
 3151 07c7 00       		.byte	0
 3152 07c8 03       		.uleb128 0x3
 3153 07c9 A00B0000 		.4byte	.LASF127
 3154 07cd 08       		.byte	0x8
 3155 07ce DA       		.byte	0xda
 3156 07cf A7070000 		.4byte	0x7a7
 3157 07d3 14       		.uleb128 0x14
 3158 07d4 C1040000 		.4byte	.LASF130
 3159 07d8 01       		.byte	0x1
 3160 07d9 3B0A     		.2byte	0xa3b
 3161 07db 81000000 		.4byte	0x81
 3162 07df 00000000 		.4byte	.LFB23
 3163 07e3 84000000 		.4byte	.LFE23-.LFB23
 3164 07e7 01       		.uleb128 0x1
 3165 07e8 9C       		.byte	0x9c
 3166 07e9 1E080000 		.4byte	0x81e
 3167 07ed 15       		.uleb128 0x15
 3168 07ee 580E0000 		.4byte	.LASF128
 3169 07f2 01       		.byte	0x1
 3170 07f3 3B0A     		.2byte	0xa3b
 3171 07f5 99000000 		.4byte	0x99
 3172 07f9 00000000 		.4byte	.LLST0
 3173 07fd 15       		.uleb128 0x15
 3174 07fe C7050000 		.4byte	.LASF129
 3175 0802 01       		.byte	0x1
 3176 0803 3B0A     		.2byte	0xa3b
 3177 0805 99000000 		.4byte	0x99
ARM GAS  C:\Users\ADSTRU~1\AppData\Local\Temp\ccEcZ2Z6.s 			page 119


 3178 0809 2C000000 		.4byte	.LLST1
 3179 080d 16       		.uleb128 0x16
 3180 080e C3030000 		.4byte	.LASF132
 3181 0812 01       		.byte	0x1
 3182 0813 3D0A     		.2byte	0xa3d
 3183 0815 81000000 		.4byte	0x81
 3184 0819 58000000 		.4byte	.LLST2
 3185 081d 00       		.byte	0
 3186 081e 14       		.uleb128 0x14
 3187 081f 5C020000 		.4byte	.LASF131
 3188 0823 01       		.byte	0x1
 3189 0824 870A     		.2byte	0xa87
 3190 0826 81000000 		.4byte	0x81
 3191 082a 00000000 		.4byte	.LFB24
 3192 082e 42000000 		.4byte	.LFE24-.LFB24
 3193 0832 01       		.uleb128 0x1
 3194 0833 9C       		.byte	0x9c
 3195 0834 89080000 		.4byte	0x889
 3196 0838 15       		.uleb128 0x15
 3197 0839 580E0000 		.4byte	.LASF128
 3198 083d 01       		.byte	0x1
 3199 083e 870A     		.2byte	0xa87
 3200 0840 99000000 		.4byte	0x99
 3201 0844 77000000 		.4byte	.LLST3
 3202 0848 15       		.uleb128 0x15
 3203 0849 C3030000 		.4byte	.LASF132
 3204 084d 01       		.byte	0x1
 3205 084e 870A     		.2byte	0xa87
 3206 0850 81000000 		.4byte	0x81
 3207 0854 BC000000 		.4byte	.LLST4
 3208 0858 16       		.uleb128 0x16
 3209 0859 23010000 		.4byte	.LASF133
 3210 085d 01       		.byte	0x1
 3211 085e 890A     		.2byte	0xa89
 3212 0860 99000000 		.4byte	0x99
 3213 0864 F6000000 		.4byte	.LLST5
 3214 0868 16       		.uleb128 0x16
 3215 0869 77010000 		.4byte	.LASF134
 3216 086d 01       		.byte	0x1
 3217 086e 8A0A     		.2byte	0xa8a
 3218 0870 99000000 		.4byte	0x99
 3219 0874 20010000 		.4byte	.LLST6
 3220 0878 16       		.uleb128 0x16
 3221 0879 B60D0000 		.4byte	.LASF135
 3222 087d 01       		.byte	0x1
 3223 087e 8B0A     		.2byte	0xa8b
 3224 0880 99000000 		.4byte	0x99
 3225 0884 49010000 		.4byte	.LLST7
 3226 0888 00       		.byte	0
 3227 0889 17       		.uleb128 0x17
 3228 088a 9E010000 		.4byte	.LASF236
 3229 088e 01       		.byte	0x1
 3230 088f EC       		.byte	0xec
 3231 0890 99000000 		.4byte	0x99
 3232 0894 00000000 		.4byte	.LFB1
 3233 0898 10000000 		.4byte	.LFE1-.LFB1
 3234 089c 01       		.uleb128 0x1
ARM GAS  C:\Users\ADSTRU~1\AppData\Local\Temp\ccEcZ2Z6.s 			page 120


 3235 089d 9C       		.byte	0x9c
 3236 089e 18       		.uleb128 0x18
 3237 089f E3090000 		.4byte	.LASF138
 3238 08a3 01       		.byte	0x1
 3239 08a4 1A01     		.2byte	0x11a
 3240 08a6 BA000000 		.4byte	0xba
 3241 08aa 00000000 		.4byte	.LFB2
 3242 08ae 40000000 		.4byte	.LFE2-.LFB2
 3243 08b2 01       		.uleb128 0x1
 3244 08b3 9C       		.byte	0x9c
 3245 08b4 E2080000 		.4byte	0x8e2
 3246 08b8 15       		.uleb128 0x15
 3247 08b9 A60E0000 		.4byte	.LASF136
 3248 08bd 01       		.byte	0x1
 3249 08be 1A01     		.2byte	0x11a
 3250 08c0 99000000 		.4byte	0x99
 3251 08c4 5C010000 		.4byte	.LLST8
 3252 08c8 16       		.uleb128 0x16
 3253 08c9 7D0E0000 		.4byte	.LASF137
 3254 08cd 01       		.byte	0x1
 3255 08ce 1C01     		.2byte	0x11c
 3256 08d0 BA000000 		.4byte	0xba
 3257 08d4 7D010000 		.4byte	.LLST9
 3258 08d8 19       		.uleb128 0x19
 3259 08d9 38000000 		.4byte	.LVL27
 3260 08dd 43140000 		.4byte	0x1443
 3261 08e1 00       		.byte	0
 3262 08e2 18       		.uleb128 0x18
 3263 08e3 41070000 		.4byte	.LASF139
 3264 08e7 01       		.byte	0x1
 3265 08e8 6D01     		.2byte	0x16d
 3266 08ea BA000000 		.4byte	0xba
 3267 08ee 00000000 		.4byte	.LFB3
 3268 08f2 2C000000 		.4byte	.LFE3-.LFB3
 3269 08f6 01       		.uleb128 0x1
 3270 08f7 9C       		.byte	0x9c
 3271 08f8 16090000 		.4byte	0x916
 3272 08fc 16       		.uleb128 0x16
 3273 08fd 36000000 		.4byte	.LASF140
 3274 0901 01       		.byte	0x1
 3275 0902 6F01     		.2byte	0x16f
 3276 0904 BA000000 		.4byte	0xba
 3277 0908 9B010000 		.4byte	.LLST10
 3278 090c 19       		.uleb128 0x19
 3279 090d 16000000 		.4byte	.LVL30
 3280 0911 4F140000 		.4byte	0x144f
 3281 0915 00       		.byte	0
 3282 0916 18       		.uleb128 0x18
 3283 0917 AC0C0000 		.4byte	.LASF141
 3284 091b 01       		.byte	0x1
 3285 091c AB01     		.2byte	0x1ab
 3286 091e BA000000 		.4byte	0xba
 3287 0922 00000000 		.4byte	.LFB4
 3288 0926 3C000000 		.4byte	.LFE4-.LFB4
 3289 092a 01       		.uleb128 0x1
 3290 092b 9C       		.byte	0x9c
 3291 092c 6E090000 		.4byte	0x96e
ARM GAS  C:\Users\ADSTRU~1\AppData\Local\Temp\ccEcZ2Z6.s 			page 121


 3292 0930 16       		.uleb128 0x16
 3293 0931 36000000 		.4byte	.LASF140
 3294 0935 01       		.byte	0x1
 3295 0936 AD01     		.2byte	0x1ad
 3296 0938 BA000000 		.4byte	0xba
 3297 093c BA010000 		.4byte	.LLST11
 3298 0940 16       		.uleb128 0x16
 3299 0941 77080000 		.4byte	.LASF142
 3300 0945 01       		.byte	0x1
 3301 0946 AF01     		.2byte	0x1af
 3302 0948 99000000 		.4byte	0x99
 3303 094c 08020000 		.4byte	.LLST12
 3304 0950 1A       		.uleb128 0x1a
 3305 0951 18000000 		.4byte	.LVL35
 3306 0955 9E080000 		.4byte	0x89e
 3307 0959 64090000 		.4byte	0x964
 3308 095d 1B       		.uleb128 0x1b
 3309 095e 01       		.uleb128 0x1
 3310 095f 50       		.byte	0x50
 3311 0960 02       		.uleb128 0x2
 3312 0961 74       		.byte	0x74
 3313 0962 00       		.sleb128 0
 3314 0963 00       		.byte	0
 3315 0964 19       		.uleb128 0x19
 3316 0965 26000000 		.4byte	.LVL36
 3317 0969 E2080000 		.4byte	0x8e2
 3318 096d 00       		.byte	0
 3319 096e 18       		.uleb128 0x18
 3320 096f 5B000000 		.4byte	.LASF143
 3321 0973 01       		.byte	0x1
 3322 0974 1702     		.2byte	0x217
 3323 0976 BA000000 		.4byte	0xba
 3324 097a 00000000 		.4byte	.LFB5
 3325 097e 58000000 		.4byte	.LFE5-.LFB5
 3326 0982 01       		.uleb128 0x1
 3327 0983 9C       		.byte	0x9c
 3328 0984 C2090000 		.4byte	0x9c2
 3329 0988 15       		.uleb128 0x15
 3330 0989 A60E0000 		.4byte	.LASF136
 3331 098d 01       		.byte	0x1
 3332 098e 1702     		.2byte	0x217
 3333 0990 99000000 		.4byte	0x99
 3334 0994 1B020000 		.4byte	.LLST13
 3335 0998 15       		.uleb128 0x15
 3336 0999 0A020000 		.4byte	.LASF144
 3337 099d 01       		.byte	0x1
 3338 099e 1702     		.2byte	0x217
 3339 09a0 99000000 		.4byte	0x99
 3340 09a4 3C020000 		.4byte	.LLST14
 3341 09a8 16       		.uleb128 0x16
 3342 09a9 7D0E0000 		.4byte	.LASF137
 3343 09ad 01       		.byte	0x1
 3344 09ae 1902     		.2byte	0x219
 3345 09b0 BA000000 		.4byte	0xba
 3346 09b4 5D020000 		.4byte	.LLST15
 3347 09b8 19       		.uleb128 0x19
 3348 09b9 4A000000 		.4byte	.LVL42
ARM GAS  C:\Users\ADSTRU~1\AppData\Local\Temp\ccEcZ2Z6.s 			page 122


 3349 09bd 5B140000 		.4byte	0x145b
 3350 09c1 00       		.byte	0
 3351 09c2 18       		.uleb128 0x18
 3352 09c3 B7070000 		.4byte	.LASF145
 3353 09c7 01       		.byte	0x1
 3354 09c8 8102     		.2byte	0x281
 3355 09ca BA000000 		.4byte	0xba
 3356 09ce 00000000 		.4byte	.LFB6
 3357 09d2 2C000000 		.4byte	.LFE6-.LFB6
 3358 09d6 01       		.uleb128 0x1
 3359 09d7 9C       		.byte	0x9c
 3360 09d8 F6090000 		.4byte	0x9f6
 3361 09dc 16       		.uleb128 0x16
 3362 09dd 36000000 		.4byte	.LASF140
 3363 09e1 01       		.byte	0x1
 3364 09e2 8302     		.2byte	0x283
 3365 09e4 BA000000 		.4byte	0xba
 3366 09e8 7B020000 		.4byte	.LLST16
 3367 09ec 19       		.uleb128 0x19
 3368 09ed 16000000 		.4byte	.LVL45
 3369 09f1 67140000 		.4byte	0x1467
 3370 09f5 00       		.byte	0
 3371 09f6 1C       		.uleb128 0x1c
 3372 09f7 EE0B0000 		.4byte	.LASF152
 3373 09fb 01       		.byte	0x1
 3374 09fc 4803     		.2byte	0x348
 3375 09fe 00000000 		.4byte	.LFB8
 3376 0a02 9C000000 		.4byte	.LFE8-.LFB8
 3377 0a06 01       		.uleb128 0x1
 3378 0a07 9C       		.byte	0x9c
 3379 0a08 C00A0000 		.4byte	0xac0
 3380 0a0c 15       		.uleb128 0x15
 3381 0a0d A60E0000 		.4byte	.LASF136
 3382 0a11 01       		.byte	0x1
 3383 0a12 4803     		.2byte	0x348
 3384 0a14 99000000 		.4byte	0x99
 3385 0a18 9A020000 		.4byte	.LLST17
 3386 0a1c 15       		.uleb128 0x15
 3387 0a1d 22000000 		.4byte	.LASF146
 3388 0a21 01       		.byte	0x1
 3389 0a22 4803     		.2byte	0x348
 3390 0a24 99000000 		.4byte	0x99
 3391 0a28 BB020000 		.4byte	.LLST18
 3392 0a2c 15       		.uleb128 0x15
 3393 0a2d 8E0C0000 		.4byte	.LASF147
 3394 0a31 01       		.byte	0x1
 3395 0a32 4803     		.2byte	0x348
 3396 0a34 99000000 		.4byte	0x99
 3397 0a38 DC020000 		.4byte	.LLST19
 3398 0a3c 1D       		.uleb128 0x1d
 3399 0a3d AE040000 		.4byte	.LASF148
 3400 0a41 01       		.byte	0x1
 3401 0a42 4A03     		.2byte	0x34a
 3402 0a44 99000000 		.4byte	0x99
 3403 0a48 01       		.byte	0x1
 3404 0a49 16       		.uleb128 0x16
 3405 0a4a A20C0000 		.4byte	.LASF149
ARM GAS  C:\Users\ADSTRU~1\AppData\Local\Temp\ccEcZ2Z6.s 			page 123


 3406 0a4e 01       		.byte	0x1
 3407 0a4f 4B03     		.2byte	0x34b
 3408 0a51 99000000 		.4byte	0x99
 3409 0a55 08030000 		.4byte	.LLST20
 3410 0a59 16       		.uleb128 0x16
 3411 0a5a 14010000 		.4byte	.LASF150
 3412 0a5e 01       		.byte	0x1
 3413 0a5f 4C03     		.2byte	0x34c
 3414 0a61 81000000 		.4byte	0x81
 3415 0a65 27030000 		.4byte	.LLST21
 3416 0a69 16       		.uleb128 0x16
 3417 0a6a 1A0C0000 		.4byte	.LASF151
 3418 0a6e 01       		.byte	0x1
 3419 0a6f 4D03     		.2byte	0x34d
 3420 0a71 C00A0000 		.4byte	0xac0
 3421 0a75 50030000 		.4byte	.LLST22
 3422 0a79 19       		.uleb128 0x19
 3423 0a7a 1C000000 		.4byte	.LVL52
 3424 0a7e 73140000 		.4byte	0x1473
 3425 0a82 19       		.uleb128 0x19
 3426 0a83 3C000000 		.4byte	.LVL53
 3427 0a87 7E140000 		.4byte	0x147e
 3428 0a8b 19       		.uleb128 0x19
 3429 0a8c 4E000000 		.4byte	.LVL54
 3430 0a90 73140000 		.4byte	0x1473
 3431 0a94 19       		.uleb128 0x19
 3432 0a95 6E000000 		.4byte	.LVL55
 3433 0a99 7E140000 		.4byte	0x147e
 3434 0a9d 19       		.uleb128 0x19
 3435 0a9e 74000000 		.4byte	.LVL56
 3436 0aa2 73140000 		.4byte	0x1473
 3437 0aa6 19       		.uleb128 0x19
 3438 0aa7 86000000 		.4byte	.LVL57
 3439 0aab 7E140000 		.4byte	0x147e
 3440 0aaf 1E       		.uleb128 0x1e
 3441 0ab0 8E000000 		.4byte	.LVL58
 3442 0ab4 89140000 		.4byte	0x1489
 3443 0ab8 1B       		.uleb128 0x1b
 3444 0ab9 01       		.uleb128 0x1
 3445 0aba 50       		.byte	0x50
 3446 0abb 02       		.uleb128 0x2
 3447 0abc 74       		.byte	0x74
 3448 0abd 00       		.sleb128 0
 3449 0abe 00       		.byte	0
 3450 0abf 00       		.byte	0
 3451 0ac0 07       		.uleb128 0x7
 3452 0ac1 04       		.byte	0x4
 3453 0ac2 C60A0000 		.4byte	0xac6
 3454 0ac6 1F       		.uleb128 0x1f
 3455 0ac7 51060000 		.4byte	0x651
 3456 0acb 1C       		.uleb128 0x1c
 3457 0acc 85090000 		.4byte	.LASF153
 3458 0ad0 01       		.byte	0x1
 3459 0ad1 8E04     		.2byte	0x48e
 3460 0ad3 00000000 		.4byte	.LFB11
 3461 0ad7 80000000 		.4byte	.LFE11-.LFB11
 3462 0adb 01       		.uleb128 0x1
ARM GAS  C:\Users\ADSTRU~1\AppData\Local\Temp\ccEcZ2Z6.s 			page 124


 3463 0adc 9C       		.byte	0x9c
 3464 0add 740B0000 		.4byte	0xb74
 3465 0ae1 15       		.uleb128 0x15
 3466 0ae2 8E0C0000 		.4byte	.LASF147
 3467 0ae6 01       		.byte	0x1
 3468 0ae7 8E04     		.2byte	0x48e
 3469 0ae9 99000000 		.4byte	0x99
 3470 0aed 63030000 		.4byte	.LLST23
 3471 0af1 16       		.uleb128 0x16
 3472 0af2 14010000 		.4byte	.LASF150
 3473 0af6 01       		.byte	0x1
 3474 0af7 9004     		.2byte	0x490
 3475 0af9 81000000 		.4byte	0x81
 3476 0afd 84030000 		.4byte	.LLST24
 3477 0b01 16       		.uleb128 0x16
 3478 0b02 52020000 		.4byte	.LASF154
 3479 0b06 01       		.byte	0x1
 3480 0b07 9204     		.2byte	0x492
 3481 0b09 99000000 		.4byte	0x99
 3482 0b0d 97030000 		.4byte	.LLST25
 3483 0b11 16       		.uleb128 0x16
 3484 0b12 69040000 		.4byte	.LASF155
 3485 0b16 01       		.byte	0x1
 3486 0b17 9404     		.2byte	0x494
 3487 0b19 99000000 		.4byte	0x99
 3488 0b1d B6030000 		.4byte	.LLST26
 3489 0b21 16       		.uleb128 0x16
 3490 0b22 F3030000 		.4byte	.LASF156
 3491 0b26 01       		.byte	0x1
 3492 0b27 9504     		.2byte	0x495
 3493 0b29 99000000 		.4byte	0x99
 3494 0b2d D5030000 		.4byte	.LLST27
 3495 0b31 16       		.uleb128 0x16
 3496 0b32 89050000 		.4byte	.LASF157
 3497 0b36 01       		.byte	0x1
 3498 0b37 9704     		.2byte	0x497
 3499 0b39 99000000 		.4byte	0x99
 3500 0b3d F4030000 		.4byte	.LLST28
 3501 0b41 16       		.uleb128 0x16
 3502 0b42 66070000 		.4byte	.LASF158
 3503 0b46 01       		.byte	0x1
 3504 0b47 9804     		.2byte	0x498
 3505 0b49 99000000 		.4byte	0x99
 3506 0b4d 1E040000 		.4byte	.LLST29
 3507 0b51 16       		.uleb128 0x16
 3508 0b52 45030000 		.4byte	.LASF159
 3509 0b56 01       		.byte	0x1
 3510 0b57 9A04     		.2byte	0x49a
 3511 0b59 C00A0000 		.4byte	0xac0
 3512 0b5d 31040000 		.4byte	.LLST30
 3513 0b61 19       		.uleb128 0x19
 3514 0b62 34000000 		.4byte	.LVL69
 3515 0b66 73140000 		.4byte	0x1473
 3516 0b6a 19       		.uleb128 0x19
 3517 0b6b 6C000000 		.4byte	.LVL80
 3518 0b6f 7E140000 		.4byte	0x147e
 3519 0b73 00       		.byte	0
ARM GAS  C:\Users\ADSTRU~1\AppData\Local\Temp\ccEcZ2Z6.s 			page 125


 3520 0b74 20       		.uleb128 0x20
 3521 0b75 8B0D0000 		.4byte	.LASF237
 3522 0b79 01       		.byte	0x1
 3523 0b7a 2405     		.2byte	0x524
 3524 0b7c 00000000 		.4byte	.LFB12
 3525 0b80 02000000 		.4byte	.LFE12-.LFB12
 3526 0b84 01       		.uleb128 0x1
 3527 0b85 9C       		.byte	0x9c
 3528 0b86 1C       		.uleb128 0x1c
 3529 0b87 4E090000 		.4byte	.LASF160
 3530 0b8b 01       		.byte	0x1
 3531 0b8c 7105     		.2byte	0x571
 3532 0b8e 00000000 		.4byte	.LFB13
 3533 0b92 08000000 		.4byte	.LFE13-.LFB13
 3534 0b96 01       		.uleb128 0x1
 3535 0b97 9C       		.byte	0x9c
 3536 0b98 BE0B0000 		.4byte	0xbbe
 3537 0b9c 15       		.uleb128 0x15
 3538 0b9d F6060000 		.4byte	.LASF161
 3539 0ba1 01       		.byte	0x1
 3540 0ba2 7105     		.2byte	0x571
 3541 0ba4 DC000000 		.4byte	0xdc
 3542 0ba8 44040000 		.4byte	.LLST31
 3543 0bac 1E       		.uleb128 0x1e
 3544 0bad 06000000 		.4byte	.LVL88
 3545 0bb1 95140000 		.4byte	0x1495
 3546 0bb5 1B       		.uleb128 0x1b
 3547 0bb6 01       		.uleb128 0x1
 3548 0bb7 50       		.byte	0x50
 3549 0bb8 03       		.uleb128 0x3
 3550 0bb9 F3       		.byte	0xf3
 3551 0bba 01       		.uleb128 0x1
 3552 0bbb 50       		.byte	0x50
 3553 0bbc 00       		.byte	0
 3554 0bbd 00       		.byte	0
 3555 0bbe 1C       		.uleb128 0x1c
 3556 0bbf B7010000 		.4byte	.LASF162
 3557 0bc3 01       		.byte	0x1
 3558 0bc4 8805     		.2byte	0x588
 3559 0bc6 00000000 		.4byte	.LFB14
 3560 0bca 30000000 		.4byte	.LFE14-.LFB14
 3561 0bce 01       		.uleb128 0x1
 3562 0bcf 9C       		.byte	0x9c
 3563 0bd0 E50B0000 		.4byte	0xbe5
 3564 0bd4 15       		.uleb128 0x15
 3565 0bd5 62040000 		.4byte	.LASF163
 3566 0bd9 01       		.byte	0x1
 3567 0bda 8805     		.2byte	0x588
 3568 0bdc 99000000 		.4byte	0x99
 3569 0be0 65040000 		.4byte	.LLST32
 3570 0be4 00       		.byte	0
 3571 0be5 1C       		.uleb128 0x1c
 3572 0be6 51060000 		.4byte	.LASF164
 3573 0bea 01       		.byte	0x1
 3574 0beb CC05     		.2byte	0x5cc
 3575 0bed 00000000 		.4byte	.LFB15
 3576 0bf1 14000000 		.4byte	.LFE15-.LFB15
ARM GAS  C:\Users\ADSTRU~1\AppData\Local\Temp\ccEcZ2Z6.s 			page 126


 3577 0bf5 01       		.uleb128 0x1
 3578 0bf6 9C       		.byte	0x9c
 3579 0bf7 1C0C0000 		.4byte	0xc1c
 3580 0bfb 15       		.uleb128 0x15
 3581 0bfc CE0C0000 		.4byte	.LASF57
 3582 0c00 01       		.byte	0x1
 3583 0c01 CC05     		.2byte	0x5cc
 3584 0c03 99000000 		.4byte	0x99
 3585 0c07 93040000 		.4byte	.LLST33
 3586 0c0b 16       		.uleb128 0x16
 3587 0c0c C10D0000 		.4byte	.LASF165
 3588 0c10 01       		.byte	0x1
 3589 0c11 CF05     		.2byte	0x5cf
 3590 0c13 99000000 		.4byte	0x99
 3591 0c17 C1040000 		.4byte	.LLST34
 3592 0c1b 00       		.byte	0
 3593 0c1c 1C       		.uleb128 0x1c
 3594 0c1d 28080000 		.4byte	.LASF166
 3595 0c21 01       		.byte	0x1
 3596 0c22 2006     		.2byte	0x620
 3597 0c24 00000000 		.4byte	.LFB16
 3598 0c28 12000000 		.4byte	.LFE16-.LFB16
 3599 0c2c 01       		.uleb128 0x1
 3600 0c2d 9C       		.byte	0x9c
 3601 0c2e 780C0000 		.4byte	0xc78
 3602 0c32 15       		.uleb128 0x15
 3603 0c33 CE0C0000 		.4byte	.LASF57
 3604 0c37 01       		.byte	0x1
 3605 0c38 2006     		.2byte	0x620
 3606 0c3a 99000000 		.4byte	0x99
 3607 0c3e EA040000 		.4byte	.LLST35
 3608 0c42 15       		.uleb128 0x15
 3609 0c43 62040000 		.4byte	.LASF163
 3610 0c47 01       		.byte	0x1
 3611 0c48 2006     		.2byte	0x620
 3612 0c4a 99000000 		.4byte	0x99
 3613 0c4e 16050000 		.4byte	.LLST36
 3614 0c52 1A       		.uleb128 0x1a
 3615 0c53 0A000000 		.4byte	.LVL100
 3616 0c57 BE0B0000 		.4byte	0xbbe
 3617 0c5b 670C0000 		.4byte	0xc67
 3618 0c5f 1B       		.uleb128 0x1b
 3619 0c60 01       		.uleb128 0x1
 3620 0c61 50       		.byte	0x50
 3621 0c62 03       		.uleb128 0x3
 3622 0c63 F3       		.byte	0xf3
 3623 0c64 01       		.uleb128 0x1
 3624 0c65 51       		.byte	0x51
 3625 0c66 00       		.byte	0
 3626 0c67 1E       		.uleb128 0x1e
 3627 0c68 10000000 		.4byte	.LVL101
 3628 0c6c E50B0000 		.4byte	0xbe5
 3629 0c70 1B       		.uleb128 0x1b
 3630 0c71 01       		.uleb128 0x1
 3631 0c72 50       		.byte	0x50
 3632 0c73 02       		.uleb128 0x2
 3633 0c74 74       		.byte	0x74
ARM GAS  C:\Users\ADSTRU~1\AppData\Local\Temp\ccEcZ2Z6.s 			page 127


 3634 0c75 00       		.sleb128 0
 3635 0c76 00       		.byte	0
 3636 0c77 00       		.byte	0
 3637 0c78 18       		.uleb128 0x18
 3638 0c79 09060000 		.4byte	.LASF167
 3639 0c7d 01       		.byte	0x1
 3640 0c7e 5406     		.2byte	0x654
 3641 0c80 BA000000 		.4byte	0xba
 3642 0c84 00000000 		.4byte	.LFB17
 3643 0c88 1A000000 		.4byte	.LFE17-.LFB17
 3644 0c8c 01       		.uleb128 0x1
 3645 0c8d 9C       		.byte	0x9c
 3646 0c8e CA0C0000 		.4byte	0xcca
 3647 0c92 15       		.uleb128 0x15
 3648 0c93 A60E0000 		.4byte	.LASF136
 3649 0c97 01       		.byte	0x1
 3650 0c98 5406     		.2byte	0x654
 3651 0c9a 99000000 		.4byte	0x99
 3652 0c9e 37050000 		.4byte	.LLST37
 3653 0ca2 16       		.uleb128 0x16
 3654 0ca3 FE060000 		.4byte	.LASF168
 3655 0ca7 01       		.byte	0x1
 3656 0ca8 5606     		.2byte	0x656
 3657 0caa BA000000 		.4byte	0xba
 3658 0cae 79050000 		.4byte	.LLST38
 3659 0cb2 1E       		.uleb128 0x1e
 3660 0cb3 18000000 		.4byte	.LVL109
 3661 0cb7 A0140000 		.4byte	0x14a0
 3662 0cbb 1B       		.uleb128 0x1b
 3663 0cbc 01       		.uleb128 0x1
 3664 0cbd 50       		.byte	0x50
 3665 0cbe 03       		.uleb128 0x3
 3666 0cbf F3       		.byte	0xf3
 3667 0cc0 01       		.uleb128 0x1
 3668 0cc1 50       		.byte	0x50
 3669 0cc2 1B       		.uleb128 0x1b
 3670 0cc3 01       		.uleb128 0x1
 3671 0cc4 51       		.byte	0x51
 3672 0cc5 02       		.uleb128 0x2
 3673 0cc6 08       		.byte	0x8
 3674 0cc7 55       		.byte	0x55
 3675 0cc8 00       		.byte	0
 3676 0cc9 00       		.byte	0
 3677 0cca 18       		.uleb128 0x18
 3678 0ccb 81010000 		.4byte	.LASF169
 3679 0ccf 01       		.byte	0x1
 3680 0cd0 C906     		.2byte	0x6c9
 3681 0cd2 BA000000 		.4byte	0xba
 3682 0cd6 00000000 		.4byte	.LFB18
 3683 0cda 1A000000 		.4byte	.LFE18-.LFB18
 3684 0cde 01       		.uleb128 0x1
 3685 0cdf 9C       		.byte	0x9c
 3686 0ce0 150D0000 		.4byte	0xd15
 3687 0ce4 16       		.uleb128 0x16
 3688 0ce5 FE060000 		.4byte	.LASF168
 3689 0ce9 01       		.byte	0x1
 3690 0cea CB06     		.2byte	0x6cb
ARM GAS  C:\Users\ADSTRU~1\AppData\Local\Temp\ccEcZ2Z6.s 			page 128


 3691 0cec BA000000 		.4byte	0xba
 3692 0cf0 A3050000 		.4byte	.LLST39
 3693 0cf4 16       		.uleb128 0x16
 3694 0cf5 77080000 		.4byte	.LASF142
 3695 0cf9 01       		.byte	0x1
 3696 0cfa CC06     		.2byte	0x6cc
 3697 0cfc 99000000 		.4byte	0x99
 3698 0d00 CD050000 		.4byte	.LLST40
 3699 0d04 1E       		.uleb128 0x1e
 3700 0d05 0E000000 		.4byte	.LVL112
 3701 0d09 780C0000 		.4byte	0xc78
 3702 0d0d 1B       		.uleb128 0x1b
 3703 0d0e 01       		.uleb128 0x1
 3704 0d0f 50       		.byte	0x50
 3705 0d10 02       		.uleb128 0x2
 3706 0d11 74       		.byte	0x74
 3707 0d12 00       		.sleb128 0
 3708 0d13 00       		.byte	0
 3709 0d14 00       		.byte	0
 3710 0d15 18       		.uleb128 0x18
 3711 0d16 00000000 		.4byte	.LASF170
 3712 0d1a 01       		.byte	0x1
 3713 0d1b E80A     		.2byte	0xae8
 3714 0d1d 99000000 		.4byte	0x99
 3715 0d21 00000000 		.4byte	.LFB25
 3716 0d25 14000000 		.4byte	.LFE25-.LFB25
 3717 0d29 01       		.uleb128 0x1
 3718 0d2a 9C       		.byte	0x9c
 3719 0d2b 5C0D0000 		.4byte	0xd5c
 3720 0d2f 15       		.uleb128 0x15
 3721 0d30 A60E0000 		.4byte	.LASF136
 3722 0d34 01       		.byte	0x1
 3723 0d35 E80A     		.2byte	0xae8
 3724 0d37 99000000 		.4byte	0x99
 3725 0d3b EC050000 		.4byte	.LLST41
 3726 0d3f 21       		.uleb128 0x21
 3727 0d40 2B0B0000 		.4byte	.LASF171
 3728 0d44 01       		.byte	0x1
 3729 0d45 EA0A     		.2byte	0xaea
 3730 0d47 99000000 		.4byte	0x99
 3731 0d4b 01       		.uleb128 0x1
 3732 0d4c 50       		.byte	0x50
 3733 0d4d 21       		.uleb128 0x21
 3734 0d4e 13020000 		.4byte	.LASF172
 3735 0d52 01       		.byte	0x1
 3736 0d53 EE0A     		.2byte	0xaee
 3737 0d55 5C0D0000 		.4byte	0xd5c
 3738 0d59 01       		.uleb128 0x1
 3739 0d5a 53       		.byte	0x53
 3740 0d5b 00       		.byte	0
 3741 0d5c 07       		.uleb128 0x7
 3742 0d5d 04       		.byte	0x4
 3743 0d5e FF020000 		.4byte	0x2ff
 3744 0d62 18       		.uleb128 0x18
 3745 0d63 33040000 		.4byte	.LASF173
 3746 0d67 01       		.byte	0x1
 3747 0d68 400B     		.2byte	0xb40
ARM GAS  C:\Users\ADSTRU~1\AppData\Local\Temp\ccEcZ2Z6.s 			page 129


 3748 0d6a 81000000 		.4byte	0x81
 3749 0d6e 00000000 		.4byte	.LFB26
 3750 0d72 24000000 		.4byte	.LFE26-.LFB26
 3751 0d76 01       		.uleb128 0x1
 3752 0d77 9C       		.byte	0x9c
 3753 0d78 B80D0000 		.4byte	0xdb8
 3754 0d7c 15       		.uleb128 0x15
 3755 0d7d 580E0000 		.4byte	.LASF128
 3756 0d81 01       		.byte	0x1
 3757 0d82 400B     		.2byte	0xb40
 3758 0d84 99000000 		.4byte	0x99
 3759 0d88 0D060000 		.4byte	.LLST42
 3760 0d8c 22       		.uleb128 0x22
 3761 0d8d F7050000 		.4byte	.LASF48
 3762 0d91 01       		.byte	0x1
 3763 0d92 400B     		.2byte	0xb40
 3764 0d94 99000000 		.4byte	0x99
 3765 0d98 01       		.uleb128 0x1
 3766 0d99 51       		.byte	0x51
 3767 0d9a 16       		.uleb128 0x16
 3768 0d9b 000B0000 		.4byte	.LASF174
 3769 0d9f 01       		.byte	0x1
 3770 0da0 420B     		.2byte	0xb42
 3771 0da2 99000000 		.4byte	0x99
 3772 0da6 47060000 		.4byte	.LLST43
 3773 0daa 1D       		.uleb128 0x1d
 3774 0dab 660E0000 		.4byte	.LASF175
 3775 0daf 01       		.byte	0x1
 3776 0db0 430B     		.2byte	0xb43
 3777 0db2 99000000 		.4byte	0x99
 3778 0db6 01       		.byte	0x1
 3779 0db7 00       		.byte	0
 3780 0db8 23       		.uleb128 0x23
 3781 0db9 24020000 		.4byte	.LASF201
 3782 0dbd 01       		.byte	0x1
 3783 0dbe 9909     		.2byte	0x999
 3784 0dc0 00000000 		.4byte	.LFB22
 3785 0dc4 3A000000 		.4byte	.LFE22-.LFB22
 3786 0dc8 01       		.uleb128 0x1
 3787 0dc9 9C       		.byte	0x9c
 3788 0dca 9D0E0000 		.4byte	0xe9d
 3789 0dce 15       		.uleb128 0x15
 3790 0dcf 77080000 		.4byte	.LASF142
 3791 0dd3 01       		.byte	0x1
 3792 0dd4 9909     		.2byte	0x999
 3793 0dd6 99000000 		.4byte	0x99
 3794 0dda 5A060000 		.4byte	.LLST44
 3795 0dde 15       		.uleb128 0x15
 3796 0ddf 13020000 		.4byte	.LASF172
 3797 0de3 01       		.byte	0x1
 3798 0de4 9909     		.2byte	0x999
 3799 0de6 5C0D0000 		.4byte	0xd5c
 3800 0dea 7B060000 		.4byte	.LLST45
 3801 0dee 16       		.uleb128 0x16
 3802 0def C3030000 		.4byte	.LASF132
 3803 0df3 01       		.byte	0x1
 3804 0df4 9B09     		.2byte	0x99b
ARM GAS  C:\Users\ADSTRU~1\AppData\Local\Temp\ccEcZ2Z6.s 			page 130


 3805 0df6 81000000 		.4byte	0x81
 3806 0dfa A7060000 		.4byte	.LLST46
 3807 0dfe 16       		.uleb128 0x16
 3808 0dff 23010000 		.4byte	.LASF133
 3809 0e03 01       		.byte	0x1
 3810 0e04 9C09     		.2byte	0x99c
 3811 0e06 81000000 		.4byte	0x81
 3812 0e0a C5060000 		.4byte	.LLST47
 3813 0e0e 16       		.uleb128 0x16
 3814 0e0f C7050000 		.4byte	.LASF129
 3815 0e13 01       		.byte	0x1
 3816 0e14 A009     		.2byte	0x9a0
 3817 0e16 99000000 		.4byte	0x99
 3818 0e1a D8060000 		.4byte	.LLST48
 3819 0e1e 16       		.uleb128 0x16
 3820 0e1f 580E0000 		.4byte	.LASF128
 3821 0e23 01       		.byte	0x1
 3822 0e24 A209     		.2byte	0x9a2
 3823 0e26 99000000 		.4byte	0x99
 3824 0e2a F6060000 		.4byte	.LLST49
 3825 0e2e 1A       		.uleb128 0x1a
 3826 0e2f 08000000 		.4byte	.LVL128
 3827 0e33 150D0000 		.4byte	0xd15
 3828 0e37 430E0000 		.4byte	0xe43
 3829 0e3b 1B       		.uleb128 0x1b
 3830 0e3c 01       		.uleb128 0x1
 3831 0e3d 50       		.byte	0x50
 3832 0e3e 03       		.uleb128 0x3
 3833 0e3f F3       		.byte	0xf3
 3834 0e40 01       		.uleb128 0x1
 3835 0e41 50       		.byte	0x50
 3836 0e42 00       		.byte	0
 3837 0e43 1A       		.uleb128 0x1a
 3838 0e44 12000000 		.4byte	.LVL130
 3839 0e48 AC140000 		.4byte	0x14ac
 3840 0e4c 5C0E0000 		.4byte	0xe5c
 3841 0e50 1B       		.uleb128 0x1b
 3842 0e51 01       		.uleb128 0x1
 3843 0e52 50       		.byte	0x50
 3844 0e53 02       		.uleb128 0x2
 3845 0e54 75       		.byte	0x75
 3846 0e55 00       		.sleb128 0
 3847 0e56 1B       		.uleb128 0x1b
 3848 0e57 01       		.uleb128 0x1
 3849 0e58 52       		.byte	0x52
 3850 0e59 01       		.uleb128 0x1
 3851 0e5a 30       		.byte	0x30
 3852 0e5b 00       		.byte	0
 3853 0e5c 1A       		.uleb128 0x1a
 3854 0e5d 1A000000 		.4byte	.LVL133
 3855 0e61 D3070000 		.4byte	0x7d3
 3856 0e65 700E0000 		.4byte	0xe70
 3857 0e69 1B       		.uleb128 0x1b
 3858 0e6a 01       		.uleb128 0x1
 3859 0e6b 50       		.byte	0x50
 3860 0e6c 02       		.uleb128 0x2
 3861 0e6d 75       		.byte	0x75
ARM GAS  C:\Users\ADSTRU~1\AppData\Local\Temp\ccEcZ2Z6.s 			page 131


 3862 0e6e 00       		.sleb128 0
 3863 0e6f 00       		.byte	0
 3864 0e70 1A       		.uleb128 0x1a
 3865 0e71 26000000 		.4byte	.LVL136
 3866 0e75 620D0000 		.4byte	0xd62
 3867 0e79 860E0000 		.4byte	0xe86
 3868 0e7d 1B       		.uleb128 0x1b
 3869 0e7e 01       		.uleb128 0x1
 3870 0e7f 50       		.byte	0x50
 3871 0e80 04       		.uleb128 0x4
 3872 0e81 75       		.byte	0x75
 3873 0e82 00       		.sleb128 0
 3874 0e83 31       		.byte	0x31
 3875 0e84 24       		.byte	0x24
 3876 0e85 00       		.byte	0
 3877 0e86 1E       		.uleb128 0x1e
 3878 0e87 30000000 		.4byte	.LVL138
 3879 0e8b 1E080000 		.4byte	0x81e
 3880 0e8f 1B       		.uleb128 0x1b
 3881 0e90 01       		.uleb128 0x1
 3882 0e91 50       		.byte	0x50
 3883 0e92 02       		.uleb128 0x2
 3884 0e93 75       		.byte	0x75
 3885 0e94 00       		.sleb128 0
 3886 0e95 1B       		.uleb128 0x1b
 3887 0e96 01       		.uleb128 0x1
 3888 0e97 51       		.byte	0x51
 3889 0e98 02       		.uleb128 0x2
 3890 0e99 74       		.byte	0x74
 3891 0e9a 00       		.sleb128 0
 3892 0e9b 00       		.byte	0
 3893 0e9c 00       		.byte	0
 3894 0e9d 24       		.uleb128 0x24
 3895 0e9e 13030000 		.4byte	.LASF176
 3896 0ea2 01       		.byte	0x1
 3897 0ea3 F406     		.2byte	0x6f4
 3898 0ea5 BA000000 		.4byte	0xba
 3899 0ea9 00000000 		.4byte	.LFB19
 3900 0ead 60010000 		.4byte	.LFE19-.LFB19
 3901 0eb1 01       		.uleb128 0x1
 3902 0eb2 9C       		.byte	0x9c
 3903 0eb3 13100000 		.4byte	0x1013
 3904 0eb7 15       		.uleb128 0x15
 3905 0eb8 A60E0000 		.4byte	.LASF136
 3906 0ebc 01       		.byte	0x1
 3907 0ebd F406     		.2byte	0x6f4
 3908 0ebf 99000000 		.4byte	0x99
 3909 0ec3 14070000 		.4byte	.LLST50
 3910 0ec7 16       		.uleb128 0x16
 3911 0ec8 02040000 		.4byte	.LASF177
 3912 0ecc 01       		.byte	0x1
 3913 0ecd F606     		.2byte	0x6f6
 3914 0ecf BA000000 		.4byte	0xba
 3915 0ed3 40070000 		.4byte	.LLST51
 3916 0ed7 16       		.uleb128 0x16
 3917 0ed8 81080000 		.4byte	.LASF178
 3918 0edc 01       		.byte	0x1
ARM GAS  C:\Users\ADSTRU~1\AppData\Local\Temp\ccEcZ2Z6.s 			page 132


 3919 0edd F806     		.2byte	0x6f8
 3920 0edf 99000000 		.4byte	0x99
 3921 0ee3 6A070000 		.4byte	.LLST52
 3922 0ee7 16       		.uleb128 0x16
 3923 0ee8 C6000000 		.4byte	.LASF179
 3924 0eec 01       		.byte	0x1
 3925 0eed F906     		.2byte	0x6f9
 3926 0eef 99000000 		.4byte	0x99
 3927 0ef3 89070000 		.4byte	.LLST53
 3928 0ef7 16       		.uleb128 0x16
 3929 0ef8 530C0000 		.4byte	.LASF180
 3930 0efc 01       		.byte	0x1
 3931 0efd FA06     		.2byte	0x6fa
 3932 0eff 99000000 		.4byte	0x99
 3933 0f03 A7070000 		.4byte	.LLST54
 3934 0f07 16       		.uleb128 0x16
 3935 0f08 1C0A0000 		.4byte	.LASF181
 3936 0f0c 01       		.byte	0x1
 3937 0f0d FB06     		.2byte	0x6fb
 3938 0f0f 99000000 		.4byte	0x99
 3939 0f13 F7070000 		.4byte	.LLST55
 3940 0f17 21       		.uleb128 0x21
 3941 0f18 0A050000 		.4byte	.LASF182
 3942 0f1c 01       		.byte	0x1
 3943 0f1d FD06     		.2byte	0x6fd
 3944 0f1f 9A010000 		.4byte	0x19a
 3945 0f23 02       		.uleb128 0x2
 3946 0f24 91       		.byte	0x91
 3947 0f25 4C       		.sleb128 -52
 3948 0f26 16       		.uleb128 0x16
 3949 0f27 CD0D0000 		.4byte	.LASF183
 3950 0f2b 01       		.byte	0x1
 3951 0f2c FF06     		.2byte	0x6ff
 3952 0f2e 99000000 		.4byte	0x99
 3953 0f32 26080000 		.4byte	.LLST56
 3954 0f36 16       		.uleb128 0x16
 3955 0f37 30000000 		.4byte	.LASF184
 3956 0f3b 01       		.byte	0x1
 3957 0f3c 0007     		.2byte	0x700
 3958 0f3e 99000000 		.4byte	0x99
 3959 0f42 5B080000 		.4byte	.LLST57
 3960 0f46 16       		.uleb128 0x16
 3961 0f47 D70B0000 		.4byte	.LASF185
 3962 0f4b 01       		.byte	0x1
 3963 0f4c 0107     		.2byte	0x701
 3964 0f4e 99000000 		.4byte	0x99
 3965 0f52 86080000 		.4byte	.LLST58
 3966 0f56 16       		.uleb128 0x16
 3967 0f57 33010000 		.4byte	.LASF186
 3968 0f5b 01       		.byte	0x1
 3969 0f5c 0807     		.2byte	0x708
 3970 0f5e 13100000 		.4byte	0x1013
 3971 0f62 BB080000 		.4byte	.LLST59
 3972 0f66 16       		.uleb128 0x16
 3973 0f67 E5000000 		.4byte	.LASF187
 3974 0f6b 01       		.byte	0x1
 3975 0f6c 0907     		.2byte	0x709
ARM GAS  C:\Users\ADSTRU~1\AppData\Local\Temp\ccEcZ2Z6.s 			page 133


 3976 0f6e 5C0D0000 		.4byte	0xd5c
 3977 0f72 CE080000 		.4byte	.LLST60
 3978 0f76 16       		.uleb128 0x16
 3979 0f77 D6050000 		.4byte	.LASF188
 3980 0f7b 01       		.byte	0x1
 3981 0f7c 0A07     		.2byte	0x70a
 3982 0f7e 19070000 		.4byte	0x719
 3983 0f82 E1080000 		.4byte	.LLST61
 3984 0f86 1A       		.uleb128 0x1a
 3985 0f87 84000000 		.4byte	.LVL161
 3986 0f8b A0140000 		.4byte	0x14a0
 3987 0f8f A00F0000 		.4byte	0xfa0
 3988 0f93 1B       		.uleb128 0x1b
 3989 0f94 01       		.uleb128 0x1
 3990 0f95 50       		.byte	0x50
 3991 0f96 02       		.uleb128 0x2
 3992 0f97 75       		.byte	0x75
 3993 0f98 00       		.sleb128 0
 3994 0f99 1B       		.uleb128 0x1b
 3995 0f9a 01       		.uleb128 0x1
 3996 0f9b 51       		.byte	0x51
 3997 0f9c 02       		.uleb128 0x2
 3998 0f9d 08       		.byte	0x8
 3999 0f9e 55       		.byte	0x55
 4000 0f9f 00       		.byte	0
 4001 0fa0 1A       		.uleb128 0x1a
 4002 0fa1 E0000000 		.4byte	.LVL173
 4003 0fa5 B8140000 		.4byte	0x14b8
 4004 0fa9 B40F0000 		.4byte	0xfb4
 4005 0fad 1B       		.uleb128 0x1b
 4006 0fae 01       		.uleb128 0x1
 4007 0faf 50       		.byte	0x50
 4008 0fb0 02       		.uleb128 0x2
 4009 0fb1 77       		.byte	0x77
 4010 0fb2 00       		.sleb128 0
 4011 0fb3 00       		.byte	0
 4012 0fb4 1A       		.uleb128 0x1a
 4013 0fb5 02010000 		.4byte	.LVL178
 4014 0fb9 A0140000 		.4byte	0x14a0
 4015 0fbd CE0F0000 		.4byte	0xfce
 4016 0fc1 1B       		.uleb128 0x1b
 4017 0fc2 01       		.uleb128 0x1
 4018 0fc3 50       		.byte	0x50
 4019 0fc4 02       		.uleb128 0x2
 4020 0fc5 75       		.byte	0x75
 4021 0fc6 00       		.sleb128 0
 4022 0fc7 1B       		.uleb128 0x1b
 4023 0fc8 01       		.uleb128 0x1
 4024 0fc9 51       		.byte	0x51
 4025 0fca 02       		.uleb128 0x2
 4026 0fcb 08       		.byte	0x8
 4027 0fcc 55       		.byte	0x55
 4028 0fcd 00       		.byte	0
 4029 0fce 1A       		.uleb128 0x1a
 4030 0fcf 1C010000 		.4byte	.LVL179
 4031 0fd3 C3140000 		.4byte	0x14c3
 4032 0fd7 E20F0000 		.4byte	0xfe2
ARM GAS  C:\Users\ADSTRU~1\AppData\Local\Temp\ccEcZ2Z6.s 			page 134


 4033 0fdb 1B       		.uleb128 0x1b
 4034 0fdc 01       		.uleb128 0x1
 4035 0fdd 50       		.byte	0x50
 4036 0fde 02       		.uleb128 0x2
 4037 0fdf 77       		.byte	0x77
 4038 0fe0 00       		.sleb128 0
 4039 0fe1 00       		.byte	0
 4040 0fe2 1A       		.uleb128 0x1a
 4041 0fe3 26010000 		.4byte	.LVL180
 4042 0fe7 B80D0000 		.4byte	0xdb8
 4043 0feb FC0F0000 		.4byte	0xffc
 4044 0fef 1B       		.uleb128 0x1b
 4045 0ff0 01       		.uleb128 0x1
 4046 0ff1 50       		.byte	0x50
 4047 0ff2 02       		.uleb128 0x2
 4048 0ff3 75       		.byte	0x75
 4049 0ff4 00       		.sleb128 0
 4050 0ff5 1B       		.uleb128 0x1b
 4051 0ff6 01       		.uleb128 0x1
 4052 0ff7 51       		.byte	0x51
 4053 0ff8 02       		.uleb128 0x2
 4054 0ff9 74       		.byte	0x74
 4055 0ffa 00       		.sleb128 0
 4056 0ffb 00       		.byte	0
 4057 0ffc 1E       		.uleb128 0x1e
 4058 0ffd 2E010000 		.4byte	.LVL181
 4059 1001 A0140000 		.4byte	0x14a0
 4060 1005 1B       		.uleb128 0x1b
 4061 1006 01       		.uleb128 0x1
 4062 1007 50       		.byte	0x50
 4063 1008 02       		.uleb128 0x2
 4064 1009 75       		.byte	0x75
 4065 100a 00       		.sleb128 0
 4066 100b 1B       		.uleb128 0x1b
 4067 100c 01       		.uleb128 0x1
 4068 100d 51       		.byte	0x51
 4069 100e 02       		.uleb128 0x2
 4070 100f 08       		.byte	0x8
 4071 1010 55       		.byte	0x55
 4072 1011 00       		.byte	0
 4073 1012 00       		.byte	0
 4074 1013 07       		.uleb128 0x7
 4075 1014 04       		.byte	0x4
 4076 1015 19100000 		.4byte	0x1019
 4077 1019 1F       		.uleb128 0x1f
 4078 101a 2B070000 		.4byte	0x72b
 4079 101e 18       		.uleb128 0x18
 4080 101f E3050000 		.4byte	.LASF189
 4081 1023 01       		.byte	0x1
 4082 1024 FF07     		.2byte	0x7ff
 4083 1026 BA000000 		.4byte	0xba
 4084 102a 00000000 		.4byte	.LFB20
 4085 102e 1A000000 		.4byte	.LFE20-.LFB20
 4086 1032 01       		.uleb128 0x1
 4087 1033 9C       		.byte	0x9c
 4088 1034 69100000 		.4byte	0x1069
 4089 1038 16       		.uleb128 0x16
ARM GAS  C:\Users\ADSTRU~1\AppData\Local\Temp\ccEcZ2Z6.s 			page 135


 4090 1039 02040000 		.4byte	.LASF177
 4091 103d 01       		.byte	0x1
 4092 103e 0108     		.2byte	0x801
 4093 1040 BA000000 		.4byte	0xba
 4094 1044 F4080000 		.4byte	.LLST62
 4095 1048 16       		.uleb128 0x16
 4096 1049 77080000 		.4byte	.LASF142
 4097 104d 01       		.byte	0x1
 4098 104e 0208     		.2byte	0x802
 4099 1050 99000000 		.4byte	0x99
 4100 1054 1E090000 		.4byte	.LLST63
 4101 1058 1E       		.uleb128 0x1e
 4102 1059 0E000000 		.4byte	.LVL187
 4103 105d 9D0E0000 		.4byte	0xe9d
 4104 1061 1B       		.uleb128 0x1b
 4105 1062 01       		.uleb128 0x1
 4106 1063 50       		.byte	0x50
 4107 1064 02       		.uleb128 0x2
 4108 1065 74       		.byte	0x74
 4109 1066 00       		.sleb128 0
 4110 1067 00       		.byte	0
 4111 1068 00       		.byte	0
 4112 1069 1C       		.uleb128 0x1c
 4113 106a CD0E0000 		.4byte	.LASF190
 4114 106e 01       		.byte	0x1
 4115 106f 6409     		.2byte	0x964
 4116 1071 00000000 		.4byte	.LFB21
 4117 1075 24000000 		.4byte	.LFE21-.LFB21
 4118 1079 01       		.uleb128 0x1
 4119 107a 9C       		.byte	0x9c
 4120 107b B0100000 		.4byte	0x10b0
 4121 107f 16       		.uleb128 0x16
 4122 1080 77080000 		.4byte	.LASF142
 4123 1084 01       		.byte	0x1
 4124 1085 6609     		.2byte	0x966
 4125 1087 99000000 		.4byte	0x99
 4126 108b 3D090000 		.4byte	.LLST64
 4127 108f 16       		.uleb128 0x16
 4128 1090 13020000 		.4byte	.LASF172
 4129 1094 01       		.byte	0x1
 4130 1095 6709     		.2byte	0x967
 4131 1097 5C0D0000 		.4byte	0xd5c
 4132 109b 5C090000 		.4byte	.LLST65
 4133 109f 1E       		.uleb128 0x1e
 4134 10a0 16000000 		.4byte	.LVL195
 4135 10a4 B80D0000 		.4byte	0xdb8
 4136 10a8 1B       		.uleb128 0x1b
 4137 10a9 01       		.uleb128 0x1
 4138 10aa 50       		.byte	0x50
 4139 10ab 02       		.uleb128 0x2
 4140 10ac 74       		.byte	0x74
 4141 10ad 00       		.sleb128 0
 4142 10ae 00       		.byte	0
 4143 10af 00       		.byte	0
 4144 10b0 1C       		.uleb128 0x1c
 4145 10b1 44050000 		.4byte	.LASF191
 4146 10b5 01       		.byte	0x1
ARM GAS  C:\Users\ADSTRU~1\AppData\Local\Temp\ccEcZ2Z6.s 			page 136


 4147 10b6 7A0B     		.2byte	0xb7a
 4148 10b8 00000000 		.4byte	.LFB27
 4149 10bc D4000000 		.4byte	.LFE27-.LFB27
 4150 10c0 01       		.uleb128 0x1
 4151 10c1 9C       		.byte	0x9c
 4152 10c2 A9110000 		.4byte	0x11a9
 4153 10c6 15       		.uleb128 0x15
 4154 10c7 87040000 		.4byte	.LASF192
 4155 10cb 01       		.byte	0x1
 4156 10cc 7A0B     		.2byte	0xb7a
 4157 10ce 99000000 		.4byte	0x99
 4158 10d2 6F090000 		.4byte	.LLST66
 4159 10d6 16       		.uleb128 0x16
 4160 10d7 AE010000 		.4byte	.LASF193
 4161 10db 01       		.byte	0x1
 4162 10dc 7C0B     		.2byte	0xb7c
 4163 10de 99000000 		.4byte	0x99
 4164 10e2 9C090000 		.4byte	.LLST67
 4165 10e6 16       		.uleb128 0x16
 4166 10e7 2D010000 		.4byte	.LASF194
 4167 10eb 01       		.byte	0x1
 4168 10ec 7D0B     		.2byte	0xb7d
 4169 10ee 99000000 		.4byte	0x99
 4170 10f2 BB090000 		.4byte	.LLST68
 4171 10f6 16       		.uleb128 0x16
 4172 10f7 E7030000 		.4byte	.LASF195
 4173 10fb 01       		.byte	0x1
 4174 10fc 7E0B     		.2byte	0xb7e
 4175 10fe 99000000 		.4byte	0x99
 4176 1102 D9090000 		.4byte	.LLST69
 4177 1106 16       		.uleb128 0x16
 4178 1107 C10D0000 		.4byte	.LASF165
 4179 110b 01       		.byte	0x1
 4180 110c 7F0B     		.2byte	0xb7f
 4181 110e 99000000 		.4byte	0x99
 4182 1112 F7090000 		.4byte	.LLST70
 4183 1116 16       		.uleb128 0x16
 4184 1117 14010000 		.4byte	.LASF150
 4185 111b 01       		.byte	0x1
 4186 111c 800B     		.2byte	0xb80
 4187 111e 81000000 		.4byte	0x81
 4188 1122 620A0000 		.4byte	.LLST71
 4189 1126 19       		.uleb128 0x19
 4190 1127 38000000 		.4byte	.LVL203
 4191 112b 73140000 		.4byte	0x1473
 4192 112f 19       		.uleb128 0x19
 4193 1130 46000000 		.4byte	.LVL207
 4194 1134 7E140000 		.4byte	0x147e
 4195 1138 19       		.uleb128 0x19
 4196 1139 4A000000 		.4byte	.LVL208
 4197 113d 73140000 		.4byte	0x1473
 4198 1141 19       		.uleb128 0x19
 4199 1142 56000000 		.4byte	.LVL211
 4200 1146 7E140000 		.4byte	0x147e
 4201 114a 19       		.uleb128 0x19
 4202 114b 5A000000 		.4byte	.LVL212
 4203 114f 73140000 		.4byte	0x1473
ARM GAS  C:\Users\ADSTRU~1\AppData\Local\Temp\ccEcZ2Z6.s 			page 137


 4204 1153 19       		.uleb128 0x19
 4205 1154 6C000000 		.4byte	.LVL217
 4206 1158 7E140000 		.4byte	0x147e
 4207 115c 1A       		.uleb128 0x1a
 4208 115d 74000000 		.4byte	.LVL218
 4209 1161 CE140000 		.4byte	0x14ce
 4210 1165 72110000 		.4byte	0x1172
 4211 1169 1B       		.uleb128 0x1b
 4212 116a 01       		.uleb128 0x1
 4213 116b 50       		.byte	0x50
 4214 116c 04       		.uleb128 0x4
 4215 116d 7D       		.byte	0x7d
 4216 116e 04       		.sleb128 4
 4217 116f 94       		.byte	0x94
 4218 1170 02       		.byte	0x2
 4219 1171 00       		.byte	0
 4220 1172 19       		.uleb128 0x19
 4221 1173 78000000 		.4byte	.LVL219
 4222 1177 73140000 		.4byte	0x1473
 4223 117b 19       		.uleb128 0x19
 4224 117c 86000000 		.4byte	.LVL223
 4225 1180 7E140000 		.4byte	0x147e
 4226 1184 19       		.uleb128 0x19
 4227 1185 8A000000 		.4byte	.LVL224
 4228 1189 73140000 		.4byte	0x1473
 4229 118d 19       		.uleb128 0x19
 4230 118e 9A000000 		.4byte	.LVL228
 4231 1192 7E140000 		.4byte	0x147e
 4232 1196 19       		.uleb128 0x19
 4233 1197 9E000000 		.4byte	.LVL229
 4234 119b 73140000 		.4byte	0x1473
 4235 119f 19       		.uleb128 0x19
 4236 11a0 B0000000 		.4byte	.LVL233
 4237 11a4 7E140000 		.4byte	0x147e
 4238 11a8 00       		.byte	0
 4239 11a9 18       		.uleb128 0x18
 4240 11aa 8A060000 		.4byte	.LASF196
 4241 11ae 01       		.byte	0x1
 4242 11af 840C     		.2byte	0xc84
 4243 11b1 76000000 		.4byte	0x76
 4244 11b5 00000000 		.4byte	.LFB28
 4245 11b9 1C000000 		.4byte	.LFE28-.LFB28
 4246 11bd 01       		.uleb128 0x1
 4247 11be 9C       		.byte	0x9c
 4248 11bf 03120000 		.4byte	0x1203
 4249 11c3 15       		.uleb128 0x15
 4250 11c4 5D040000 		.4byte	.LASF197
 4251 11c8 01       		.byte	0x1
 4252 11c9 840C     		.2byte	0xc84
 4253 11cb 9C070000 		.4byte	0x79c
 4254 11cf AC0A0000 		.4byte	.LLST72
 4255 11d3 15       		.uleb128 0x15
 4256 11d4 8E0C0000 		.4byte	.LASF147
 4257 11d8 01       		.byte	0x1
 4258 11d9 840C     		.2byte	0xc84
 4259 11db 76000000 		.4byte	0x76
 4260 11df CD0A0000 		.4byte	.LLST73
ARM GAS  C:\Users\ADSTRU~1\AppData\Local\Temp\ccEcZ2Z6.s 			page 138


 4261 11e3 16       		.uleb128 0x16
 4262 11e4 2B0B0000 		.4byte	.LASF171
 4263 11e8 01       		.byte	0x1
 4264 11e9 860C     		.2byte	0xc86
 4265 11eb 76000000 		.4byte	0x76
 4266 11ef EE0A0000 		.4byte	.LLST74
 4267 11f3 1E       		.uleb128 0x1e
 4268 11f4 14000000 		.4byte	.LVL240
 4269 11f8 D9140000 		.4byte	0x14d9
 4270 11fc 1B       		.uleb128 0x1b
 4271 11fd 01       		.uleb128 0x1
 4272 11fe 50       		.byte	0x50
 4273 11ff 01       		.uleb128 0x1
 4274 1200 30       		.byte	0x30
 4275 1201 00       		.byte	0
 4276 1202 00       		.byte	0
 4277 1203 1C       		.uleb128 0x1c
 4278 1204 4F070000 		.4byte	.LASF198
 4279 1208 01       		.byte	0x1
 4280 1209 D90C     		.2byte	0xcd9
 4281 120b 00000000 		.4byte	.LFB29
 4282 120f 1C000000 		.4byte	.LFE29-.LFB29
 4283 1213 01       		.uleb128 0x1
 4284 1214 9C       		.byte	0x9c
 4285 1215 6C120000 		.4byte	0x126c
 4286 1219 15       		.uleb128 0x15
 4287 121a D8010000 		.4byte	.LASF199
 4288 121e 01       		.byte	0x1
 4289 121f D90C     		.2byte	0xcd9
 4290 1221 4B060000 		.4byte	0x64b
 4291 1225 190B0000 		.4byte	.LLST75
 4292 1229 15       		.uleb128 0x15
 4293 122a 23080000 		.4byte	.LASF97
 4294 122e 01       		.byte	0x1
 4295 122f D90C     		.2byte	0xcd9
 4296 1231 99000000 		.4byte	0x99
 4297 1235 450B0000 		.4byte	.LLST76
 4298 1239 15       		.uleb128 0x15
 4299 123a ED030000 		.4byte	.LASF200
 4300 123e 01       		.byte	0x1
 4301 123f D90C     		.2byte	0xcd9
 4302 1241 99000000 		.4byte	0x99
 4303 1245 710B0000 		.4byte	.LLST77
 4304 1249 16       		.uleb128 0x16
 4305 124a 14010000 		.4byte	.LASF150
 4306 124e 01       		.byte	0x1
 4307 124f DB0C     		.2byte	0xcdb
 4308 1251 81000000 		.4byte	0x81
 4309 1255 9D0B0000 		.4byte	.LLST78
 4310 1259 19       		.uleb128 0x19
 4311 125a 0C000000 		.4byte	.LVL243
 4312 125e 73140000 		.4byte	0x1473
 4313 1262 19       		.uleb128 0x19
 4314 1263 1A000000 		.4byte	.LVL245
 4315 1267 7E140000 		.4byte	0x147e
 4316 126b 00       		.byte	0
 4317 126c 23       		.uleb128 0x23
ARM GAS  C:\Users\ADSTRU~1\AppData\Local\Temp\ccEcZ2Z6.s 			page 139


 4318 126d 41000000 		.4byte	.LASF202
 4319 1271 01       		.byte	0x1
 4320 1272 B903     		.2byte	0x3b9
 4321 1274 00000000 		.4byte	.LFB9
 4322 1278 28000000 		.4byte	.LFE9-.LFB9
 4323 127c 01       		.uleb128 0x1
 4324 127d 9C       		.byte	0x9c
 4325 127e BF120000 		.4byte	0x12bf
 4326 1282 16       		.uleb128 0x16
 4327 1283 C10D0000 		.4byte	.LASF165
 4328 1287 01       		.byte	0x1
 4329 1288 BE03     		.2byte	0x3be
 4330 128a 99000000 		.4byte	0x99
 4331 128e B00B0000 		.4byte	.LLST79
 4332 1292 1A       		.uleb128 0x1a
 4333 1293 18000000 		.4byte	.LVL250
 4334 1297 03120000 		.4byte	0x1203
 4335 129b B5120000 		.4byte	0x12b5
 4336 129f 1B       		.uleb128 0x1b
 4337 12a0 01       		.uleb128 0x1
 4338 12a1 50       		.byte	0x50
 4339 12a2 05       		.uleb128 0x5
 4340 12a3 0C       		.byte	0xc
 4341 12a4 00040240 		.4byte	0x40020400
 4342 12a8 1B       		.uleb128 0x1b
 4343 12a9 01       		.uleb128 0x1
 4344 12aa 51       		.byte	0x51
 4345 12ab 03       		.uleb128 0x3
 4346 12ac 0A       		.byte	0xa
 4347 12ad 00F0     		.2byte	0xf000
 4348 12af 1B       		.uleb128 0x1b
 4349 12b0 01       		.uleb128 0x1
 4350 12b1 52       		.byte	0x52
 4351 12b2 01       		.uleb128 0x1
 4352 12b3 30       		.byte	0x30
 4353 12b4 00       		.byte	0
 4354 12b5 19       		.uleb128 0x19
 4355 12b6 1C000000 		.4byte	.LVL251
 4356 12ba E4140000 		.4byte	0x14e4
 4357 12be 00       		.byte	0
 4358 12bf 1C       		.uleb128 0x1c
 4359 12c0 D50C0000 		.4byte	.LASF203
 4360 12c4 01       		.byte	0x1
 4361 12c5 2B04     		.2byte	0x42b
 4362 12c7 00000000 		.4byte	.LFB10
 4363 12cb 3C000000 		.4byte	.LFE10-.LFB10
 4364 12cf 01       		.uleb128 0x1
 4365 12d0 9C       		.byte	0x9c
 4366 12d1 F8120000 		.4byte	0x12f8
 4367 12d5 15       		.uleb128 0x15
 4368 12d6 5D040000 		.4byte	.LASF197
 4369 12da 01       		.byte	0x1
 4370 12db 2B04     		.2byte	0x42b
 4371 12dd 38020000 		.4byte	0x238
 4372 12e1 C30B0000 		.4byte	.LLST80
 4373 12e5 19       		.uleb128 0x19
 4374 12e6 14000000 		.4byte	.LVL253
ARM GAS  C:\Users\ADSTRU~1\AppData\Local\Temp\ccEcZ2Z6.s 			page 140


 4375 12ea 6C120000 		.4byte	0x126c
 4376 12ee 19       		.uleb128 0x19
 4377 12ef 1C000000 		.4byte	.LVL254
 4378 12f3 F0140000 		.4byte	0x14f0
 4379 12f7 00       		.byte	0
 4380 12f8 18       		.uleb128 0x18
 4381 12f9 F8080000 		.4byte	.LASF204
 4382 12fd 01       		.byte	0x1
 4383 12fe C302     		.2byte	0x2c3
 4384 1300 BA000000 		.4byte	0xba
 4385 1304 00000000 		.4byte	.LFB7
 4386 1308 28000000 		.4byte	.LFE7-.LFB7
 4387 130c 01       		.uleb128 0x1
 4388 130d 9C       		.byte	0x9c
 4389 130e 5E130000 		.4byte	0x135e
 4390 1312 1D       		.uleb128 0x1d
 4391 1313 700D0000 		.4byte	.LASF205
 4392 1317 01       		.byte	0x1
 4393 1318 C502     		.2byte	0x2c5
 4394 131a BA000000 		.4byte	0xba
 4395 131e 00       		.byte	0
 4396 131f 19       		.uleb128 0x19
 4397 1320 06000000 		.4byte	.LVL256
 4398 1324 69100000 		.4byte	0x1069
 4399 1328 1A       		.uleb128 0x1a
 4400 1329 0C000000 		.4byte	.LVL257
 4401 132d CB0A0000 		.4byte	0xacb
 4402 1331 3B130000 		.4byte	0x133b
 4403 1335 1B       		.uleb128 0x1b
 4404 1336 01       		.uleb128 0x1
 4405 1337 50       		.byte	0x50
 4406 1338 01       		.uleb128 0x1
 4407 1339 30       		.byte	0x30
 4408 133a 00       		.byte	0
 4409 133b 1A       		.uleb128 0x1a
 4410 133c 1A000000 		.4byte	.LVL258
 4411 1340 BF120000 		.4byte	0x12bf
 4412 1344 4E130000 		.4byte	0x134e
 4413 1348 1B       		.uleb128 0x1b
 4414 1349 01       		.uleb128 0x1
 4415 134a 50       		.byte	0x50
 4416 134b 01       		.uleb128 0x1
 4417 134c 30       		.byte	0x30
 4418 134d 00       		.byte	0
 4419 134e 1E       		.uleb128 0x1e
 4420 134f 20000000 		.4byte	.LVL259
 4421 1353 BF120000 		.4byte	0x12bf
 4422 1357 1B       		.uleb128 0x1b
 4423 1358 01       		.uleb128 0x1
 4424 1359 50       		.byte	0x50
 4425 135a 01       		.uleb128 0x1
 4426 135b 31       		.byte	0x31
 4427 135c 00       		.byte	0
 4428 135d 00       		.byte	0
 4429 135e 25       		.uleb128 0x25
 4430 135f 77070000 		.4byte	.LASF206
 4431 1363 07       		.byte	0x7
ARM GAS  C:\Users\ADSTRU~1\AppData\Local\Temp\ccEcZ2Z6.s 			page 141


 4432 1364 6804     		.2byte	0x468
 4433 1366 C0050000 		.4byte	0x5c0
 4434 136a 25       		.uleb128 0x25
 4435 136b 2C0A0000 		.4byte	.LASF207
 4436 136f 07       		.byte	0x7
 4437 1370 6904     		.2byte	0x469
 4438 1372 76130000 		.4byte	0x1376
 4439 1376 1F       		.uleb128 0x1f
 4440 1377 5E070000 		.4byte	0x75e
 4441 137b 0D       		.uleb128 0xd
 4442 137c C60A0000 		.4byte	0xac6
 4443 1380 8B130000 		.4byte	0x138b
 4444 1384 0E       		.uleb128 0xe
 4445 1385 F8020000 		.4byte	0x2f8
 4446 1389 04       		.byte	0x4
 4447 138a 00       		.byte	0
 4448 138b 25       		.uleb128 0x25
 4449 138c 7B0D0000 		.4byte	.LASF208
 4450 1390 07       		.byte	0x7
 4451 1391 6A04     		.2byte	0x46a
 4452 1393 97130000 		.4byte	0x1397
 4453 1397 1F       		.uleb128 0x1f
 4454 1398 7B130000 		.4byte	0x137b
 4455 139c 26       		.uleb128 0x26
 4456 139d 73000000 		.4byte	.LASF209
 4457 13a1 01       		.byte	0x1
 4458 13a2 BC       		.byte	0xbc
 4459 13a3 C6000000 		.4byte	0xc6
 4460 13a7 05       		.uleb128 0x5
 4461 13a8 03       		.byte	0x3
 4462 13a9 00000000 		.4byte	CapSense_widgetIndex
 4463 13ad 26       		.uleb128 0x26
 4464 13ae 6D030000 		.4byte	.LASF210
 4465 13b2 01       		.byte	0x1
 4466 13b3 BD       		.byte	0xbd
 4467 13b4 C6000000 		.4byte	0xc6
 4468 13b8 05       		.uleb128 0x5
 4469 13b9 03       		.byte	0x3
 4470 13ba 00000000 		.4byte	CapSense_sensorIndex
 4471 13be 26       		.uleb128 0x26
 4472 13bf AF0E0000 		.4byte	.LASF211
 4473 13c3 01       		.byte	0x1
 4474 13c4 BE       		.byte	0xbe
 4475 13c5 81000000 		.4byte	0x81
 4476 13c9 05       		.uleb128 0x5
 4477 13ca 03       		.byte	0x3
 4478 13cb 00000000 		.4byte	CapSense_requestScanAllWidget
 4479 13cf 26       		.uleb128 0x26
 4480 13d0 090D0000 		.4byte	.LASF212
 4481 13d4 01       		.byte	0x1
 4482 13d5 C1       		.byte	0xc1
 4483 13d6 19070000 		.4byte	0x719
 4484 13da 05       		.uleb128 0x5
 4485 13db 03       		.byte	0x3
 4486 13dc 00000000 		.4byte	CapSense_curRamSnsPtr
 4487 13e0 26       		.uleb128 0x26
 4488 13e1 E40A0000 		.4byte	.LASF213
ARM GAS  C:\Users\ADSTRU~1\AppData\Local\Temp\ccEcZ2Z6.s 			page 142


 4489 13e5 01       		.byte	0x1
 4490 13e6 AF       		.byte	0xaf
 4491 13e7 38020000 		.4byte	0x238
 4492 13eb 05       		.uleb128 0x5
 4493 13ec 03       		.byte	0x3
 4494 13ed 00000000 		.4byte	CapSense_currentSenseMethod
 4495 13f1 26       		.uleb128 0x26
 4496 13f2 2B0D0000 		.4byte	.LASF214
 4497 13f6 01       		.byte	0x1
 4498 13f7 B8       		.byte	0xb8
 4499 13f8 02140000 		.4byte	0x1402
 4500 13fc 05       		.uleb128 0x5
 4501 13fd 03       		.byte	0x3
 4502 13fe 00000000 		.4byte	CapSense_scanFreqIndex
 4503 1402 1F       		.uleb128 0x1f
 4504 1403 81000000 		.4byte	0x81
 4505 1407 26       		.uleb128 0x26
 4506 1408 0E080000 		.4byte	.LASF215
 4507 140c 01       		.byte	0x1
 4508 140d D0       		.byte	0xd0
 4509 140e C00A0000 		.4byte	0xac0
 4510 1412 05       		.uleb128 0x5
 4511 1413 03       		.byte	0x3
 4512 1414 00000000 		.4byte	CapSense_curSnsIOPtr
 4513 1418 0D       		.uleb128 0xd
 4514 1419 28140000 		.4byte	0x1428
 4515 141d 28140000 		.4byte	0x1428
 4516 1421 0E       		.uleb128 0xe
 4517 1422 F8020000 		.4byte	0x2f8
 4518 1426 05       		.byte	0x5
 4519 1427 00       		.byte	0
 4520 1428 1F       		.uleb128 0x1f
 4521 1429 C8070000 		.4byte	0x7c8
 4522 142d 26       		.uleb128 0x26
 4523 142e FA0E0000 		.4byte	.LASF216
 4524 1432 01       		.byte	0x1
 4525 1433 D2       		.byte	0xd2
 4526 1434 3E140000 		.4byte	0x143e
 4527 1438 05       		.uleb128 0x5
 4528 1439 03       		.byte	0x3
 4529 143a 00000000 		.4byte	CapSense_idacGainTable
 4530 143e 1F       		.uleb128 0x1f
 4531 143f 18140000 		.4byte	0x1418
 4532 1443 27       		.uleb128 0x27
 4533 1444 2D030000 		.4byte	.LASF217
 4534 1448 2D030000 		.4byte	.LASF217
 4535 144c 09       		.byte	0x9
 4536 144d 8801     		.2byte	0x188
 4537 144f 27       		.uleb128 0x27
 4538 1450 600C0000 		.4byte	.LASF218
 4539 1454 600C0000 		.4byte	.LASF218
 4540 1458 09       		.byte	0x9
 4541 1459 8A01     		.2byte	0x18a
 4542 145b 27       		.uleb128 0x27
 4543 145c CC030000 		.4byte	.LASF219
 4544 1460 CC030000 		.4byte	.LASF219
 4545 1464 09       		.byte	0x9
ARM GAS  C:\Users\ADSTRU~1\AppData\Local\Temp\ccEcZ2Z6.s 			page 143


 4546 1465 8901     		.2byte	0x189
 4547 1467 27       		.uleb128 0x27
 4548 1468 470A0000 		.4byte	.LASF220
 4549 146c 470A0000 		.4byte	.LASF220
 4550 1470 09       		.byte	0x9
 4551 1471 8B01     		.2byte	0x18b
 4552 1473 28       		.uleb128 0x28
 4553 1474 F20C0000 		.4byte	.LASF221
 4554 1478 F20C0000 		.4byte	.LASF221
 4555 147c 0A       		.byte	0xa
 4556 147d F8       		.byte	0xf8
 4557 147e 28       		.uleb128 0x28
 4558 147f 26050000 		.4byte	.LASF222
 4559 1483 26050000 		.4byte	.LASF222
 4560 1487 0A       		.byte	0xa
 4561 1488 F9       		.byte	0xf9
 4562 1489 27       		.uleb128 0x27
 4563 148a 640B0000 		.4byte	.LASF223
 4564 148e 640B0000 		.4byte	.LASF223
 4565 1492 09       		.byte	0x9
 4566 1493 9101     		.2byte	0x191
 4567 1495 28       		.uleb128 0x28
 4568 1496 3F0B0000 		.4byte	.LASF224
 4569 149a 3F0B0000 		.4byte	.LASF224
 4570 149e 0B       		.byte	0xb
 4571 149f 18       		.byte	0x18
 4572 14a0 27       		.uleb128 0x27
 4573 14a1 F8090000 		.4byte	.LASF225
 4574 14a5 F8090000 		.4byte	.LASF225
 4575 14a9 09       		.byte	0x9
 4576 14aa 8E01     		.2byte	0x18e
 4577 14ac 27       		.uleb128 0x27
 4578 14ad 64050000 		.4byte	.LASF226
 4579 14b1 64050000 		.4byte	.LASF226
 4580 14b5 09       		.byte	0x9
 4581 14b6 AE01     		.2byte	0x1ae
 4582 14b8 28       		.uleb128 0x28
 4583 14b9 660A0000 		.4byte	.LASF227
 4584 14bd 660A0000 		.4byte	.LASF227
 4585 14c1 06       		.byte	0x6
 4586 14c2 B7       		.byte	0xb7
 4587 14c3 28       		.uleb128 0x28
 4588 14c4 4B010000 		.4byte	.LASF228
 4589 14c8 4B010000 		.4byte	.LASF228
 4590 14cc 06       		.byte	0x6
 4591 14cd B8       		.byte	0xb8
 4592 14ce 28       		.uleb128 0x28
 4593 14cf 61080000 		.4byte	.LASF229
 4594 14d3 61080000 		.4byte	.LASF229
 4595 14d7 0A       		.byte	0xa
 4596 14d8 ED       		.byte	0xed
 4597 14d9 28       		.uleb128 0x28
 4598 14da F2000000 		.4byte	.LASF230
 4599 14de F2000000 		.4byte	.LASF230
 4600 14e2 0A       		.byte	0xa
 4601 14e3 FA       		.byte	0xfa
 4602 14e4 27       		.uleb128 0x27
ARM GAS  C:\Users\ADSTRU~1\AppData\Local\Temp\ccEcZ2Z6.s 			page 144


 4603 14e5 25090000 		.4byte	.LASF231
 4604 14e9 25090000 		.4byte	.LASF231
 4605 14ed 09       		.byte	0x9
 4606 14ee A501     		.2byte	0x1a5
 4607 14f0 27       		.uleb128 0x27
 4608 14f1 D2060000 		.4byte	.LASF232
 4609 14f5 D2060000 		.4byte	.LASF232
 4610 14f9 09       		.byte	0x9
 4611 14fa A101     		.2byte	0x1a1
 4612 14fc 00       		.byte	0
 4613              		.section	.debug_abbrev,"",%progbits
 4614              	.Ldebug_abbrev0:
 4615 0000 01       		.uleb128 0x1
 4616 0001 11       		.uleb128 0x11
 4617 0002 01       		.byte	0x1
 4618 0003 25       		.uleb128 0x25
 4619 0004 0E       		.uleb128 0xe
 4620 0005 13       		.uleb128 0x13
 4621 0006 0B       		.uleb128 0xb
 4622 0007 03       		.uleb128 0x3
 4623 0008 0E       		.uleb128 0xe
 4624 0009 1B       		.uleb128 0x1b
 4625 000a 0E       		.uleb128 0xe
 4626 000b 55       		.uleb128 0x55
 4627 000c 17       		.uleb128 0x17
 4628 000d 11       		.uleb128 0x11
 4629 000e 01       		.uleb128 0x1
 4630 000f 10       		.uleb128 0x10
 4631 0010 17       		.uleb128 0x17
 4632 0011 00       		.byte	0
 4633 0012 00       		.byte	0
 4634 0013 02       		.uleb128 0x2
 4635 0014 24       		.uleb128 0x24
 4636 0015 00       		.byte	0
 4637 0016 0B       		.uleb128 0xb
 4638 0017 0B       		.uleb128 0xb
 4639 0018 3E       		.uleb128 0x3e
 4640 0019 0B       		.uleb128 0xb
 4641 001a 03       		.uleb128 0x3
 4642 001b 0E       		.uleb128 0xe
 4643 001c 00       		.byte	0
 4644 001d 00       		.byte	0
 4645 001e 03       		.uleb128 0x3
 4646 001f 16       		.uleb128 0x16
 4647 0020 00       		.byte	0
 4648 0021 03       		.uleb128 0x3
 4649 0022 0E       		.uleb128 0xe
 4650 0023 3A       		.uleb128 0x3a
 4651 0024 0B       		.uleb128 0xb
 4652 0025 3B       		.uleb128 0x3b
 4653 0026 0B       		.uleb128 0xb
 4654 0027 49       		.uleb128 0x49
 4655 0028 13       		.uleb128 0x13
 4656 0029 00       		.byte	0
 4657 002a 00       		.byte	0
 4658 002b 04       		.uleb128 0x4
 4659 002c 24       		.uleb128 0x24
ARM GAS  C:\Users\ADSTRU~1\AppData\Local\Temp\ccEcZ2Z6.s 			page 145


 4660 002d 00       		.byte	0
 4661 002e 0B       		.uleb128 0xb
 4662 002f 0B       		.uleb128 0xb
 4663 0030 3E       		.uleb128 0x3e
 4664 0031 0B       		.uleb128 0xb
 4665 0032 03       		.uleb128 0x3
 4666 0033 08       		.uleb128 0x8
 4667 0034 00       		.byte	0
 4668 0035 00       		.byte	0
 4669 0036 05       		.uleb128 0x5
 4670 0037 16       		.uleb128 0x16
 4671 0038 00       		.byte	0
 4672 0039 03       		.uleb128 0x3
 4673 003a 0E       		.uleb128 0xe
 4674 003b 3A       		.uleb128 0x3a
 4675 003c 0B       		.uleb128 0xb
 4676 003d 3B       		.uleb128 0x3b
 4677 003e 05       		.uleb128 0x5
 4678 003f 49       		.uleb128 0x49
 4679 0040 13       		.uleb128 0x13
 4680 0041 00       		.byte	0
 4681 0042 00       		.byte	0
 4682 0043 06       		.uleb128 0x6
 4683 0044 35       		.uleb128 0x35
 4684 0045 00       		.byte	0
 4685 0046 49       		.uleb128 0x49
 4686 0047 13       		.uleb128 0x13
 4687 0048 00       		.byte	0
 4688 0049 00       		.byte	0
 4689 004a 07       		.uleb128 0x7
 4690 004b 0F       		.uleb128 0xf
 4691 004c 00       		.byte	0
 4692 004d 0B       		.uleb128 0xb
 4693 004e 0B       		.uleb128 0xb
 4694 004f 49       		.uleb128 0x49
 4695 0050 13       		.uleb128 0x13
 4696 0051 00       		.byte	0
 4697 0052 00       		.byte	0
 4698 0053 08       		.uleb128 0x8
 4699 0054 15       		.uleb128 0x15
 4700 0055 00       		.byte	0
 4701 0056 27       		.uleb128 0x27
 4702 0057 19       		.uleb128 0x19
 4703 0058 00       		.byte	0
 4704 0059 00       		.byte	0
 4705 005a 09       		.uleb128 0x9
 4706 005b 13       		.uleb128 0x13
 4707 005c 01       		.byte	0x1
 4708 005d 0B       		.uleb128 0xb
 4709 005e 0B       		.uleb128 0xb
 4710 005f 3A       		.uleb128 0x3a
 4711 0060 0B       		.uleb128 0xb
 4712 0061 3B       		.uleb128 0x3b
 4713 0062 0B       		.uleb128 0xb
 4714 0063 01       		.uleb128 0x1
 4715 0064 13       		.uleb128 0x13
 4716 0065 00       		.byte	0
ARM GAS  C:\Users\ADSTRU~1\AppData\Local\Temp\ccEcZ2Z6.s 			page 146


 4717 0066 00       		.byte	0
 4718 0067 0A       		.uleb128 0xa
 4719 0068 0D       		.uleb128 0xd
 4720 0069 00       		.byte	0
 4721 006a 03       		.uleb128 0x3
 4722 006b 0E       		.uleb128 0xe
 4723 006c 3A       		.uleb128 0x3a
 4724 006d 0B       		.uleb128 0xb
 4725 006e 3B       		.uleb128 0x3b
 4726 006f 0B       		.uleb128 0xb
 4727 0070 49       		.uleb128 0x49
 4728 0071 13       		.uleb128 0x13
 4729 0072 38       		.uleb128 0x38
 4730 0073 0B       		.uleb128 0xb
 4731 0074 00       		.byte	0
 4732 0075 00       		.byte	0
 4733 0076 0B       		.uleb128 0xb
 4734 0077 04       		.uleb128 0x4
 4735 0078 01       		.byte	0x1
 4736 0079 0B       		.uleb128 0xb
 4737 007a 0B       		.uleb128 0xb
 4738 007b 49       		.uleb128 0x49
 4739 007c 13       		.uleb128 0x13
 4740 007d 3A       		.uleb128 0x3a
 4741 007e 0B       		.uleb128 0xb
 4742 007f 3B       		.uleb128 0x3b
 4743 0080 0B       		.uleb128 0xb
 4744 0081 01       		.uleb128 0x1
 4745 0082 13       		.uleb128 0x13
 4746 0083 00       		.byte	0
 4747 0084 00       		.byte	0
 4748 0085 0C       		.uleb128 0xc
 4749 0086 28       		.uleb128 0x28
 4750 0087 00       		.byte	0
 4751 0088 03       		.uleb128 0x3
 4752 0089 0E       		.uleb128 0xe
 4753 008a 1C       		.uleb128 0x1c
 4754 008b 0B       		.uleb128 0xb
 4755 008c 00       		.byte	0
 4756 008d 00       		.byte	0
 4757 008e 0D       		.uleb128 0xd
 4758 008f 01       		.uleb128 0x1
 4759 0090 01       		.byte	0x1
 4760 0091 49       		.uleb128 0x49
 4761 0092 13       		.uleb128 0x13
 4762 0093 01       		.uleb128 0x1
 4763 0094 13       		.uleb128 0x13
 4764 0095 00       		.byte	0
 4765 0096 00       		.byte	0
 4766 0097 0E       		.uleb128 0xe
 4767 0098 21       		.uleb128 0x21
 4768 0099 00       		.byte	0
 4769 009a 49       		.uleb128 0x49
 4770 009b 13       		.uleb128 0x13
 4771 009c 2F       		.uleb128 0x2f
 4772 009d 0B       		.uleb128 0xb
 4773 009e 00       		.byte	0
ARM GAS  C:\Users\ADSTRU~1\AppData\Local\Temp\ccEcZ2Z6.s 			page 147


 4774 009f 00       		.byte	0
 4775 00a0 0F       		.uleb128 0xf
 4776 00a1 0D       		.uleb128 0xd
 4777 00a2 00       		.byte	0
 4778 00a3 03       		.uleb128 0x3
 4779 00a4 0E       		.uleb128 0xe
 4780 00a5 3A       		.uleb128 0x3a
 4781 00a6 0B       		.uleb128 0xb
 4782 00a7 3B       		.uleb128 0x3b
 4783 00a8 05       		.uleb128 0x5
 4784 00a9 49       		.uleb128 0x49
 4785 00aa 13       		.uleb128 0x13
 4786 00ab 38       		.uleb128 0x38
 4787 00ac 0B       		.uleb128 0xb
 4788 00ad 00       		.byte	0
 4789 00ae 00       		.byte	0
 4790 00af 10       		.uleb128 0x10
 4791 00b0 13       		.uleb128 0x13
 4792 00b1 01       		.byte	0x1
 4793 00b2 0B       		.uleb128 0xb
 4794 00b3 0B       		.uleb128 0xb
 4795 00b4 3A       		.uleb128 0x3a
 4796 00b5 0B       		.uleb128 0xb
 4797 00b6 3B       		.uleb128 0x3b
 4798 00b7 05       		.uleb128 0x5
 4799 00b8 01       		.uleb128 0x1
 4800 00b9 13       		.uleb128 0x13
 4801 00ba 00       		.byte	0
 4802 00bb 00       		.byte	0
 4803 00bc 11       		.uleb128 0x11
 4804 00bd 0D       		.uleb128 0xd
 4805 00be 00       		.byte	0
 4806 00bf 03       		.uleb128 0x3
 4807 00c0 08       		.uleb128 0x8
 4808 00c1 3A       		.uleb128 0x3a
 4809 00c2 0B       		.uleb128 0xb
 4810 00c3 3B       		.uleb128 0x3b
 4811 00c4 05       		.uleb128 0x5
 4812 00c5 49       		.uleb128 0x49
 4813 00c6 13       		.uleb128 0x13
 4814 00c7 38       		.uleb128 0x38
 4815 00c8 0B       		.uleb128 0xb
 4816 00c9 00       		.byte	0
 4817 00ca 00       		.byte	0
 4818 00cb 12       		.uleb128 0x12
 4819 00cc 26       		.uleb128 0x26
 4820 00cd 00       		.byte	0
 4821 00ce 00       		.byte	0
 4822 00cf 00       		.byte	0
 4823 00d0 13       		.uleb128 0x13
 4824 00d1 0F       		.uleb128 0xf
 4825 00d2 00       		.byte	0
 4826 00d3 0B       		.uleb128 0xb
 4827 00d4 0B       		.uleb128 0xb
 4828 00d5 00       		.byte	0
 4829 00d6 00       		.byte	0
 4830 00d7 14       		.uleb128 0x14
ARM GAS  C:\Users\ADSTRU~1\AppData\Local\Temp\ccEcZ2Z6.s 			page 148


 4831 00d8 2E       		.uleb128 0x2e
 4832 00d9 01       		.byte	0x1
 4833 00da 03       		.uleb128 0x3
 4834 00db 0E       		.uleb128 0xe
 4835 00dc 3A       		.uleb128 0x3a
 4836 00dd 0B       		.uleb128 0xb
 4837 00de 3B       		.uleb128 0x3b
 4838 00df 05       		.uleb128 0x5
 4839 00e0 27       		.uleb128 0x27
 4840 00e1 19       		.uleb128 0x19
 4841 00e2 49       		.uleb128 0x49
 4842 00e3 13       		.uleb128 0x13
 4843 00e4 11       		.uleb128 0x11
 4844 00e5 01       		.uleb128 0x1
 4845 00e6 12       		.uleb128 0x12
 4846 00e7 06       		.uleb128 0x6
 4847 00e8 40       		.uleb128 0x40
 4848 00e9 18       		.uleb128 0x18
 4849 00ea 9642     		.uleb128 0x2116
 4850 00ec 19       		.uleb128 0x19
 4851 00ed 01       		.uleb128 0x1
 4852 00ee 13       		.uleb128 0x13
 4853 00ef 00       		.byte	0
 4854 00f0 00       		.byte	0
 4855 00f1 15       		.uleb128 0x15
 4856 00f2 05       		.uleb128 0x5
 4857 00f3 00       		.byte	0
 4858 00f4 03       		.uleb128 0x3
 4859 00f5 0E       		.uleb128 0xe
 4860 00f6 3A       		.uleb128 0x3a
 4861 00f7 0B       		.uleb128 0xb
 4862 00f8 3B       		.uleb128 0x3b
 4863 00f9 05       		.uleb128 0x5
 4864 00fa 49       		.uleb128 0x49
 4865 00fb 13       		.uleb128 0x13
 4866 00fc 02       		.uleb128 0x2
 4867 00fd 17       		.uleb128 0x17
 4868 00fe 00       		.byte	0
 4869 00ff 00       		.byte	0
 4870 0100 16       		.uleb128 0x16
 4871 0101 34       		.uleb128 0x34
 4872 0102 00       		.byte	0
 4873 0103 03       		.uleb128 0x3
 4874 0104 0E       		.uleb128 0xe
 4875 0105 3A       		.uleb128 0x3a
 4876 0106 0B       		.uleb128 0xb
 4877 0107 3B       		.uleb128 0x3b
 4878 0108 05       		.uleb128 0x5
 4879 0109 49       		.uleb128 0x49
 4880 010a 13       		.uleb128 0x13
 4881 010b 02       		.uleb128 0x2
 4882 010c 17       		.uleb128 0x17
 4883 010d 00       		.byte	0
 4884 010e 00       		.byte	0
 4885 010f 17       		.uleb128 0x17
 4886 0110 2E       		.uleb128 0x2e
 4887 0111 00       		.byte	0
ARM GAS  C:\Users\ADSTRU~1\AppData\Local\Temp\ccEcZ2Z6.s 			page 149


 4888 0112 3F       		.uleb128 0x3f
 4889 0113 19       		.uleb128 0x19
 4890 0114 03       		.uleb128 0x3
 4891 0115 0E       		.uleb128 0xe
 4892 0116 3A       		.uleb128 0x3a
 4893 0117 0B       		.uleb128 0xb
 4894 0118 3B       		.uleb128 0x3b
 4895 0119 0B       		.uleb128 0xb
 4896 011a 27       		.uleb128 0x27
 4897 011b 19       		.uleb128 0x19
 4898 011c 49       		.uleb128 0x49
 4899 011d 13       		.uleb128 0x13
 4900 011e 11       		.uleb128 0x11
 4901 011f 01       		.uleb128 0x1
 4902 0120 12       		.uleb128 0x12
 4903 0121 06       		.uleb128 0x6
 4904 0122 40       		.uleb128 0x40
 4905 0123 18       		.uleb128 0x18
 4906 0124 9742     		.uleb128 0x2117
 4907 0126 19       		.uleb128 0x19
 4908 0127 00       		.byte	0
 4909 0128 00       		.byte	0
 4910 0129 18       		.uleb128 0x18
 4911 012a 2E       		.uleb128 0x2e
 4912 012b 01       		.byte	0x1
 4913 012c 3F       		.uleb128 0x3f
 4914 012d 19       		.uleb128 0x19
 4915 012e 03       		.uleb128 0x3
 4916 012f 0E       		.uleb128 0xe
 4917 0130 3A       		.uleb128 0x3a
 4918 0131 0B       		.uleb128 0xb
 4919 0132 3B       		.uleb128 0x3b
 4920 0133 05       		.uleb128 0x5
 4921 0134 27       		.uleb128 0x27
 4922 0135 19       		.uleb128 0x19
 4923 0136 49       		.uleb128 0x49
 4924 0137 13       		.uleb128 0x13
 4925 0138 11       		.uleb128 0x11
 4926 0139 01       		.uleb128 0x1
 4927 013a 12       		.uleb128 0x12
 4928 013b 06       		.uleb128 0x6
 4929 013c 40       		.uleb128 0x40
 4930 013d 18       		.uleb128 0x18
 4931 013e 9742     		.uleb128 0x2117
 4932 0140 19       		.uleb128 0x19
 4933 0141 01       		.uleb128 0x1
 4934 0142 13       		.uleb128 0x13
 4935 0143 00       		.byte	0
 4936 0144 00       		.byte	0
 4937 0145 19       		.uleb128 0x19
 4938 0146 898201   		.uleb128 0x4109
 4939 0149 00       		.byte	0
 4940 014a 11       		.uleb128 0x11
 4941 014b 01       		.uleb128 0x1
 4942 014c 31       		.uleb128 0x31
 4943 014d 13       		.uleb128 0x13
 4944 014e 00       		.byte	0
ARM GAS  C:\Users\ADSTRU~1\AppData\Local\Temp\ccEcZ2Z6.s 			page 150


 4945 014f 00       		.byte	0
 4946 0150 1A       		.uleb128 0x1a
 4947 0151 898201   		.uleb128 0x4109
 4948 0154 01       		.byte	0x1
 4949 0155 11       		.uleb128 0x11
 4950 0156 01       		.uleb128 0x1
 4951 0157 31       		.uleb128 0x31
 4952 0158 13       		.uleb128 0x13
 4953 0159 01       		.uleb128 0x1
 4954 015a 13       		.uleb128 0x13
 4955 015b 00       		.byte	0
 4956 015c 00       		.byte	0
 4957 015d 1B       		.uleb128 0x1b
 4958 015e 8A8201   		.uleb128 0x410a
 4959 0161 00       		.byte	0
 4960 0162 02       		.uleb128 0x2
 4961 0163 18       		.uleb128 0x18
 4962 0164 9142     		.uleb128 0x2111
 4963 0166 18       		.uleb128 0x18
 4964 0167 00       		.byte	0
 4965 0168 00       		.byte	0
 4966 0169 1C       		.uleb128 0x1c
 4967 016a 2E       		.uleb128 0x2e
 4968 016b 01       		.byte	0x1
 4969 016c 3F       		.uleb128 0x3f
 4970 016d 19       		.uleb128 0x19
 4971 016e 03       		.uleb128 0x3
 4972 016f 0E       		.uleb128 0xe
 4973 0170 3A       		.uleb128 0x3a
 4974 0171 0B       		.uleb128 0xb
 4975 0172 3B       		.uleb128 0x3b
 4976 0173 05       		.uleb128 0x5
 4977 0174 27       		.uleb128 0x27
 4978 0175 19       		.uleb128 0x19
 4979 0176 11       		.uleb128 0x11
 4980 0177 01       		.uleb128 0x1
 4981 0178 12       		.uleb128 0x12
 4982 0179 06       		.uleb128 0x6
 4983 017a 40       		.uleb128 0x40
 4984 017b 18       		.uleb128 0x18
 4985 017c 9742     		.uleb128 0x2117
 4986 017e 19       		.uleb128 0x19
 4987 017f 01       		.uleb128 0x1
 4988 0180 13       		.uleb128 0x13
 4989 0181 00       		.byte	0
 4990 0182 00       		.byte	0
 4991 0183 1D       		.uleb128 0x1d
 4992 0184 34       		.uleb128 0x34
 4993 0185 00       		.byte	0
 4994 0186 03       		.uleb128 0x3
 4995 0187 0E       		.uleb128 0xe
 4996 0188 3A       		.uleb128 0x3a
 4997 0189 0B       		.uleb128 0xb
 4998 018a 3B       		.uleb128 0x3b
 4999 018b 05       		.uleb128 0x5
 5000 018c 49       		.uleb128 0x49
 5001 018d 13       		.uleb128 0x13
ARM GAS  C:\Users\ADSTRU~1\AppData\Local\Temp\ccEcZ2Z6.s 			page 151


 5002 018e 1C       		.uleb128 0x1c
 5003 018f 0B       		.uleb128 0xb
 5004 0190 00       		.byte	0
 5005 0191 00       		.byte	0
 5006 0192 1E       		.uleb128 0x1e
 5007 0193 898201   		.uleb128 0x4109
 5008 0196 01       		.byte	0x1
 5009 0197 11       		.uleb128 0x11
 5010 0198 01       		.uleb128 0x1
 5011 0199 31       		.uleb128 0x31
 5012 019a 13       		.uleb128 0x13
 5013 019b 00       		.byte	0
 5014 019c 00       		.byte	0
 5015 019d 1F       		.uleb128 0x1f
 5016 019e 26       		.uleb128 0x26
 5017 019f 00       		.byte	0
 5018 01a0 49       		.uleb128 0x49
 5019 01a1 13       		.uleb128 0x13
 5020 01a2 00       		.byte	0
 5021 01a3 00       		.byte	0
 5022 01a4 20       		.uleb128 0x20
 5023 01a5 2E       		.uleb128 0x2e
 5024 01a6 00       		.byte	0
 5025 01a7 3F       		.uleb128 0x3f
 5026 01a8 19       		.uleb128 0x19
 5027 01a9 03       		.uleb128 0x3
 5028 01aa 0E       		.uleb128 0xe
 5029 01ab 3A       		.uleb128 0x3a
 5030 01ac 0B       		.uleb128 0xb
 5031 01ad 3B       		.uleb128 0x3b
 5032 01ae 05       		.uleb128 0x5
 5033 01af 27       		.uleb128 0x27
 5034 01b0 19       		.uleb128 0x19
 5035 01b1 11       		.uleb128 0x11
 5036 01b2 01       		.uleb128 0x1
 5037 01b3 12       		.uleb128 0x12
 5038 01b4 06       		.uleb128 0x6
 5039 01b5 40       		.uleb128 0x40
 5040 01b6 18       		.uleb128 0x18
 5041 01b7 9742     		.uleb128 0x2117
 5042 01b9 19       		.uleb128 0x19
 5043 01ba 00       		.byte	0
 5044 01bb 00       		.byte	0
 5045 01bc 21       		.uleb128 0x21
 5046 01bd 34       		.uleb128 0x34
 5047 01be 00       		.byte	0
 5048 01bf 03       		.uleb128 0x3
 5049 01c0 0E       		.uleb128 0xe
 5050 01c1 3A       		.uleb128 0x3a
 5051 01c2 0B       		.uleb128 0xb
 5052 01c3 3B       		.uleb128 0x3b
 5053 01c4 05       		.uleb128 0x5
 5054 01c5 49       		.uleb128 0x49
 5055 01c6 13       		.uleb128 0x13
 5056 01c7 02       		.uleb128 0x2
 5057 01c8 18       		.uleb128 0x18
 5058 01c9 00       		.byte	0
ARM GAS  C:\Users\ADSTRU~1\AppData\Local\Temp\ccEcZ2Z6.s 			page 152


 5059 01ca 00       		.byte	0
 5060 01cb 22       		.uleb128 0x22
 5061 01cc 05       		.uleb128 0x5
 5062 01cd 00       		.byte	0
 5063 01ce 03       		.uleb128 0x3
 5064 01cf 0E       		.uleb128 0xe
 5065 01d0 3A       		.uleb128 0x3a
 5066 01d1 0B       		.uleb128 0xb
 5067 01d2 3B       		.uleb128 0x3b
 5068 01d3 05       		.uleb128 0x5
 5069 01d4 49       		.uleb128 0x49
 5070 01d5 13       		.uleb128 0x13
 5071 01d6 02       		.uleb128 0x2
 5072 01d7 18       		.uleb128 0x18
 5073 01d8 00       		.byte	0
 5074 01d9 00       		.byte	0
 5075 01da 23       		.uleb128 0x23
 5076 01db 2E       		.uleb128 0x2e
 5077 01dc 01       		.byte	0x1
 5078 01dd 03       		.uleb128 0x3
 5079 01de 0E       		.uleb128 0xe
 5080 01df 3A       		.uleb128 0x3a
 5081 01e0 0B       		.uleb128 0xb
 5082 01e1 3B       		.uleb128 0x3b
 5083 01e2 05       		.uleb128 0x5
 5084 01e3 27       		.uleb128 0x27
 5085 01e4 19       		.uleb128 0x19
 5086 01e5 11       		.uleb128 0x11
 5087 01e6 01       		.uleb128 0x1
 5088 01e7 12       		.uleb128 0x12
 5089 01e8 06       		.uleb128 0x6
 5090 01e9 40       		.uleb128 0x40
 5091 01ea 18       		.uleb128 0x18
 5092 01eb 9742     		.uleb128 0x2117
 5093 01ed 19       		.uleb128 0x19
 5094 01ee 01       		.uleb128 0x1
 5095 01ef 13       		.uleb128 0x13
 5096 01f0 00       		.byte	0
 5097 01f1 00       		.byte	0
 5098 01f2 24       		.uleb128 0x24
 5099 01f3 2E       		.uleb128 0x2e
 5100 01f4 01       		.byte	0x1
 5101 01f5 3F       		.uleb128 0x3f
 5102 01f6 19       		.uleb128 0x19
 5103 01f7 03       		.uleb128 0x3
 5104 01f8 0E       		.uleb128 0xe
 5105 01f9 3A       		.uleb128 0x3a
 5106 01fa 0B       		.uleb128 0xb
 5107 01fb 3B       		.uleb128 0x3b
 5108 01fc 05       		.uleb128 0x5
 5109 01fd 27       		.uleb128 0x27
 5110 01fe 19       		.uleb128 0x19
 5111 01ff 49       		.uleb128 0x49
 5112 0200 13       		.uleb128 0x13
 5113 0201 11       		.uleb128 0x11
 5114 0202 01       		.uleb128 0x1
 5115 0203 12       		.uleb128 0x12
ARM GAS  C:\Users\ADSTRU~1\AppData\Local\Temp\ccEcZ2Z6.s 			page 153


 5116 0204 06       		.uleb128 0x6
 5117 0205 40       		.uleb128 0x40
 5118 0206 18       		.uleb128 0x18
 5119 0207 9642     		.uleb128 0x2116
 5120 0209 19       		.uleb128 0x19
 5121 020a 01       		.uleb128 0x1
 5122 020b 13       		.uleb128 0x13
 5123 020c 00       		.byte	0
 5124 020d 00       		.byte	0
 5125 020e 25       		.uleb128 0x25
 5126 020f 34       		.uleb128 0x34
 5127 0210 00       		.byte	0
 5128 0211 03       		.uleb128 0x3
 5129 0212 0E       		.uleb128 0xe
 5130 0213 3A       		.uleb128 0x3a
 5131 0214 0B       		.uleb128 0xb
 5132 0215 3B       		.uleb128 0x3b
 5133 0216 05       		.uleb128 0x5
 5134 0217 49       		.uleb128 0x49
 5135 0218 13       		.uleb128 0x13
 5136 0219 3F       		.uleb128 0x3f
 5137 021a 19       		.uleb128 0x19
 5138 021b 3C       		.uleb128 0x3c
 5139 021c 19       		.uleb128 0x19
 5140 021d 00       		.byte	0
 5141 021e 00       		.byte	0
 5142 021f 26       		.uleb128 0x26
 5143 0220 34       		.uleb128 0x34
 5144 0221 00       		.byte	0
 5145 0222 03       		.uleb128 0x3
 5146 0223 0E       		.uleb128 0xe
 5147 0224 3A       		.uleb128 0x3a
 5148 0225 0B       		.uleb128 0xb
 5149 0226 3B       		.uleb128 0x3b
 5150 0227 0B       		.uleb128 0xb
 5151 0228 49       		.uleb128 0x49
 5152 0229 13       		.uleb128 0x13
 5153 022a 3F       		.uleb128 0x3f
 5154 022b 19       		.uleb128 0x19
 5155 022c 02       		.uleb128 0x2
 5156 022d 18       		.uleb128 0x18
 5157 022e 00       		.byte	0
 5158 022f 00       		.byte	0
 5159 0230 27       		.uleb128 0x27
 5160 0231 2E       		.uleb128 0x2e
 5161 0232 00       		.byte	0
 5162 0233 3F       		.uleb128 0x3f
 5163 0234 19       		.uleb128 0x19
 5164 0235 3C       		.uleb128 0x3c
 5165 0236 19       		.uleb128 0x19
 5166 0237 6E       		.uleb128 0x6e
 5167 0238 0E       		.uleb128 0xe
 5168 0239 03       		.uleb128 0x3
 5169 023a 0E       		.uleb128 0xe
 5170 023b 3A       		.uleb128 0x3a
 5171 023c 0B       		.uleb128 0xb
 5172 023d 3B       		.uleb128 0x3b
ARM GAS  C:\Users\ADSTRU~1\AppData\Local\Temp\ccEcZ2Z6.s 			page 154


 5173 023e 05       		.uleb128 0x5
 5174 023f 00       		.byte	0
 5175 0240 00       		.byte	0
 5176 0241 28       		.uleb128 0x28
 5177 0242 2E       		.uleb128 0x2e
 5178 0243 00       		.byte	0
 5179 0244 3F       		.uleb128 0x3f
 5180 0245 19       		.uleb128 0x19
 5181 0246 3C       		.uleb128 0x3c
 5182 0247 19       		.uleb128 0x19
 5183 0248 6E       		.uleb128 0x6e
 5184 0249 0E       		.uleb128 0xe
 5185 024a 03       		.uleb128 0x3
 5186 024b 0E       		.uleb128 0xe
 5187 024c 3A       		.uleb128 0x3a
 5188 024d 0B       		.uleb128 0xb
 5189 024e 3B       		.uleb128 0x3b
 5190 024f 0B       		.uleb128 0xb
 5191 0250 00       		.byte	0
 5192 0251 00       		.byte	0
 5193 0252 00       		.byte	0
 5194              		.section	.debug_loc,"",%progbits
 5195              	.Ldebug_loc0:
 5196              	.LLST0:
 5197 0000 00000000 		.4byte	.LVL0
 5198 0004 14000000 		.4byte	.LVL3
 5199 0008 0100     		.2byte	0x1
 5200 000a 50       		.byte	0x50
 5201 000b 14000000 		.4byte	.LVL3
 5202 000f 76000000 		.4byte	.LVL9
 5203 0013 0100     		.2byte	0x1
 5204 0015 54       		.byte	0x54
 5205 0016 76000000 		.4byte	.LVL9
 5206 001a 84000000 		.4byte	.LFE23
 5207 001e 0400     		.2byte	0x4
 5208 0020 F3       		.byte	0xf3
 5209 0021 01       		.uleb128 0x1
 5210 0022 50       		.byte	0x50
 5211 0023 9F       		.byte	0x9f
 5212 0024 00000000 		.4byte	0
 5213 0028 00000000 		.4byte	0
 5214              	.LLST1:
 5215 002c 00000000 		.4byte	.LVL0
 5216 0030 12000000 		.4byte	.LVL2
 5217 0034 0100     		.2byte	0x1
 5218 0036 51       		.byte	0x51
 5219 0037 12000000 		.4byte	.LVL2
 5220 003b 76000000 		.4byte	.LVL10
 5221 003f 0100     		.2byte	0x1
 5222 0041 55       		.byte	0x55
 5223 0042 76000000 		.4byte	.LVL10
 5224 0046 84000000 		.4byte	.LFE23
 5225 004a 0400     		.2byte	0x4
 5226 004c F3       		.byte	0xf3
 5227 004d 01       		.uleb128 0x1
 5228 004e 51       		.byte	0x51
 5229 004f 9F       		.byte	0x9f
ARM GAS  C:\Users\ADSTRU~1\AppData\Local\Temp\ccEcZ2Z6.s 			page 155


 5230 0050 00000000 		.4byte	0
 5231 0054 00000000 		.4byte	0
 5232              	.LLST2:
 5233 0058 06000000 		.4byte	.LVL1
 5234 005c 76000000 		.4byte	.LVL8
 5235 0060 0200     		.2byte	0x2
 5236 0062 30       		.byte	0x30
 5237 0063 9F       		.byte	0x9f
 5238 0064 76000000 		.4byte	.LVL8
 5239 0068 84000000 		.4byte	.LFE23
 5240 006c 0100     		.2byte	0x1
 5241 006e 50       		.byte	0x50
 5242 006f 00000000 		.4byte	0
 5243 0073 00000000 		.4byte	0
 5244              	.LLST3:
 5245 0077 00000000 		.4byte	.LVL11
 5246 007b 20000000 		.4byte	.LVL15
 5247 007f 0100     		.2byte	0x1
 5248 0081 50       		.byte	0x50
 5249 0082 20000000 		.4byte	.LVL15
 5250 0086 23000000 		.4byte	.LVL16-1
 5251 008a 0100     		.2byte	0x1
 5252 008c 51       		.byte	0x51
 5253 008d 23000000 		.4byte	.LVL16-1
 5254 0091 38000000 		.4byte	.LVL21
 5255 0095 0400     		.2byte	0x4
 5256 0097 F3       		.byte	0xf3
 5257 0098 01       		.uleb128 0x1
 5258 0099 50       		.byte	0x50
 5259 009a 9F       		.byte	0x9f
 5260 009b 38000000 		.4byte	.LVL21
 5261 009f 3E000000 		.4byte	.LVL24
 5262 00a3 0100     		.2byte	0x1
 5263 00a5 50       		.byte	0x50
 5264 00a6 3E000000 		.4byte	.LVL24
 5265 00aa 42000000 		.4byte	.LFE24
 5266 00ae 0400     		.2byte	0x4
 5267 00b0 F3       		.byte	0xf3
 5268 00b1 01       		.uleb128 0x1
 5269 00b2 50       		.byte	0x50
 5270 00b3 9F       		.byte	0x9f
 5271 00b4 00000000 		.4byte	0
 5272 00b8 00000000 		.4byte	0
 5273              	.LLST4:
 5274 00bc 00000000 		.4byte	.LVL11
 5275 00c0 1E000000 		.4byte	.LVL14
 5276 00c4 0100     		.2byte	0x1
 5277 00c6 51       		.byte	0x51
 5278 00c7 1E000000 		.4byte	.LVL14
 5279 00cb 38000000 		.4byte	.LVL21
 5280 00cf 0400     		.2byte	0x4
 5281 00d1 F3       		.byte	0xf3
 5282 00d2 01       		.uleb128 0x1
 5283 00d3 51       		.byte	0x51
 5284 00d4 9F       		.byte	0x9f
 5285 00d5 38000000 		.4byte	.LVL21
 5286 00d9 3E000000 		.4byte	.LVL24
ARM GAS  C:\Users\ADSTRU~1\AppData\Local\Temp\ccEcZ2Z6.s 			page 156


 5287 00dd 0100     		.2byte	0x1
 5288 00df 51       		.byte	0x51
 5289 00e0 3E000000 		.4byte	.LVL24
 5290 00e4 42000000 		.4byte	.LFE24
 5291 00e8 0400     		.2byte	0x4
 5292 00ea F3       		.byte	0xf3
 5293 00eb 01       		.uleb128 0x1
 5294 00ec 51       		.byte	0x51
 5295 00ed 9F       		.byte	0x9f
 5296 00ee 00000000 		.4byte	0
 5297 00f2 00000000 		.4byte	0
 5298              	.LLST5:
 5299 00f6 24000000 		.4byte	.LVL16
 5300 00fa 28000000 		.4byte	.LVL17
 5301 00fe 0200     		.2byte	0x2
 5302 0100 30       		.byte	0x30
 5303 0101 9F       		.byte	0x9f
 5304 0102 28000000 		.4byte	.LVL17
 5305 0106 38000000 		.4byte	.LVL21
 5306 010a 0100     		.2byte	0x1
 5307 010c 53       		.byte	0x53
 5308 010d 3E000000 		.4byte	.LVL24
 5309 0111 42000000 		.4byte	.LFE24
 5310 0115 0100     		.2byte	0x1
 5311 0117 53       		.byte	0x53
 5312 0118 00000000 		.4byte	0
 5313 011c 00000000 		.4byte	0
 5314              	.LLST6:
 5315 0120 10000000 		.4byte	.LVL12
 5316 0124 1C000000 		.4byte	.LVL13
 5317 0128 0100     		.2byte	0x1
 5318 012a 53       		.byte	0x53
 5319 012b 38000000 		.4byte	.LVL21
 5320 012f 3A000000 		.4byte	.LVL22
 5321 0133 0100     		.2byte	0x1
 5322 0135 53       		.byte	0x53
 5323 0136 3C000000 		.4byte	.LVL23
 5324 013a 3E000000 		.4byte	.LVL24
 5325 013e 0100     		.2byte	0x1
 5326 0140 53       		.byte	0x53
 5327 0141 00000000 		.4byte	0
 5328 0145 00000000 		.4byte	0
 5329              	.LLST7:
 5330 0149 24000000 		.4byte	.LVL16
 5331 014d 38000000 		.4byte	.LVL21
 5332 0151 0100     		.2byte	0x1
 5333 0153 50       		.byte	0x50
 5334 0154 00000000 		.4byte	0
 5335 0158 00000000 		.4byte	0
 5336              	.LLST8:
 5337 015c 00000000 		.4byte	.LVL25
 5338 0160 37000000 		.4byte	.LVL27-1
 5339 0164 0100     		.2byte	0x1
 5340 0166 50       		.byte	0x50
 5341 0167 37000000 		.4byte	.LVL27-1
 5342 016b 40000000 		.4byte	.LFE2
 5343 016f 0400     		.2byte	0x4
ARM GAS  C:\Users\ADSTRU~1\AppData\Local\Temp\ccEcZ2Z6.s 			page 157


 5344 0171 F3       		.byte	0xf3
 5345 0172 01       		.uleb128 0x1
 5346 0173 50       		.byte	0x50
 5347 0174 9F       		.byte	0x9f
 5348 0175 00000000 		.4byte	0
 5349 0179 00000000 		.4byte	0
 5350              	.LLST9:
 5351 017d 30000000 		.4byte	.LVL26
 5352 0181 3A000000 		.4byte	.LVL28
 5353 0185 0100     		.2byte	0x1
 5354 0187 54       		.byte	0x54
 5355 0188 3A000000 		.4byte	.LVL28
 5356 018c 40000000 		.4byte	.LFE2
 5357 0190 0100     		.2byte	0x1
 5358 0192 50       		.byte	0x50
 5359 0193 00000000 		.4byte	0
 5360 0197 00000000 		.4byte	0
 5361              	.LLST10:
 5362 019b 02000000 		.4byte	.LVL29
 5363 019f 22000000 		.4byte	.LVL31
 5364 01a3 0200     		.2byte	0x2
 5365 01a5 30       		.byte	0x30
 5366 01a6 9F       		.byte	0x9f
 5367 01a7 22000000 		.4byte	.LVL31
 5368 01ab 2C000000 		.4byte	.LFE3
 5369 01af 0100     		.2byte	0x1
 5370 01b1 50       		.byte	0x50
 5371 01b2 00000000 		.4byte	0
 5372 01b6 00000000 		.4byte	0
 5373              	.LLST11:
 5374 01ba 02000000 		.4byte	.LVL32
 5375 01be 12000000 		.4byte	.LVL33
 5376 01c2 0300     		.2byte	0x3
 5377 01c4 09       		.byte	0x9
 5378 01c5 FF       		.byte	0xff
 5379 01c6 9F       		.byte	0x9f
 5380 01c7 12000000 		.4byte	.LVL33
 5381 01cb 14000000 		.4byte	.LVL34
 5382 01cf 0100     		.2byte	0x1
 5383 01d1 50       		.byte	0x50
 5384 01d2 18000000 		.4byte	.LVL35
 5385 01d6 25000000 		.4byte	.LVL36-1
 5386 01da 0100     		.2byte	0x1
 5387 01dc 50       		.byte	0x50
 5388 01dd 26000000 		.4byte	.LVL36
 5389 01e1 30000000 		.4byte	.LVL38
 5390 01e5 0100     		.2byte	0x1
 5391 01e7 50       		.byte	0x50
 5392 01e8 30000000 		.4byte	.LVL38
 5393 01ec 32000000 		.4byte	.LVL39
 5394 01f0 0300     		.2byte	0x3
 5395 01f2 09       		.byte	0x9
 5396 01f3 FF       		.byte	0xff
 5397 01f4 9F       		.byte	0x9f
 5398 01f5 32000000 		.4byte	.LVL39
 5399 01f9 3C000000 		.4byte	.LFE4
 5400 01fd 0100     		.2byte	0x1
ARM GAS  C:\Users\ADSTRU~1\AppData\Local\Temp\ccEcZ2Z6.s 			page 158


 5401 01ff 50       		.byte	0x50
 5402 0200 00000000 		.4byte	0
 5403 0204 00000000 		.4byte	0
 5404              	.LLST12:
 5405 0208 12000000 		.4byte	.LVL33
 5406 020c 30000000 		.4byte	.LVL38
 5407 0210 0100     		.2byte	0x1
 5408 0212 54       		.byte	0x54
 5409 0213 00000000 		.4byte	0
 5410 0217 00000000 		.4byte	0
 5411              	.LLST13:
 5412 021b 00000000 		.4byte	.LVL40
 5413 021f 49000000 		.4byte	.LVL42-1
 5414 0223 0100     		.2byte	0x1
 5415 0225 50       		.byte	0x50
 5416 0226 49000000 		.4byte	.LVL42-1
 5417 022a 58000000 		.4byte	.LFE5
 5418 022e 0400     		.2byte	0x4
 5419 0230 F3       		.byte	0xf3
 5420 0231 01       		.uleb128 0x1
 5421 0232 50       		.byte	0x50
 5422 0233 9F       		.byte	0x9f
 5423 0234 00000000 		.4byte	0
 5424 0238 00000000 		.4byte	0
 5425              	.LLST14:
 5426 023c 00000000 		.4byte	.LVL40
 5427 0240 49000000 		.4byte	.LVL42-1
 5428 0244 0100     		.2byte	0x1
 5429 0246 51       		.byte	0x51
 5430 0247 49000000 		.4byte	.LVL42-1
 5431 024b 58000000 		.4byte	.LFE5
 5432 024f 0400     		.2byte	0x4
 5433 0251 F3       		.byte	0xf3
 5434 0252 01       		.uleb128 0x1
 5435 0253 51       		.byte	0x51
 5436 0254 9F       		.byte	0x9f
 5437 0255 00000000 		.4byte	0
 5438 0259 00000000 		.4byte	0
 5439              	.LLST15:
 5440 025d 42000000 		.4byte	.LVL41
 5441 0261 4C000000 		.4byte	.LVL43
 5442 0265 0100     		.2byte	0x1
 5443 0267 54       		.byte	0x54
 5444 0268 4C000000 		.4byte	.LVL43
 5445 026c 58000000 		.4byte	.LFE5
 5446 0270 0100     		.2byte	0x1
 5447 0272 50       		.byte	0x50
 5448 0273 00000000 		.4byte	0
 5449 0277 00000000 		.4byte	0
 5450              	.LLST16:
 5451 027b 02000000 		.4byte	.LVL44
 5452 027f 22000000 		.4byte	.LVL46
 5453 0283 0200     		.2byte	0x2
 5454 0285 30       		.byte	0x30
 5455 0286 9F       		.byte	0x9f
 5456 0287 22000000 		.4byte	.LVL46
 5457 028b 2C000000 		.4byte	.LFE6
ARM GAS  C:\Users\ADSTRU~1\AppData\Local\Temp\ccEcZ2Z6.s 			page 159


 5458 028f 0100     		.2byte	0x1
 5459 0291 50       		.byte	0x50
 5460 0292 00000000 		.4byte	0
 5461 0296 00000000 		.4byte	0
 5462              	.LLST17:
 5463 029a 00000000 		.4byte	.LVL47
 5464 029e 08000000 		.4byte	.LVL48
 5465 02a2 0100     		.2byte	0x1
 5466 02a4 50       		.byte	0x50
 5467 02a5 08000000 		.4byte	.LVL48
 5468 02a9 9C000000 		.4byte	.LFE8
 5469 02ad 0400     		.2byte	0x4
 5470 02af F3       		.byte	0xf3
 5471 02b0 01       		.uleb128 0x1
 5472 02b1 50       		.byte	0x50
 5473 02b2 9F       		.byte	0x9f
 5474 02b3 00000000 		.4byte	0
 5475 02b7 00000000 		.4byte	0
 5476              	.LLST18:
 5477 02bb 00000000 		.4byte	.LVL47
 5478 02bf 10000000 		.4byte	.LVL49
 5479 02c3 0100     		.2byte	0x1
 5480 02c5 51       		.byte	0x51
 5481 02c6 10000000 		.4byte	.LVL49
 5482 02ca 9C000000 		.4byte	.LFE8
 5483 02ce 0400     		.2byte	0x4
 5484 02d0 F3       		.byte	0xf3
 5485 02d1 01       		.uleb128 0x1
 5486 02d2 51       		.byte	0x51
 5487 02d3 9F       		.byte	0x9f
 5488 02d4 00000000 		.4byte	0
 5489 02d8 00000000 		.4byte	0
 5490              	.LLST19:
 5491 02dc 00000000 		.4byte	.LVL47
 5492 02e0 18000000 		.4byte	.LVL51
 5493 02e4 0100     		.2byte	0x1
 5494 02e6 52       		.byte	0x52
 5495 02e7 18000000 		.4byte	.LVL51
 5496 02eb 96000000 		.4byte	.LVL63
 5497 02ef 0100     		.2byte	0x1
 5498 02f1 56       		.byte	0x56
 5499 02f2 96000000 		.4byte	.LVL63
 5500 02f6 9C000000 		.4byte	.LFE8
 5501 02fa 0400     		.2byte	0x4
 5502 02fc F3       		.byte	0xf3
 5503 02fd 01       		.uleb128 0x1
 5504 02fe 52       		.byte	0x52
 5505 02ff 9F       		.byte	0x9f
 5506 0300 00000000 		.4byte	0
 5507 0304 00000000 		.4byte	0
 5508              	.LLST20:
 5509 0308 14000000 		.4byte	.LVL50
 5510 030c 18000000 		.4byte	.LVL51
 5511 0310 0200     		.2byte	0x2
 5512 0312 30       		.byte	0x30
 5513 0313 9F       		.byte	0x9f
 5514 0314 18000000 		.4byte	.LVL51
ARM GAS  C:\Users\ADSTRU~1\AppData\Local\Temp\ccEcZ2Z6.s 			page 160


 5515 0318 96000000 		.4byte	.LVL62
 5516 031c 0100     		.2byte	0x1
 5517 031e 55       		.byte	0x55
 5518 031f 00000000 		.4byte	0
 5519 0323 00000000 		.4byte	0
 5520              	.LLST21:
 5521 0327 1C000000 		.4byte	.LVL52
 5522 032b 3B000000 		.4byte	.LVL53-1
 5523 032f 0100     		.2byte	0x1
 5524 0331 50       		.byte	0x50
 5525 0332 4E000000 		.4byte	.LVL54
 5526 0336 6D000000 		.4byte	.LVL55-1
 5527 033a 0100     		.2byte	0x1
 5528 033c 50       		.byte	0x50
 5529 033d 74000000 		.4byte	.LVL56
 5530 0341 85000000 		.4byte	.LVL57-1
 5531 0345 0100     		.2byte	0x1
 5532 0347 50       		.byte	0x50
 5533 0348 00000000 		.4byte	0
 5534 034c 00000000 		.4byte	0
 5535              	.LLST22:
 5536 0350 14000000 		.4byte	.LVL50
 5537 0354 96000000 		.4byte	.LVL61
 5538 0358 0100     		.2byte	0x1
 5539 035a 54       		.byte	0x54
 5540 035b 00000000 		.4byte	0
 5541 035f 00000000 		.4byte	0
 5542              	.LLST23:
 5543 0363 00000000 		.4byte	.LVL64
 5544 0367 30000000 		.4byte	.LVL68
 5545 036b 0100     		.2byte	0x1
 5546 036d 50       		.byte	0x50
 5547 036e 30000000 		.4byte	.LVL68
 5548 0372 80000000 		.4byte	.LFE11
 5549 0376 0400     		.2byte	0x4
 5550 0378 F3       		.byte	0xf3
 5551 0379 01       		.uleb128 0x1
 5552 037a 50       		.byte	0x50
 5553 037b 9F       		.byte	0x9f
 5554 037c 00000000 		.4byte	0
 5555 0380 00000000 		.4byte	0
 5556              	.LLST24:
 5557 0384 34000000 		.4byte	.LVL69
 5558 0388 6B000000 		.4byte	.LVL80-1
 5559 038c 0100     		.2byte	0x1
 5560 038e 50       		.byte	0x50
 5561 038f 00000000 		.4byte	0
 5562 0393 00000000 		.4byte	0
 5563              	.LLST25:
 5564 0397 2A000000 		.4byte	.LVL67
 5565 039b 30000000 		.4byte	.LVL68
 5566 039f 0200     		.2byte	0x2
 5567 03a1 30       		.byte	0x30
 5568 03a2 9F       		.byte	0x9f
 5569 03a3 30000000 		.4byte	.LVL68
 5570 03a7 74000000 		.4byte	.LVL84
 5571 03ab 0100     		.2byte	0x1
ARM GAS  C:\Users\ADSTRU~1\AppData\Local\Temp\ccEcZ2Z6.s 			page 161


 5572 03ad 55       		.byte	0x55
 5573 03ae 00000000 		.4byte	0
 5574 03b2 00000000 		.4byte	0
 5575              	.LLST26:
 5576 03b6 1A000000 		.4byte	.LVL65
 5577 03ba 24000000 		.4byte	.LVL66
 5578 03be 0200     		.2byte	0x2
 5579 03c0 30       		.byte	0x30
 5580 03c1 9F       		.byte	0x9f
 5581 03c2 2A000000 		.4byte	.LVL67
 5582 03c6 74000000 		.4byte	.LVL85
 5583 03ca 0100     		.2byte	0x1
 5584 03cc 58       		.byte	0x58
 5585 03cd 00000000 		.4byte	0
 5586 03d1 00000000 		.4byte	0
 5587              	.LLST27:
 5588 03d5 1A000000 		.4byte	.LVL65
 5589 03d9 24000000 		.4byte	.LVL66
 5590 03dd 0200     		.2byte	0x2
 5591 03df 35       		.byte	0x35
 5592 03e0 9F       		.byte	0x9f
 5593 03e1 2A000000 		.4byte	.LVL67
 5594 03e5 74000000 		.4byte	.LVL86
 5595 03e9 0100     		.2byte	0x1
 5596 03eb 59       		.byte	0x59
 5597 03ec 00000000 		.4byte	0
 5598 03f0 00000000 		.4byte	0
 5599              	.LLST28:
 5600 03f4 42000000 		.4byte	.LVL72
 5601 03f8 54000000 		.4byte	.LVL75
 5602 03fc 0100     		.2byte	0x1
 5603 03fe 52       		.byte	0x52
 5604 03ff 54000000 		.4byte	.LVL75
 5605 0403 5E000000 		.4byte	.LVL77
 5606 0407 0200     		.2byte	0x2
 5607 0409 76       		.byte	0x76
 5608 040a 00       		.sleb128 0
 5609 040b 62000000 		.4byte	.LVL78
 5610 040f 6B000000 		.4byte	.LVL80-1
 5611 0413 0100     		.2byte	0x1
 5612 0415 53       		.byte	0x53
 5613 0416 00000000 		.4byte	0
 5614 041a 00000000 		.4byte	0
 5615              	.LLST29:
 5616 041e 38000000 		.4byte	.LVL70
 5617 0422 62000000 		.4byte	.LVL78
 5618 0426 0100     		.2byte	0x1
 5619 0428 53       		.byte	0x53
 5620 0429 00000000 		.4byte	0
 5621 042d 00000000 		.4byte	0
 5622              	.LLST30:
 5623 0431 30000000 		.4byte	.LVL68
 5624 0435 74000000 		.4byte	.LVL83
 5625 0439 0100     		.2byte	0x1
 5626 043b 54       		.byte	0x54
 5627 043c 00000000 		.4byte	0
 5628 0440 00000000 		.4byte	0
ARM GAS  C:\Users\ADSTRU~1\AppData\Local\Temp\ccEcZ2Z6.s 			page 162


 5629              	.LLST31:
 5630 0444 00000000 		.4byte	.LVL87
 5631 0448 05000000 		.4byte	.LVL88-1
 5632 044c 0100     		.2byte	0x1
 5633 044e 50       		.byte	0x50
 5634 044f 05000000 		.4byte	.LVL88-1
 5635 0453 08000000 		.4byte	.LFE13
 5636 0457 0400     		.2byte	0x4
 5637 0459 F3       		.byte	0xf3
 5638 045a 01       		.uleb128 0x1
 5639 045b 50       		.byte	0x50
 5640 045c 9F       		.byte	0x9f
 5641 045d 00000000 		.4byte	0
 5642 0461 00000000 		.4byte	0
 5643              	.LLST32:
 5644 0465 00000000 		.4byte	.LVL89
 5645 0469 08000000 		.4byte	.LVL90
 5646 046d 0100     		.2byte	0x1
 5647 046f 50       		.byte	0x50
 5648 0470 08000000 		.4byte	.LVL90
 5649 0474 0A000000 		.4byte	.LVL91
 5650 0478 0300     		.2byte	0x3
 5651 047a 70       		.byte	0x70
 5652 047b 01       		.sleb128 1
 5653 047c 9F       		.byte	0x9f
 5654 047d 0A000000 		.4byte	.LVL91
 5655 0481 30000000 		.4byte	.LFE14
 5656 0485 0400     		.2byte	0x4
 5657 0487 F3       		.byte	0xf3
 5658 0488 01       		.uleb128 0x1
 5659 0489 50       		.byte	0x50
 5660 048a 9F       		.byte	0x9f
 5661 048b 00000000 		.4byte	0
 5662 048f 00000000 		.4byte	0
 5663              	.LLST33:
 5664 0493 00000000 		.4byte	.LVL92
 5665 0497 0A000000 		.4byte	.LVL96
 5666 049b 0100     		.2byte	0x1
 5667 049d 50       		.byte	0x50
 5668 049e 0A000000 		.4byte	.LVL96
 5669 04a2 0C000000 		.4byte	.LVL97
 5670 04a6 0300     		.2byte	0x3
 5671 04a8 70       		.byte	0x70
 5672 04a9 01       		.sleb128 1
 5673 04aa 9F       		.byte	0x9f
 5674 04ab 0C000000 		.4byte	.LVL97
 5675 04af 14000000 		.4byte	.LFE15
 5676 04b3 0400     		.2byte	0x4
 5677 04b5 F3       		.byte	0xf3
 5678 04b6 01       		.uleb128 0x1
 5679 04b7 50       		.byte	0x50
 5680 04b8 9F       		.byte	0x9f
 5681 04b9 00000000 		.4byte	0
 5682 04bd 00000000 		.4byte	0
 5683              	.LLST34:
 5684 04c1 04000000 		.4byte	.LVL93
 5685 04c5 06000000 		.4byte	.LVL94
ARM GAS  C:\Users\ADSTRU~1\AppData\Local\Temp\ccEcZ2Z6.s 			page 163


 5686 04c9 0100     		.2byte	0x1
 5687 04cb 53       		.byte	0x53
 5688 04cc 08000000 		.4byte	.LVL95
 5689 04d0 0C000000 		.4byte	.LVL97
 5690 04d4 0100     		.2byte	0x1
 5691 04d6 53       		.byte	0x53
 5692 04d7 0C000000 		.4byte	.LVL97
 5693 04db 14000000 		.4byte	.LFE15
 5694 04df 0100     		.2byte	0x1
 5695 04e1 50       		.byte	0x50
 5696 04e2 00000000 		.4byte	0
 5697 04e6 00000000 		.4byte	0
 5698              	.LLST35:
 5699 04ea 00000000 		.4byte	.LVL98
 5700 04ee 06000000 		.4byte	.LVL99
 5701 04f2 0100     		.2byte	0x1
 5702 04f4 50       		.byte	0x50
 5703 04f5 06000000 		.4byte	.LVL99
 5704 04f9 10000000 		.4byte	.LVL102
 5705 04fd 0100     		.2byte	0x1
 5706 04ff 54       		.byte	0x54
 5707 0500 10000000 		.4byte	.LVL102
 5708 0504 12000000 		.4byte	.LFE16
 5709 0508 0400     		.2byte	0x4
 5710 050a F3       		.byte	0xf3
 5711 050b 01       		.uleb128 0x1
 5712 050c 50       		.byte	0x50
 5713 050d 9F       		.byte	0x9f
 5714 050e 00000000 		.4byte	0
 5715 0512 00000000 		.4byte	0
 5716              	.LLST36:
 5717 0516 00000000 		.4byte	.LVL98
 5718 051a 09000000 		.4byte	.LVL100-1
 5719 051e 0100     		.2byte	0x1
 5720 0520 51       		.byte	0x51
 5721 0521 09000000 		.4byte	.LVL100-1
 5722 0525 12000000 		.4byte	.LFE16
 5723 0529 0400     		.2byte	0x4
 5724 052b F3       		.byte	0xf3
 5725 052c 01       		.uleb128 0x1
 5726 052d 51       		.byte	0x51
 5727 052e 9F       		.byte	0x9f
 5728 052f 00000000 		.4byte	0
 5729 0533 00000000 		.4byte	0
 5730              	.LLST37:
 5731 0537 00000000 		.4byte	.LVL103
 5732 053b 08000000 		.4byte	.LVL105
 5733 053f 0100     		.2byte	0x1
 5734 0541 50       		.byte	0x50
 5735 0542 08000000 		.4byte	.LVL105
 5736 0546 0A000000 		.4byte	.LVL106
 5737 054a 0100     		.2byte	0x1
 5738 054c 53       		.byte	0x53
 5739 054d 0A000000 		.4byte	.LVL106
 5740 0551 0C000000 		.4byte	.LVL107
 5741 0555 0100     		.2byte	0x1
 5742 0557 50       		.byte	0x50
ARM GAS  C:\Users\ADSTRU~1\AppData\Local\Temp\ccEcZ2Z6.s 			page 164


 5743 0558 0C000000 		.4byte	.LVL107
 5744 055c 17000000 		.4byte	.LVL109-1
 5745 0560 0100     		.2byte	0x1
 5746 0562 53       		.byte	0x53
 5747 0563 17000000 		.4byte	.LVL109-1
 5748 0567 1A000000 		.4byte	.LFE17
 5749 056b 0400     		.2byte	0x4
 5750 056d F3       		.byte	0xf3
 5751 056e 01       		.uleb128 0x1
 5752 056f 50       		.byte	0x50
 5753 0570 9F       		.byte	0x9f
 5754 0571 00000000 		.4byte	0
 5755 0575 00000000 		.4byte	0
 5756              	.LLST38:
 5757 0579 04000000 		.4byte	.LVL104
 5758 057d 0C000000 		.4byte	.LVL107
 5759 0581 0200     		.2byte	0x2
 5760 0583 30       		.byte	0x30
 5761 0584 9F       		.byte	0x9f
 5762 0585 0C000000 		.4byte	.LVL107
 5763 0589 14000000 		.4byte	.LVL108
 5764 058d 0100     		.2byte	0x1
 5765 058f 50       		.byte	0x50
 5766 0590 18000000 		.4byte	.LVL109
 5767 0594 1A000000 		.4byte	.LFE17
 5768 0598 0100     		.2byte	0x1
 5769 059a 50       		.byte	0x50
 5770 059b 00000000 		.4byte	0
 5771 059f 00000000 		.4byte	0
 5772              	.LLST39:
 5773 05a3 02000000 		.4byte	.LVL110
 5774 05a7 08000000 		.4byte	.LVL111
 5775 05ab 0200     		.2byte	0x2
 5776 05ad 30       		.byte	0x30
 5777 05ae 9F       		.byte	0x9f
 5778 05af 08000000 		.4byte	.LVL111
 5779 05b3 18000000 		.4byte	.LVL116
 5780 05b7 0100     		.2byte	0x1
 5781 05b9 55       		.byte	0x55
 5782 05ba 18000000 		.4byte	.LVL116
 5783 05be 1A000000 		.4byte	.LFE18
 5784 05c2 0100     		.2byte	0x1
 5785 05c4 50       		.byte	0x50
 5786 05c5 00000000 		.4byte	0
 5787 05c9 00000000 		.4byte	0
 5788              	.LLST40:
 5789 05cd 02000000 		.4byte	.LVL110
 5790 05d1 08000000 		.4byte	.LVL111
 5791 05d5 0200     		.2byte	0x2
 5792 05d7 30       		.byte	0x30
 5793 05d8 9F       		.byte	0x9f
 5794 05d9 08000000 		.4byte	.LVL111
 5795 05dd 18000000 		.4byte	.LVL115
 5796 05e1 0100     		.2byte	0x1
 5797 05e3 54       		.byte	0x54
 5798 05e4 00000000 		.4byte	0
 5799 05e8 00000000 		.4byte	0
ARM GAS  C:\Users\ADSTRU~1\AppData\Local\Temp\ccEcZ2Z6.s 			page 165


 5800              	.LLST41:
 5801 05ec 00000000 		.4byte	.LVL117
 5802 05f0 04000000 		.4byte	.LVL118
 5803 05f4 0100     		.2byte	0x1
 5804 05f6 50       		.byte	0x50
 5805 05f7 04000000 		.4byte	.LVL118
 5806 05fb 14000000 		.4byte	.LFE25
 5807 05ff 0400     		.2byte	0x4
 5808 0601 F3       		.byte	0xf3
 5809 0602 01       		.uleb128 0x1
 5810 0603 50       		.byte	0x50
 5811 0604 9F       		.byte	0x9f
 5812 0605 00000000 		.4byte	0
 5813 0609 00000000 		.4byte	0
 5814              	.LLST42:
 5815 060d 00000000 		.4byte	.LVL121
 5816 0611 12000000 		.4byte	.LVL122
 5817 0615 0100     		.2byte	0x1
 5818 0617 50       		.byte	0x50
 5819 0618 12000000 		.4byte	.LVL122
 5820 061c 1A000000 		.4byte	.LVL123
 5821 0620 0400     		.2byte	0x4
 5822 0622 F3       		.byte	0xf3
 5823 0623 01       		.uleb128 0x1
 5824 0624 50       		.byte	0x50
 5825 0625 9F       		.byte	0x9f
 5826 0626 1A000000 		.4byte	.LVL123
 5827 062a 1C000000 		.4byte	.LVL124
 5828 062e 0100     		.2byte	0x1
 5829 0630 50       		.byte	0x50
 5830 0631 1C000000 		.4byte	.LVL124
 5831 0635 24000000 		.4byte	.LFE26
 5832 0639 0400     		.2byte	0x4
 5833 063b F3       		.byte	0xf3
 5834 063c 01       		.uleb128 0x1
 5835 063d 50       		.byte	0x50
 5836 063e 9F       		.byte	0x9f
 5837 063f 00000000 		.4byte	0
 5838 0643 00000000 		.4byte	0
 5839              	.LLST43:
 5840 0647 20000000 		.4byte	.LVL125
 5841 064b 22000000 		.4byte	.LVL126
 5842 064f 0100     		.2byte	0x1
 5843 0651 50       		.byte	0x50
 5844 0652 00000000 		.4byte	0
 5845 0656 00000000 		.4byte	0
 5846              	.LLST44:
 5847 065a 00000000 		.4byte	.LVL127
 5848 065e 07000000 		.4byte	.LVL128-1
 5849 0662 0100     		.2byte	0x1
 5850 0664 50       		.byte	0x50
 5851 0665 07000000 		.4byte	.LVL128-1
 5852 0669 3A000000 		.4byte	.LFE22
 5853 066d 0400     		.2byte	0x4
 5854 066f F3       		.byte	0xf3
 5855 0670 01       		.uleb128 0x1
 5856 0671 50       		.byte	0x50
ARM GAS  C:\Users\ADSTRU~1\AppData\Local\Temp\ccEcZ2Z6.s 			page 166


 5857 0672 9F       		.byte	0x9f
 5858 0673 00000000 		.4byte	0
 5859 0677 00000000 		.4byte	0
 5860              	.LLST45:
 5861 067b 00000000 		.4byte	.LVL127
 5862 067f 07000000 		.4byte	.LVL128-1
 5863 0683 0100     		.2byte	0x1
 5864 0685 51       		.byte	0x51
 5865 0686 07000000 		.4byte	.LVL128-1
 5866 068a 38000000 		.4byte	.LVL142
 5867 068e 0100     		.2byte	0x1
 5868 0690 56       		.byte	0x56
 5869 0691 38000000 		.4byte	.LVL142
 5870 0695 3A000000 		.4byte	.LFE22
 5871 0699 0400     		.2byte	0x4
 5872 069b F3       		.byte	0xf3
 5873 069c 01       		.uleb128 0x1
 5874 069d 51       		.byte	0x51
 5875 069e 9F       		.byte	0x9f
 5876 069f 00000000 		.4byte	0
 5877 06a3 00000000 		.4byte	0
 5878              	.LLST46:
 5879 06a7 1C000000 		.4byte	.LVL134
 5880 06ab 20000000 		.4byte	.LVL135
 5881 06af 0100     		.2byte	0x1
 5882 06b1 50       		.byte	0x50
 5883 06b2 20000000 		.4byte	.LVL135
 5884 06b6 38000000 		.4byte	.LVL140
 5885 06ba 0100     		.2byte	0x1
 5886 06bc 54       		.byte	0x54
 5887 06bd 00000000 		.4byte	0
 5888 06c1 00000000 		.4byte	0
 5889              	.LLST47:
 5890 06c5 30000000 		.4byte	.LVL138
 5891 06c9 32000000 		.4byte	.LVL139
 5892 06cd 0100     		.2byte	0x1
 5893 06cf 50       		.byte	0x50
 5894 06d0 00000000 		.4byte	0
 5895 06d4 00000000 		.4byte	0
 5896              	.LLST48:
 5897 06d8 14000000 		.4byte	.LVL131
 5898 06dc 16000000 		.4byte	.LVL132
 5899 06e0 0100     		.2byte	0x1
 5900 06e2 50       		.byte	0x50
 5901 06e3 16000000 		.4byte	.LVL132
 5902 06e7 19000000 		.4byte	.LVL133-1
 5903 06eb 0100     		.2byte	0x1
 5904 06ed 51       		.byte	0x51
 5905 06ee 00000000 		.4byte	0
 5906 06f2 00000000 		.4byte	0
 5907              	.LLST49:
 5908 06f6 0A000000 		.4byte	.LVL129
 5909 06fa 11000000 		.4byte	.LVL130-1
 5910 06fe 0100     		.2byte	0x1
 5911 0700 50       		.byte	0x50
 5912 0701 11000000 		.4byte	.LVL130-1
 5913 0705 38000000 		.4byte	.LVL141
ARM GAS  C:\Users\ADSTRU~1\AppData\Local\Temp\ccEcZ2Z6.s 			page 167


 5914 0709 0100     		.2byte	0x1
 5915 070b 55       		.byte	0x55
 5916 070c 00000000 		.4byte	0
 5917 0710 00000000 		.4byte	0
 5918              	.LLST50:
 5919 0714 00000000 		.4byte	.LVL143
 5920 0718 1C000000 		.4byte	.LVL149
 5921 071c 0100     		.2byte	0x1
 5922 071e 50       		.byte	0x50
 5923 071f 1C000000 		.4byte	.LVL149
 5924 0723 32010000 		.4byte	.LVL184
 5925 0727 0100     		.2byte	0x1
 5926 0729 55       		.byte	0x55
 5927 072a 32010000 		.4byte	.LVL184
 5928 072e 60010000 		.4byte	.LFE19
 5929 0732 0400     		.2byte	0x4
 5930 0734 F3       		.byte	0xf3
 5931 0735 01       		.uleb128 0x1
 5932 0736 50       		.byte	0x50
 5933 0737 9F       		.byte	0x9f
 5934 0738 00000000 		.4byte	0
 5935 073c 00000000 		.4byte	0
 5936              	.LLST51:
 5937 0740 0A000000 		.4byte	.LVL144
 5938 0744 FA000000 		.4byte	.LVL176
 5939 0748 0200     		.2byte	0x2
 5940 074a 30       		.byte	0x30
 5941 074b 9F       		.byte	0x9f
 5942 074c FA000000 		.4byte	.LVL176
 5943 0750 30010000 		.4byte	.LVL182
 5944 0754 0100     		.2byte	0x1
 5945 0756 56       		.byte	0x56
 5946 0757 30010000 		.4byte	.LVL182
 5947 075b 60010000 		.4byte	.LFE19
 5948 075f 0100     		.2byte	0x1
 5949 0761 50       		.byte	0x50
 5950 0762 00000000 		.4byte	0
 5951 0766 00000000 		.4byte	0
 5952              	.LLST52:
 5953 076a 84000000 		.4byte	.LVL161
 5954 076e 8E000000 		.4byte	.LVL162
 5955 0772 0200     		.2byte	0x2
 5956 0774 30       		.byte	0x30
 5957 0775 9F       		.byte	0x9f
 5958 0776 8E000000 		.4byte	.LVL162
 5959 077a BA000000 		.4byte	.LVL169
 5960 077e 0100     		.2byte	0x1
 5961 0780 52       		.byte	0x52
 5962 0781 00000000 		.4byte	0
 5963 0785 00000000 		.4byte	0
 5964              	.LLST53:
 5965 0789 22000000 		.4byte	.LVL151
 5966 078d 24000000 		.4byte	.LVL152
 5967 0791 0100     		.2byte	0x1
 5968 0793 50       		.byte	0x50
 5969 0794 24000000 		.4byte	.LVL152
 5970 0798 C4000000 		.4byte	.LVL170
ARM GAS  C:\Users\ADSTRU~1\AppData\Local\Temp\ccEcZ2Z6.s 			page 168


 5971 079c 0100     		.2byte	0x1
 5972 079e 58       		.byte	0x58
 5973 079f 00000000 		.4byte	0
 5974 07a3 00000000 		.4byte	0
 5975              	.LLST54:
 5976 07a7 22000000 		.4byte	.LVL151
 5977 07ab 3A000000 		.4byte	.LVL155
 5978 07af 0400     		.2byte	0x4
 5979 07b1 0A       		.byte	0xa
 5980 07b2 A00F     		.2byte	0xfa0
 5981 07b4 9F       		.byte	0x9f
 5982 07b5 3A000000 		.4byte	.LVL155
 5983 07b9 40000000 		.4byte	.LVL156
 5984 07bd 0100     		.2byte	0x1
 5985 07bf 50       		.byte	0x50
 5986 07c0 40000000 		.4byte	.LVL156
 5987 07c4 47000000 		.4byte	.LVL157-1
 5988 07c8 0400     		.2byte	0x4
 5989 07ca 70       		.byte	0x70
 5990 07cb 9978     		.sleb128 -999
 5991 07cd 9F       		.byte	0x9f
 5992 07ce 4A000000 		.4byte	.LVL158
 5993 07d2 50000000 		.4byte	.LVL159
 5994 07d6 0100     		.2byte	0x1
 5995 07d8 50       		.byte	0x50
 5996 07d9 50000000 		.4byte	.LVL159
 5997 07dd F6000000 		.4byte	.LVL174
 5998 07e1 0100     		.2byte	0x1
 5999 07e3 56       		.byte	0x56
 6000 07e4 F8000000 		.4byte	.LVL175
 6001 07e8 FA000000 		.4byte	.LVL176
 6002 07ec 0100     		.2byte	0x1
 6003 07ee 56       		.byte	0x56
 6004 07ef 00000000 		.4byte	0
 6005 07f3 00000000 		.4byte	0
 6006              	.LLST55:
 6007 07f7 2A000000 		.4byte	.LVL153
 6008 07fb 2F000000 		.4byte	.LVL154-1
 6009 07ff 0100     		.2byte	0x1
 6010 0801 50       		.byte	0x50
 6011 0802 2F000000 		.4byte	.LVL154-1
 6012 0806 30000000 		.4byte	.LVL154
 6013 080a 0700     		.2byte	0x7
 6014 080c 78       		.byte	0x78
 6015 080d 00       		.sleb128 0
 6016 080e 0A       		.byte	0xa
 6017 080f E803     		.2byte	0x3e8
 6018 0811 1E       		.byte	0x1e
 6019 0812 9F       		.byte	0x9f
 6020 0813 30000000 		.4byte	.LVL154
 6021 0817 3A000000 		.4byte	.LVL155
 6022 081b 0100     		.2byte	0x1
 6023 081d 50       		.byte	0x50
 6024 081e 00000000 		.4byte	0
 6025 0822 00000000 		.4byte	0
 6026              	.LLST56:
 6027 0826 0A000000 		.4byte	.LVL144
ARM GAS  C:\Users\ADSTRU~1\AppData\Local\Temp\ccEcZ2Z6.s 			page 169


 6028 082a 8E000000 		.4byte	.LVL162
 6029 082e 0200     		.2byte	0x2
 6030 0830 30       		.byte	0x30
 6031 0831 9F       		.byte	0x9f
 6032 0832 8E000000 		.4byte	.LVL162
 6033 0836 98000000 		.4byte	.LVL164
 6034 083a 0100     		.2byte	0x1
 6035 083c 5C       		.byte	0x5c
 6036 083d 98000000 		.4byte	.LVL164
 6037 0841 9A000000 		.4byte	.LVL165
 6038 0845 0100     		.2byte	0x1
 6039 0847 51       		.byte	0x51
 6040 0848 9A000000 		.4byte	.LVL165
 6041 084c D7000000 		.4byte	.LVL172-1
 6042 0850 0100     		.2byte	0x1
 6043 0852 5C       		.byte	0x5c
 6044 0853 00000000 		.4byte	0
 6045 0857 00000000 		.4byte	0
 6046              	.LLST57:
 6047 085b 0A000000 		.4byte	.LVL144
 6048 085f E0000000 		.4byte	.LVL173
 6049 0863 0200     		.2byte	0x2
 6050 0865 30       		.byte	0x30
 6051 0866 9F       		.byte	0x9f
 6052 0867 E0000000 		.4byte	.LVL173
 6053 086b FE000000 		.4byte	.LVL177
 6054 086f 0100     		.2byte	0x1
 6055 0871 50       		.byte	0x50
 6056 0872 FE000000 		.4byte	.LVL177
 6057 0876 01010000 		.4byte	.LVL178-1
 6058 087a 0200     		.2byte	0x2
 6059 087c 77       		.byte	0x77
 6060 087d 00       		.sleb128 0
 6061 087e 00000000 		.4byte	0
 6062 0882 00000000 		.4byte	0
 6063              	.LLST58:
 6064 0886 0A000000 		.4byte	.LVL144
 6065 088a 8E000000 		.4byte	.LVL162
 6066 088e 0200     		.2byte	0x2
 6067 0890 30       		.byte	0x30
 6068 0891 9F       		.byte	0x9f
 6069 0892 8E000000 		.4byte	.LVL162
 6070 0896 94000000 		.4byte	.LVL163
 6071 089a 0100     		.2byte	0x1
 6072 089c 51       		.byte	0x51
 6073 089d 94000000 		.4byte	.LVL163
 6074 08a1 9A000000 		.4byte	.LVL165
 6075 08a5 0100     		.2byte	0x1
 6076 08a7 53       		.byte	0x53
 6077 08a8 9A000000 		.4byte	.LVL165
 6078 08ac D4000000 		.4byte	.LVL171
 6079 08b0 0100     		.2byte	0x1
 6080 08b2 51       		.byte	0x51
 6081 08b3 00000000 		.4byte	0
 6082 08b7 00000000 		.4byte	0
 6083              	.LLST59:
 6084 08bb 12000000 		.4byte	.LVL145
ARM GAS  C:\Users\ADSTRU~1\AppData\Local\Temp\ccEcZ2Z6.s 			page 170


 6085 08bf 18000000 		.4byte	.LVL148
 6086 08c3 0100     		.2byte	0x1
 6087 08c5 53       		.byte	0x53
 6088 08c6 00000000 		.4byte	0
 6089 08ca 00000000 		.4byte	0
 6090              	.LLST60:
 6091 08ce 14000000 		.4byte	.LVL146
 6092 08d2 32010000 		.4byte	.LVL183
 6093 08d6 0100     		.2byte	0x1
 6094 08d8 54       		.byte	0x54
 6095 08d9 00000000 		.4byte	0
 6096 08dd 00000000 		.4byte	0
 6097              	.LLST61:
 6098 08e1 16000000 		.4byte	.LVL147
 6099 08e5 B0000000 		.4byte	.LVL168
 6100 08e9 0100     		.2byte	0x1
 6101 08eb 57       		.byte	0x57
 6102 08ec 00000000 		.4byte	0
 6103 08f0 00000000 		.4byte	0
 6104              	.LLST62:
 6105 08f4 02000000 		.4byte	.LVL185
 6106 08f8 08000000 		.4byte	.LVL186
 6107 08fc 0200     		.2byte	0x2
 6108 08fe 30       		.byte	0x30
 6109 08ff 9F       		.byte	0x9f
 6110 0900 08000000 		.4byte	.LVL186
 6111 0904 18000000 		.4byte	.LVL191
 6112 0908 0100     		.2byte	0x1
 6113 090a 55       		.byte	0x55
 6114 090b 18000000 		.4byte	.LVL191
 6115 090f 1A000000 		.4byte	.LFE20
 6116 0913 0100     		.2byte	0x1
 6117 0915 50       		.byte	0x50
 6118 0916 00000000 		.4byte	0
 6119 091a 00000000 		.4byte	0
 6120              	.LLST63:
 6121 091e 02000000 		.4byte	.LVL185
 6122 0922 08000000 		.4byte	.LVL186
 6123 0926 0200     		.2byte	0x2
 6124 0928 30       		.byte	0x30
 6125 0929 9F       		.byte	0x9f
 6126 092a 08000000 		.4byte	.LVL186
 6127 092e 18000000 		.4byte	.LVL190
 6128 0932 0100     		.2byte	0x1
 6129 0934 54       		.byte	0x54
 6130 0935 00000000 		.4byte	0
 6131 0939 00000000 		.4byte	0
 6132              	.LLST64:
 6133 093d 02000000 		.4byte	.LVL192
 6134 0941 06000000 		.4byte	.LVL193
 6135 0945 0200     		.2byte	0x2
 6136 0947 30       		.byte	0x30
 6137 0948 9F       		.byte	0x9f
 6138 0949 06000000 		.4byte	.LVL193
 6139 094d 1C000000 		.4byte	.LVL197
 6140 0951 0100     		.2byte	0x1
 6141 0953 54       		.byte	0x54
ARM GAS  C:\Users\ADSTRU~1\AppData\Local\Temp\ccEcZ2Z6.s 			page 171


 6142 0954 00000000 		.4byte	0
 6143 0958 00000000 		.4byte	0
 6144              	.LLST65:
 6145 095c 10000000 		.4byte	.LVL194
 6146 0960 15000000 		.4byte	.LVL195-1
 6147 0964 0100     		.2byte	0x1
 6148 0966 51       		.byte	0x51
 6149 0967 00000000 		.4byte	0
 6150 096b 00000000 		.4byte	0
 6151              	.LLST66:
 6152 096f 00000000 		.4byte	.LVL198
 6153 0973 37000000 		.4byte	.LVL203-1
 6154 0977 0100     		.2byte	0x1
 6155 0979 50       		.byte	0x50
 6156 097a 37000000 		.4byte	.LVL203-1
 6157 097e 42000000 		.4byte	.LVL206
 6158 0982 0200     		.2byte	0x2
 6159 0984 91       		.byte	0x91
 6160 0985 54       		.sleb128 -44
 6161 0986 42000000 		.4byte	.LVL206
 6162 098a D4000000 		.4byte	.LFE27
 6163 098e 0400     		.2byte	0x4
 6164 0990 F3       		.byte	0xf3
 6165 0991 01       		.uleb128 0x1
 6166 0992 50       		.byte	0x50
 6167 0993 9F       		.byte	0x9f
 6168 0994 00000000 		.4byte	0
 6169 0998 00000000 		.4byte	0
 6170              	.LLST67:
 6171 099c 1C000000 		.4byte	.LVL199
 6172 09a0 2A000000 		.4byte	.LVL201
 6173 09a4 0100     		.2byte	0x1
 6174 09a6 54       		.byte	0x54
 6175 09a7 2A000000 		.4byte	.LVL201
 6176 09ab 42000000 		.4byte	.LVL206
 6177 09af 0200     		.2byte	0x2
 6178 09b1 7D       		.byte	0x7d
 6179 09b2 00       		.sleb128 0
 6180 09b3 00000000 		.4byte	0
 6181 09b7 00000000 		.4byte	0
 6182              	.LLST68:
 6183 09bb 28000000 		.4byte	.LVL200
 6184 09bf 37000000 		.4byte	.LVL203-1
 6185 09c3 0100     		.2byte	0x1
 6186 09c5 52       		.byte	0x52
 6187 09c6 37000000 		.4byte	.LVL203-1
 6188 09ca B2000000 		.4byte	.LVL235
 6189 09ce 0100     		.2byte	0x1
 6190 09d0 59       		.byte	0x59
 6191 09d1 00000000 		.4byte	0
 6192 09d5 00000000 		.4byte	0
 6193              	.LLST69:
 6194 09d9 34000000 		.4byte	.LVL202
 6195 09dd 5E000000 		.4byte	.LVL214
 6196 09e1 0100     		.2byte	0x1
 6197 09e3 55       		.byte	0x55
 6198 09e4 5E000000 		.4byte	.LVL214
ARM GAS  C:\Users\ADSTRU~1\AppData\Local\Temp\ccEcZ2Z6.s 			page 172


 6199 09e8 B2000000 		.4byte	.LVL236
 6200 09ec 0100     		.2byte	0x1
 6201 09ee 5B       		.byte	0x5b
 6202 09ef 00000000 		.4byte	0
 6203 09f3 00000000 		.4byte	0
 6204              	.LLST70:
 6205 09f7 3A000000 		.4byte	.LVL204
 6206 09fb 45000000 		.4byte	.LVL207-1
 6207 09ff 0100     		.2byte	0x1
 6208 0a01 53       		.byte	0x53
 6209 0a02 4C000000 		.4byte	.LVL209
 6210 0a06 55000000 		.4byte	.LVL211-1
 6211 0a0a 0100     		.2byte	0x1
 6212 0a0c 53       		.byte	0x53
 6213 0a0d 5C000000 		.4byte	.LVL213
 6214 0a11 6B000000 		.4byte	.LVL217-1
 6215 0a15 0100     		.2byte	0x1
 6216 0a17 53       		.byte	0x53
 6217 0a18 7A000000 		.4byte	.LVL220
 6218 0a1c 7C000000 		.4byte	.LVL221
 6219 0a20 0100     		.2byte	0x1
 6220 0a22 53       		.byte	0x53
 6221 0a23 7C000000 		.4byte	.LVL221
 6222 0a27 8C000000 		.4byte	.LVL225
 6223 0a2b 0100     		.2byte	0x1
 6224 0a2d 55       		.byte	0x55
 6225 0a2e 8C000000 		.4byte	.LVL225
 6226 0a32 99000000 		.4byte	.LVL228-1
 6227 0a36 0100     		.2byte	0x1
 6228 0a38 53       		.byte	0x53
 6229 0a39 A0000000 		.4byte	.LVL230
 6230 0a3d A6000000 		.4byte	.LVL231
 6231 0a41 0100     		.2byte	0x1
 6232 0a43 53       		.byte	0x53
 6233 0a44 A6000000 		.4byte	.LVL231
 6234 0a48 AA000000 		.4byte	.LVL232
 6235 0a4c 0100     		.2byte	0x1
 6236 0a4e 52       		.byte	0x52
 6237 0a4f AA000000 		.4byte	.LVL232
 6238 0a53 B2000000 		.4byte	.LVL234
 6239 0a57 0100     		.2byte	0x1
 6240 0a59 54       		.byte	0x54
 6241 0a5a 00000000 		.4byte	0
 6242 0a5e 00000000 		.4byte	0
 6243              	.LLST71:
 6244 0a62 38000000 		.4byte	.LVL203
 6245 0a66 45000000 		.4byte	.LVL207-1
 6246 0a6a 0100     		.2byte	0x1
 6247 0a6c 50       		.byte	0x50
 6248 0a6d 4A000000 		.4byte	.LVL208
 6249 0a71 55000000 		.4byte	.LVL211-1
 6250 0a75 0100     		.2byte	0x1
 6251 0a77 50       		.byte	0x50
 6252 0a78 5A000000 		.4byte	.LVL212
 6253 0a7c 6B000000 		.4byte	.LVL217-1
 6254 0a80 0100     		.2byte	0x1
 6255 0a82 50       		.byte	0x50
ARM GAS  C:\Users\ADSTRU~1\AppData\Local\Temp\ccEcZ2Z6.s 			page 173


 6256 0a83 78000000 		.4byte	.LVL219
 6257 0a87 85000000 		.4byte	.LVL223-1
 6258 0a8b 0100     		.2byte	0x1
 6259 0a8d 50       		.byte	0x50
 6260 0a8e 8A000000 		.4byte	.LVL224
 6261 0a92 99000000 		.4byte	.LVL228-1
 6262 0a96 0100     		.2byte	0x1
 6263 0a98 50       		.byte	0x50
 6264 0a99 9E000000 		.4byte	.LVL229
 6265 0a9d AF000000 		.4byte	.LVL233-1
 6266 0aa1 0100     		.2byte	0x1
 6267 0aa3 50       		.byte	0x50
 6268 0aa4 00000000 		.4byte	0
 6269 0aa8 00000000 		.4byte	0
 6270              	.LLST72:
 6271 0aac 00000000 		.4byte	.LVL237
 6272 0ab0 10000000 		.4byte	.LVL239
 6273 0ab4 0100     		.2byte	0x1
 6274 0ab6 50       		.byte	0x50
 6275 0ab7 10000000 		.4byte	.LVL239
 6276 0abb 1C000000 		.4byte	.LFE28
 6277 0abf 0400     		.2byte	0x4
 6278 0ac1 F3       		.byte	0xf3
 6279 0ac2 01       		.uleb128 0x1
 6280 0ac3 50       		.byte	0x50
 6281 0ac4 9F       		.byte	0x9f
 6282 0ac5 00000000 		.4byte	0
 6283 0ac9 00000000 		.4byte	0
 6284              	.LLST73:
 6285 0acd 00000000 		.4byte	.LVL237
 6286 0ad1 13000000 		.4byte	.LVL240-1
 6287 0ad5 0100     		.2byte	0x1
 6288 0ad7 51       		.byte	0x51
 6289 0ad8 13000000 		.4byte	.LVL240-1
 6290 0adc 1C000000 		.4byte	.LFE28
 6291 0ae0 0400     		.2byte	0x4
 6292 0ae2 F3       		.byte	0xf3
 6293 0ae3 01       		.uleb128 0x1
 6294 0ae4 51       		.byte	0x51
 6295 0ae5 9F       		.byte	0x9f
 6296 0ae6 00000000 		.4byte	0
 6297 0aea 00000000 		.4byte	0
 6298              	.LLST74:
 6299 0aee 02000000 		.4byte	.LVL238
 6300 0af2 14000000 		.4byte	.LVL240
 6301 0af6 0200     		.2byte	0x2
 6302 0af8 30       		.byte	0x30
 6303 0af9 9F       		.byte	0x9f
 6304 0afa 14000000 		.4byte	.LVL240
 6305 0afe 16000000 		.4byte	.LVL241
 6306 0b02 0200     		.2byte	0x2
 6307 0b04 31       		.byte	0x31
 6308 0b05 9F       		.byte	0x9f
 6309 0b06 16000000 		.4byte	.LVL241
 6310 0b0a 1C000000 		.4byte	.LFE28
 6311 0b0e 0100     		.2byte	0x1
 6312 0b10 50       		.byte	0x50
ARM GAS  C:\Users\ADSTRU~1\AppData\Local\Temp\ccEcZ2Z6.s 			page 174


 6313 0b11 00000000 		.4byte	0
 6314 0b15 00000000 		.4byte	0
 6315              	.LLST75:
 6316 0b19 00000000 		.4byte	.LVL242
 6317 0b1d 0B000000 		.4byte	.LVL243-1
 6318 0b21 0100     		.2byte	0x1
 6319 0b23 50       		.byte	0x50
 6320 0b24 0B000000 		.4byte	.LVL243-1
 6321 0b28 1A000000 		.4byte	.LVL246
 6322 0b2c 0100     		.2byte	0x1
 6323 0b2e 55       		.byte	0x55
 6324 0b2f 1A000000 		.4byte	.LVL246
 6325 0b33 1C000000 		.4byte	.LFE29
 6326 0b37 0400     		.2byte	0x4
 6327 0b39 F3       		.byte	0xf3
 6328 0b3a 01       		.uleb128 0x1
 6329 0b3b 50       		.byte	0x50
 6330 0b3c 9F       		.byte	0x9f
 6331 0b3d 00000000 		.4byte	0
 6332 0b41 00000000 		.4byte	0
 6333              	.LLST76:
 6334 0b45 00000000 		.4byte	.LVL242
 6335 0b49 0B000000 		.4byte	.LVL243-1
 6336 0b4d 0100     		.2byte	0x1
 6337 0b4f 51       		.byte	0x51
 6338 0b50 0B000000 		.4byte	.LVL243-1
 6339 0b54 1A000000 		.4byte	.LVL247
 6340 0b58 0100     		.2byte	0x1
 6341 0b5a 56       		.byte	0x56
 6342 0b5b 1A000000 		.4byte	.LVL247
 6343 0b5f 1C000000 		.4byte	.LFE29
 6344 0b63 0400     		.2byte	0x4
 6345 0b65 F3       		.byte	0xf3
 6346 0b66 01       		.uleb128 0x1
 6347 0b67 51       		.byte	0x51
 6348 0b68 9F       		.byte	0x9f
 6349 0b69 00000000 		.4byte	0
 6350 0b6d 00000000 		.4byte	0
 6351              	.LLST77:
 6352 0b71 00000000 		.4byte	.LVL242
 6353 0b75 0B000000 		.4byte	.LVL243-1
 6354 0b79 0100     		.2byte	0x1
 6355 0b7b 52       		.byte	0x52
 6356 0b7c 0B000000 		.4byte	.LVL243-1
 6357 0b80 10000000 		.4byte	.LVL244
 6358 0b84 0100     		.2byte	0x1
 6359 0b86 54       		.byte	0x54
 6360 0b87 10000000 		.4byte	.LVL244
 6361 0b8b 1C000000 		.4byte	.LFE29
 6362 0b8f 0400     		.2byte	0x4
 6363 0b91 F3       		.byte	0xf3
 6364 0b92 01       		.uleb128 0x1
 6365 0b93 52       		.byte	0x52
 6366 0b94 9F       		.byte	0x9f
 6367 0b95 00000000 		.4byte	0
 6368 0b99 00000000 		.4byte	0
 6369              	.LLST78:
ARM GAS  C:\Users\ADSTRU~1\AppData\Local\Temp\ccEcZ2Z6.s 			page 175


 6370 0b9d 0C000000 		.4byte	.LVL243
 6371 0ba1 19000000 		.4byte	.LVL245-1
 6372 0ba5 0100     		.2byte	0x1
 6373 0ba7 50       		.byte	0x50
 6374 0ba8 00000000 		.4byte	0
 6375 0bac 00000000 		.4byte	0
 6376              	.LLST79:
 6377 0bb0 06000000 		.4byte	.LVL248
 6378 0bb4 17000000 		.4byte	.LVL250-1
 6379 0bb8 0100     		.2byte	0x1
 6380 0bba 53       		.byte	0x53
 6381 0bbb 00000000 		.4byte	0
 6382 0bbf 00000000 		.4byte	0
 6383              	.LLST80:
 6384 0bc3 00000000 		.4byte	.LVL252
 6385 0bc7 13000000 		.4byte	.LVL253-1
 6386 0bcb 0100     		.2byte	0x1
 6387 0bcd 50       		.byte	0x50
 6388 0bce 13000000 		.4byte	.LVL253-1
 6389 0bd2 3C000000 		.4byte	.LFE10
 6390 0bd6 0400     		.2byte	0x4
 6391 0bd8 F3       		.byte	0xf3
 6392 0bd9 01       		.uleb128 0x1
 6393 0bda 50       		.byte	0x50
 6394 0bdb 9F       		.byte	0x9f
 6395 0bdc 00000000 		.4byte	0
 6396 0be0 00000000 		.4byte	0
 6397              		.section	.debug_aranges,"",%progbits
 6398 0000 FC000000 		.4byte	0xfc
 6399 0004 0200     		.2byte	0x2
 6400 0006 00000000 		.4byte	.Ldebug_info0
 6401 000a 04       		.byte	0x4
 6402 000b 00       		.byte	0
 6403 000c 0000     		.2byte	0
 6404 000e 0000     		.2byte	0
 6405 0010 00000000 		.4byte	.LFB23
 6406 0014 84000000 		.4byte	.LFE23-.LFB23
 6407 0018 00000000 		.4byte	.LFB24
 6408 001c 42000000 		.4byte	.LFE24-.LFB24
 6409 0020 00000000 		.4byte	.LFB1
 6410 0024 10000000 		.4byte	.LFE1-.LFB1
 6411 0028 00000000 		.4byte	.LFB2
 6412 002c 40000000 		.4byte	.LFE2-.LFB2
 6413 0030 00000000 		.4byte	.LFB3
 6414 0034 2C000000 		.4byte	.LFE3-.LFB3
 6415 0038 00000000 		.4byte	.LFB4
 6416 003c 3C000000 		.4byte	.LFE4-.LFB4
 6417 0040 00000000 		.4byte	.LFB5
 6418 0044 58000000 		.4byte	.LFE5-.LFB5
 6419 0048 00000000 		.4byte	.LFB6
 6420 004c 2C000000 		.4byte	.LFE6-.LFB6
 6421 0050 00000000 		.4byte	.LFB8
 6422 0054 9C000000 		.4byte	.LFE8-.LFB8
 6423 0058 00000000 		.4byte	.LFB11
 6424 005c 80000000 		.4byte	.LFE11-.LFB11
 6425 0060 00000000 		.4byte	.LFB12
 6426 0064 02000000 		.4byte	.LFE12-.LFB12
ARM GAS  C:\Users\ADSTRU~1\AppData\Local\Temp\ccEcZ2Z6.s 			page 176


 6427 0068 00000000 		.4byte	.LFB13
 6428 006c 08000000 		.4byte	.LFE13-.LFB13
 6429 0070 00000000 		.4byte	.LFB14
 6430 0074 30000000 		.4byte	.LFE14-.LFB14
 6431 0078 00000000 		.4byte	.LFB15
 6432 007c 14000000 		.4byte	.LFE15-.LFB15
 6433 0080 00000000 		.4byte	.LFB16
 6434 0084 12000000 		.4byte	.LFE16-.LFB16
 6435 0088 00000000 		.4byte	.LFB17
 6436 008c 1A000000 		.4byte	.LFE17-.LFB17
 6437 0090 00000000 		.4byte	.LFB18
 6438 0094 1A000000 		.4byte	.LFE18-.LFB18
 6439 0098 00000000 		.4byte	.LFB25
 6440 009c 14000000 		.4byte	.LFE25-.LFB25
 6441 00a0 00000000 		.4byte	.LFB26
 6442 00a4 24000000 		.4byte	.LFE26-.LFB26
 6443 00a8 00000000 		.4byte	.LFB22
 6444 00ac 3A000000 		.4byte	.LFE22-.LFB22
 6445 00b0 00000000 		.4byte	.LFB19
 6446 00b4 60010000 		.4byte	.LFE19-.LFB19
 6447 00b8 00000000 		.4byte	.LFB20
 6448 00bc 1A000000 		.4byte	.LFE20-.LFB20
 6449 00c0 00000000 		.4byte	.LFB21
 6450 00c4 24000000 		.4byte	.LFE21-.LFB21
 6451 00c8 00000000 		.4byte	.LFB27
 6452 00cc D4000000 		.4byte	.LFE27-.LFB27
 6453 00d0 00000000 		.4byte	.LFB28
 6454 00d4 1C000000 		.4byte	.LFE28-.LFB28
 6455 00d8 00000000 		.4byte	.LFB29
 6456 00dc 1C000000 		.4byte	.LFE29-.LFB29
 6457 00e0 00000000 		.4byte	.LFB9
 6458 00e4 28000000 		.4byte	.LFE9-.LFB9
 6459 00e8 00000000 		.4byte	.LFB10
 6460 00ec 3C000000 		.4byte	.LFE10-.LFB10
 6461 00f0 00000000 		.4byte	.LFB7
 6462 00f4 28000000 		.4byte	.LFE7-.LFB7
 6463 00f8 00000000 		.4byte	0
 6464 00fc 00000000 		.4byte	0
 6465              		.section	.debug_ranges,"",%progbits
 6466              	.Ldebug_ranges0:
 6467 0000 00000000 		.4byte	.LFB23
 6468 0004 84000000 		.4byte	.LFE23
 6469 0008 00000000 		.4byte	.LFB24
 6470 000c 42000000 		.4byte	.LFE24
 6471 0010 00000000 		.4byte	.LFB1
 6472 0014 10000000 		.4byte	.LFE1
 6473 0018 00000000 		.4byte	.LFB2
 6474 001c 40000000 		.4byte	.LFE2
 6475 0020 00000000 		.4byte	.LFB3
 6476 0024 2C000000 		.4byte	.LFE3
 6477 0028 00000000 		.4byte	.LFB4
 6478 002c 3C000000 		.4byte	.LFE4
 6479 0030 00000000 		.4byte	.LFB5
 6480 0034 58000000 		.4byte	.LFE5
 6481 0038 00000000 		.4byte	.LFB6
 6482 003c 2C000000 		.4byte	.LFE6
 6483 0040 00000000 		.4byte	.LFB8
ARM GAS  C:\Users\ADSTRU~1\AppData\Local\Temp\ccEcZ2Z6.s 			page 177


 6484 0044 9C000000 		.4byte	.LFE8
 6485 0048 00000000 		.4byte	.LFB11
 6486 004c 80000000 		.4byte	.LFE11
 6487 0050 00000000 		.4byte	.LFB12
 6488 0054 02000000 		.4byte	.LFE12
 6489 0058 00000000 		.4byte	.LFB13
 6490 005c 08000000 		.4byte	.LFE13
 6491 0060 00000000 		.4byte	.LFB14
 6492 0064 30000000 		.4byte	.LFE14
 6493 0068 00000000 		.4byte	.LFB15
 6494 006c 14000000 		.4byte	.LFE15
 6495 0070 00000000 		.4byte	.LFB16
 6496 0074 12000000 		.4byte	.LFE16
 6497 0078 00000000 		.4byte	.LFB17
 6498 007c 1A000000 		.4byte	.LFE17
 6499 0080 00000000 		.4byte	.LFB18
 6500 0084 1A000000 		.4byte	.LFE18
 6501 0088 00000000 		.4byte	.LFB25
 6502 008c 14000000 		.4byte	.LFE25
 6503 0090 00000000 		.4byte	.LFB26
 6504 0094 24000000 		.4byte	.LFE26
 6505 0098 00000000 		.4byte	.LFB22
 6506 009c 3A000000 		.4byte	.LFE22
 6507 00a0 00000000 		.4byte	.LFB19
 6508 00a4 60010000 		.4byte	.LFE19
 6509 00a8 00000000 		.4byte	.LFB20
 6510 00ac 1A000000 		.4byte	.LFE20
 6511 00b0 00000000 		.4byte	.LFB21
 6512 00b4 24000000 		.4byte	.LFE21
 6513 00b8 00000000 		.4byte	.LFB27
 6514 00bc D4000000 		.4byte	.LFE27
 6515 00c0 00000000 		.4byte	.LFB28
 6516 00c4 1C000000 		.4byte	.LFE28
 6517 00c8 00000000 		.4byte	.LFB29
 6518 00cc 1C000000 		.4byte	.LFE29
 6519 00d0 00000000 		.4byte	.LFB9
 6520 00d4 28000000 		.4byte	.LFE9
 6521 00d8 00000000 		.4byte	.LFB10
 6522 00dc 3C000000 		.4byte	.LFE10
 6523 00e0 00000000 		.4byte	.LFB7
 6524 00e4 28000000 		.4byte	.LFE7
 6525 00e8 00000000 		.4byte	0
 6526 00ec 00000000 		.4byte	0
 6527              		.section	.debug_line,"",%progbits
 6528              	.Ldebug_line0:
 6529 0000 59060000 		.section	.debug_str,"MS",%progbits,1
 6529      0200E901 
 6529      00000201 
 6529      FB0E0D00 
 6529      01010101 
 6530              	.LASF170:
 6531 0000 43617053 		.ascii	"CapSense_SsCSDGetColSnsClkDivider\000"
 6531      656E7365 
 6531      5F537343 
 6531      53444765 
 6531      74436F6C 
 6532              	.LASF146:
ARM GAS  C:\Users\ADSTRU~1\AppData\Local\Temp\ccEcZ2Z6.s 			page 178


 6533 0022 73656E73 		.ascii	"sensorElement\000"
 6533      6F72456C 
 6533      656D656E 
 6533      7400
 6534              	.LASF184:
 6535 0030 6D617843 		.ascii	"maxCp\000"
 6535      7000
 6536              	.LASF140:
 6537 0036 7363616E 		.ascii	"scanStatus\000"
 6537      53746174 
 6537      757300
 6538              	.LASF202:
 6539 0041 43617053 		.ascii	"CapSense_SsCSDDisableMode\000"
 6539      656E7365 
 6539      5F537343 
 6539      53444469 
 6539      7361626C 
 6540              	.LASF143:
 6541 005b 43617053 		.ascii	"CapSense_SetupWidgetExt\000"
 6541      656E7365 
 6541      5F536574 
 6541      75705769 
 6541      64676574 
 6542              	.LASF209:
 6543 0073 43617053 		.ascii	"CapSense_widgetIndex\000"
 6543      656E7365 
 6543      5F776964 
 6543      67657449 
 6543      6E646578 
 6544              	.LASF85:
 6545 0088 736E7254 		.ascii	"snrTestWidgetId\000"
 6545      65737457 
 6545      69646765 
 6545      74496400 
 6546              	.LASF42:
 6547 0098 43617053 		.ascii	"CapSense_UNDEFINED_E\000"
 6547      656E7365 
 6547      5F554E44 
 6547      4546494E 
 6547      45445F45 
 6548              	.LASF8:
 6549 00ad 756E7369 		.ascii	"unsigned int\000"
 6549      676E6564 
 6549      20696E74 
 6549      00
 6550              	.LASF76:
 6551 00ba 7363616E 		.ascii	"scanCounter\000"
 6551      436F756E 
 6551      74657200 
 6552              	.LASF179:
 6553 00c6 696E7075 		.ascii	"inputSnsClk\000"
 6553      74536E73 
 6553      436C6B00 
 6554              	.LASF74:
 6555 00d2 6877436C 		.ascii	"hwClock\000"
 6555      6F636B00 
 6556              	.LASF89:
ARM GAS  C:\Users\ADSTRU~1\AppData\Local\Temp\ccEcZ2Z6.s 			page 179


 6557 00da 7363616E 		.ascii	"scanCsdISC\000"
 6557      43736449 
 6557      534300
 6558              	.LASF187:
 6559 00e5 70747252 		.ascii	"ptrRamWidget\000"
 6559      616D5769 
 6559      64676574 
 6559      00
 6560              	.LASF230:
 6561 00f2 43794861 		.ascii	"CyHalt\000"
 6561      6C7400
 6562              	.LASF123:
 6563 00f9 43617053 		.ascii	"CapSense_BIST_CSD_SH_CAP_E\000"
 6563      656E7365 
 6563      5F424953 
 6563      545F4353 
 6563      445F5348 
 6564              	.LASF150:
 6565 0114 696E7465 		.ascii	"interruptState\000"
 6565      72727570 
 6565      74537461 
 6565      746500
 6566              	.LASF133:
 6567 0123 6C667372 		.ascii	"lfsrScale\000"
 6567      5363616C 
 6567      6500
 6568              	.LASF194:
 6569 012d 64725265 		.ascii	"drReg\000"
 6569      6700
 6570              	.LASF186:
 6571 0133 70747246 		.ascii	"ptrFlashWidget\000"
 6571      6C617368 
 6571      57696467 
 6571      657400
 6572              	.LASF23:
 6573 0142 69446163 		.ascii	"iDacGain\000"
 6573      4761696E 
 6573      00
 6574              	.LASF228:
 6575 014b 536D6172 		.ascii	"SmartSense_TuneSensitivity\000"
 6575      7453656E 
 6575      73655F54 
 6575      756E6553 
 6575      656E7369 
 6576              	.LASF29:
 6577 0166 736E7343 		.ascii	"snsClkInputClock\000"
 6577      6C6B496E 
 6577      70757443 
 6577      6C6F636B 
 6577      00
 6578              	.LASF134:
 6579 0177 6C667372 		.ascii	"lfsrRange\000"
 6579      52616E67 
 6579      6500
 6580              	.LASF169:
 6581 0181 43617053 		.ascii	"CapSense_CalibrateAllWidgets\000"
 6581      656E7365 
ARM GAS  C:\Users\ADSTRU~1\AppData\Local\Temp\ccEcZ2Z6.s 			page 180


 6581      5F43616C 
 6581      69627261 
 6581      7465416C 
 6582              	.LASF236:
 6583 019e 43617053 		.ascii	"CapSense_IsBusy\000"
 6583      656E7365 
 6583      5F497342 
 6583      75737900 
 6584              	.LASF193:
 6585 01ae 6873696F 		.ascii	"hsiomReg\000"
 6585      6D526567 
 6585      00
 6586              	.LASF162:
 6587 01b7 43617053 		.ascii	"CapSense_SsSetModClkClockDivider\000"
 6587      656E7365 
 6587      5F537353 
 6587      65744D6F 
 6587      64436C6B 
 6588              	.LASF199:
 6589 01d8 72656750 		.ascii	"regPtr\000"
 6589      747200
 6590              	.LASF64:
 6591 01df 43617053 		.ascii	"CapSense_RAM_WD_LIST_STRUCT\000"
 6591      656E7365 
 6591      5F52414D 
 6591      5F57445F 
 6591      4C495354 
 6592              	.LASF114:
 6593 01fb 69697246 		.ascii	"iirFilterCoeff\000"
 6593      696C7465 
 6593      72436F65 
 6593      666600
 6594              	.LASF144:
 6595 020a 73656E73 		.ascii	"sensorId\000"
 6595      6F724964 
 6595      00
 6596              	.LASF172:
 6597 0213 70747257 		.ascii	"ptrWdgt\000"
 6597      64677400 
 6598              	.LASF10:
 6599 021b 75696E74 		.ascii	"uint32_t\000"
 6599      33325F74 
 6599      00
 6600              	.LASF201:
 6601 0224 43617053 		.ascii	"CapSense_SsSetWidgetSenseClkSrc\000"
 6601      656E7365 
 6601      5F537353 
 6601      65745769 
 6601      64676574 
 6602              	.LASF56:
 6603 0244 69646163 		.ascii	"idacGainIndex\000"
 6603      4761696E 
 6603      496E6465 
 6603      7800
 6604              	.LASF154:
 6605 0252 6C6F6F70 		.ascii	"loopIndex\000"
 6605      496E6465 
ARM GAS  C:\Users\ADSTRU~1\AppData\Local\Temp\ccEcZ2Z6.s 			page 181


 6605      7800
 6606              	.LASF131:
 6607 025c 43617053 		.ascii	"CapSense_SsCalcLfsrScale\000"
 6607      656E7365 
 6607      5F537343 
 6607      616C634C 
 6607      66737253 
 6608              	.LASF14:
 6609 0275 666C6F61 		.ascii	"float\000"
 6609      7400
 6610              	.LASF100:
 6611 027b 73686966 		.ascii	"shift\000"
 6611      7400
 6612              	.LASF233:
 6613 0281 474E5520 		.ascii	"GNU C11 5.4.1 20160609 (release) [ARM/embedded-5-br"
 6613      43313120 
 6613      352E342E 
 6613      31203230 
 6613      31363036 
 6614 02b4 616E6368 		.ascii	"anch revision 237715] -mcpu=cortex-m0plus -mthumb -"
 6614      20726576 
 6614      6973696F 
 6614      6E203233 
 6614      37373135 
 6615 02e7 67202D4F 		.ascii	"g -Og -ffunction-sections -ffat-lto-objects\000"
 6615      67202D66 
 6615      66756E63 
 6615      74696F6E 
 6615      2D736563 
 6616              	.LASF176:
 6617 0313 43617053 		.ascii	"CapSense_SsAutoTuneWidget\000"
 6617      656E7365 
 6617      5F537341 
 6617      75746F54 
 6617      756E6557 
 6618              	.LASF217:
 6619 032d 43617053 		.ascii	"CapSense_CSDSetupWidget\000"
 6619      656E7365 
 6619      5F435344 
 6619      53657475 
 6619      70576964 
 6620              	.LASF159:
 6621 0345 736E7349 		.ascii	"snsIoPtr\000"
 6621      6F507472 
 6621      00
 6622              	.LASF84:
 6623 034e 736E734C 		.ascii	"snsList\000"
 6623      69737400 
 6624              	.LASF7:
 6625 0356 6C6F6E67 		.ascii	"long long unsigned int\000"
 6625      206C6F6E 
 6625      6720756E 
 6625      7369676E 
 6625      65642069 
 6626              	.LASF210:
 6627 036d 43617053 		.ascii	"CapSense_sensorIndex\000"
 6627      656E7365 
ARM GAS  C:\Users\ADSTRU~1\AppData\Local\Temp\ccEcZ2Z6.s 			page 182


 6627      5F73656E 
 6627      736F7249 
 6627      6E646578 
 6628              	.LASF101:
 6629 0382 43617053 		.ascii	"CapSense_FLASH_IO_STRUCT\000"
 6629      656E7365 
 6629      5F464C41 
 6629      53485F49 
 6629      4F5F5354 
 6630              	.LASF86:
 6631 039b 736E7254 		.ascii	"snrTestSensorId\000"
 6631      65737453 
 6631      656E736F 
 6631      72496400 
 6632              	.LASF113:
 6633 03ab 70747232 		.ascii	"ptr2NoiseEnvlp\000"
 6633      4E6F6973 
 6633      65456E76 
 6633      6C7000
 6634              	.LASF109:
 6635 03ba 77646774 		.ascii	"wdgtType\000"
 6635      54797065 
 6635      00
 6636              	.LASF132:
 6637 03c3 6C667372 		.ascii	"lfsrSize\000"
 6637      53697A65 
 6637      00
 6638              	.LASF219:
 6639 03cc 43617053 		.ascii	"CapSense_CSDSetupWidgetExt\000"
 6639      656E7365 
 6639      5F435344 
 6639      53657475 
 6639      70576964 
 6640              	.LASF195:
 6641 03e7 70635265 		.ascii	"pcReg\000"
 6641      6700
 6642              	.LASF200:
 6643 03ed 76616C75 		.ascii	"value\000"
 6643      6500
 6644              	.LASF156:
 6645 03f3 6E657750 		.ascii	"newPinHsiomVal\000"
 6645      696E4873 
 6645      696F6D56 
 6645      616C00
 6646              	.LASF177:
 6647 0402 6175746F 		.ascii	"autoTuneStatus\000"
 6647      54756E65 
 6647      53746174 
 6647      757300
 6648              	.LASF82:
 6649 0411 6D6F6443 		.ascii	"modCsdClk\000"
 6649      7364436C 
 6649      6B00
 6650              	.LASF70:
 6651 041b 43617053 		.ascii	"CapSense_RAM_SNS_STRUCT\000"
 6651      656E7365 
 6651      5F52414D 
ARM GAS  C:\Users\ADSTRU~1\AppData\Local\Temp\ccEcZ2Z6.s 			page 183


 6651      5F534E53 
 6651      5F535452 
 6652              	.LASF173:
 6653 0433 43617053 		.ascii	"CapSense_SsCSDCalcPrsSize\000"
 6653      656E7365 
 6653      5F537343 
 6653      53444361 
 6653      6C635072 
 6654              	.LASF30:
 6655 044d 63616C54 		.ascii	"calTarget\000"
 6655      61726765 
 6655      7400
 6656              	.LASF94:
 6657 0457 64725074 		.ascii	"drPtr\000"
 6657      7200
 6658              	.LASF197:
 6659 045d 6D6F6465 		.ascii	"mode\000"
 6659      00
 6660              	.LASF163:
 6661 0462 6D6F6443 		.ascii	"modClk\000"
 6661      6C6B00
 6662              	.LASF155:
 6663 0469 6E657750 		.ascii	"newPinPcVal\000"
 6663      696E5063 
 6663      56616C00 
 6664              	.LASF25:
 6665 0475 73696750 		.ascii	"sigPFC\000"
 6665      464300
 6666              	.LASF52:
 6667 047c 68797374 		.ascii	"hysteresis\000"
 6667      65726573 
 6667      697300
 6668              	.LASF192:
 6669 0487 64697363 		.ascii	"dischargeTime\000"
 6669      68617267 
 6669      6554696D 
 6669      6500
 6670              	.LASF115:
 6671 0495 43617053 		.ascii	"CapSense_FLASH_WD_STRUCT\000"
 6671      656E7365 
 6671      5F464C41 
 6671      53485F57 
 6671      445F5354 
 6672              	.LASF148:
 6673 04ae 656C7464 		.ascii	"eltdNum\000"
 6673      4E756D00 
 6674              	.LASF54:
 6675 04b6 6C6F7742 		.ascii	"lowBslnRst\000"
 6675      736C6E52 
 6675      737400
 6676              	.LASF130:
 6677 04c1 43617053 		.ascii	"CapSense_SsCalcLfsrSize\000"
 6677      656E7365 
 6677      5F537343 
 6677      616C634C 
 6677      66737253 
 6678              	.LASF108:
ARM GAS  C:\Users\ADSTRU~1\AppData\Local\Temp\ccEcZ2Z6.s 			page 184


 6679 04d9 746F7461 		.ascii	"totalNumSns\000"
 6679      6C4E756D 
 6679      536E7300 
 6680              	.LASF41:
 6681 04e5 534D4152 		.ascii	"SMARTSENSE_CSD_NOISE_ENVELOPE_STRUCT\000"
 6681      5453454E 
 6681      53455F43 
 6681      53445F4E 
 6681      4F495345 
 6682              	.LASF182:
 6683 050a 6175746F 		.ascii	"autoTuneConfig\000"
 6683      54756E65 
 6683      436F6E66 
 6683      696700
 6684              	.LASF50:
 6685 0519 6E6F6973 		.ascii	"noiseTh\000"
 6685      65546800 
 6686              	.LASF16:
 6687 0521 63686172 		.ascii	"char\000"
 6687      00
 6688              	.LASF222:
 6689 0526 43794578 		.ascii	"CyExitCriticalSection\000"
 6689      69744372 
 6689      69746963 
 6689      616C5365 
 6689      6374696F 
 6690              	.LASF31:
 6691 053c 69446163 		.ascii	"iDacMod\000"
 6691      4D6F6400 
 6692              	.LASF191:
 6693 0544 43617053 		.ascii	"CapSense_DischargeExtCapacitors\000"
 6693      656E7365 
 6693      5F446973 
 6693      63686172 
 6693      67654578 
 6694              	.LASF226:
 6695 0564 43617053 		.ascii	"CapSense_SsCSDGetNumberOfConversions\000"
 6695      656E7365 
 6695      5F537343 
 6695      53444765 
 6695      744E756D 
 6696              	.LASF157:
 6697 0589 746D7050 		.ascii	"tmpPcDrRegValue\000"
 6697      63447252 
 6697      65675661 
 6697      6C756500 
 6698              	.LASF121:
 6699 0599 43617053 		.ascii	"CapSense_BIST_CSD_SNS_CAP_E\000"
 6699      656E7365 
 6699      5F424953 
 6699      545F4353 
 6699      445F534E 
 6700              	.LASF98:
 6701 05b5 6873696F 		.ascii	"hsiomShift\000"
 6701      6D536869 
 6701      667400
 6702              	.LASF12:
ARM GAS  C:\Users\ADSTRU~1\AppData\Local\Temp\ccEcZ2Z6.s 			page 185


 6703 05c0 75696E74 		.ascii	"uint16\000"
 6703      313600
 6704              	.LASF129:
 6705 05c7 636F6E76 		.ascii	"conversionsNum\000"
 6705      65727369 
 6705      6F6E734E 
 6705      756D00
 6706              	.LASF188:
 6707 05d6 70747252 		.ascii	"ptrRamSensor\000"
 6707      616D5365 
 6707      6E736F72 
 6707      00
 6708              	.LASF189:
 6709 05e3 43617053 		.ascii	"CapSense_SsAutoTune\000"
 6709      656E7365 
 6709      5F537341 
 6709      75746F54 
 6709      756E6500 
 6710              	.LASF48:
 6711 05f7 7265736F 		.ascii	"resolution\000"
 6711      6C757469 
 6711      6F6E00
 6712              	.LASF77:
 6713 0602 73746174 		.ascii	"status\000"
 6713      757300
 6714              	.LASF167:
 6715 0609 43617053 		.ascii	"CapSense_CalibrateWidget\000"
 6715      656E7365 
 6715      5F43616C 
 6715      69627261 
 6715      74655769 
 6716              	.LASF120:
 6717 0622 43617053 		.ascii	"CapSense_SCAN_CSX_E\000"
 6717      656E7365 
 6717      5F534341 
 6717      4E5F4353 
 6717      585F4500 
 6718              	.LASF21:
 6719 0636 43617053 		.ascii	"CapSense_LOW_BSLN_RST_TYPE\000"
 6719      656E7365 
 6719      5F4C4F57 
 6719      5F42534C 
 6719      4E5F5253 
 6720              	.LASF164:
 6721 0651 43617053 		.ascii	"CapSense_SsSetSnsClockDivider\000"
 6721      656E7365 
 6721      5F537353 
 6721      6574536E 
 6721      73436C6F 
 6722              	.LASF47:
 6723 066f 43617053 		.ascii	"CapSense_SENSE_METHOD_ENUM\000"
 6723      656E7365 
 6723      5F53454E 
 6723      53455F4D 
 6723      4554484F 
 6724              	.LASF196:
 6725 068a 43617053 		.ascii	"CapSense_SetInactiveElectrodeState\000"
ARM GAS  C:\Users\ADSTRU~1\AppData\Local\Temp\ccEcZ2Z6.s 			page 186


 6725      656E7365 
 6725      5F536574 
 6725      496E6163 
 6725      74697665 
 6726              	.LASF69:
 6727 06ad 69646163 		.ascii	"idacComp\000"
 6727      436F6D70 
 6727      00
 6728              	.LASF93:
 6729 06b6 70635074 		.ascii	"pcPtr\000"
 6729      7200
 6730              	.LASF6:
 6731 06bc 6C6F6E67 		.ascii	"long long int\000"
 6731      206C6F6E 
 6731      6720696E 
 6731      7400
 6732              	.LASF110:
 6733 06ca 6E756D43 		.ascii	"numCols\000"
 6733      6F6C7300 
 6734              	.LASF232:
 6735 06d2 43617053 		.ascii	"CapSense_SsCSDInitialize\000"
 6735      656E7365 
 6735      5F537343 
 6735      5344496E 
 6735      69746961 
 6736              	.LASF53:
 6737 06eb 6F6E4465 		.ascii	"onDebounce\000"
 6737      626F756E 
 6737      636500
 6738              	.LASF161:
 6739 06f6 61646472 		.ascii	"address\000"
 6739      65737300 
 6740              	.LASF168:
 6741 06fe 63616C69 		.ascii	"calibrateStatus\000"
 6741      62726174 
 6741      65537461 
 6741      74757300 
 6742              	.LASF83:
 6743 070e 77646774 		.ascii	"wdgtList\000"
 6743      4C697374 
 6743      00
 6744              	.LASF119:
 6745 0717 43617053 		.ascii	"CapSense_SCAN_CSD_E\000"
 6745      656E7365 
 6745      5F534341 
 6745      4E5F4353 
 6745      445F4500 
 6746              	.LASF117:
 6747 072b 43617053 		.ascii	"CapSense_FLASH_STRUCT\000"
 6747      656E7365 
 6747      5F464C41 
 6747      53485F53 
 6747      54525543 
 6748              	.LASF139:
 6749 0741 43617053 		.ascii	"CapSense_Scan\000"
 6749      656E7365 
 6749      5F536361 
ARM GAS  C:\Users\ADSTRU~1\AppData\Local\Temp\ccEcZ2Z6.s 			page 187


 6749      6E00
 6750              	.LASF198:
 6751 074f 43617053 		.ascii	"CapSense_WriteBitsSafe\000"
 6751      656E7365 
 6751      5F577269 
 6751      74654269 
 6751      74735361 
 6752              	.LASF158:
 6753 0766 746D7048 		.ascii	"tmpHsiomRegValue\000"
 6753      73696F6D 
 6753      52656756 
 6753      616C7565 
 6753      00
 6754              	.LASF206:
 6755 0777 43617053 		.ascii	"CapSense_dsRam\000"
 6755      656E7365 
 6755      5F647352 
 6755      616D00
 6756              	.LASF88:
 6757 0786 736E7254 		.ascii	"snrTestRawCount\000"
 6757      65737452 
 6757      6177436F 
 6757      756E7400 
 6758              	.LASF51:
 6759 0796 6E4E6F69 		.ascii	"nNoiseTh\000"
 6759      73655468 
 6759      00
 6760              	.LASF81:
 6761 079f 63736430 		.ascii	"csd0Config\000"
 6761      436F6E66 
 6761      696700
 6762              	.LASF19:
 6763 07aa 63796973 		.ascii	"cyisraddress\000"
 6763      72616464 
 6763      72657373 
 6763      00
 6764              	.LASF145:
 6765 07b7 43617053 		.ascii	"CapSense_ScanExt\000"
 6765      656E7365 
 6765      5F536361 
 6765      6E457874 
 6765      00
 6766              	.LASF60:
 6767 07c8 43617053 		.ascii	"CapSense_RAM_WD_BASE_STRUCT\000"
 6767      656E7365 
 6767      5F52414D 
 6767      5F57445F 
 6767      42415345 
 6768              	.LASF92:
 6769 07e4 6873696F 		.ascii	"hsiomPtr\000"
 6769      6D507472 
 6769      00
 6770              	.LASF13:
 6771 07ed 75696E74 		.ascii	"uint32\000"
 6771      333200
 6772              	.LASF105:
 6773 07f4 70747232 		.ascii	"ptr2FltrHistory\000"
ARM GAS  C:\Users\ADSTRU~1\AppData\Local\Temp\ccEcZ2Z6.s 			page 188


 6773      466C7472 
 6773      48697374 
 6773      6F727900 
 6774              	.LASF126:
 6775 0804 6761696E 		.ascii	"gainValue\000"
 6775      56616C75 
 6775      6500
 6776              	.LASF215:
 6777 080e 43617053 		.ascii	"CapSense_curSnsIOPtr\000"
 6777      656E7365 
 6777      5F637572 
 6777      536E7349 
 6777      4F507472 
 6778              	.LASF97:
 6779 0823 6D61736B 		.ascii	"mask\000"
 6779      00
 6780              	.LASF166:
 6781 0828 43617053 		.ascii	"CapSense_SsSetClockDividers\000"
 6781      656E7365 
 6781      5F537353 
 6781      6574436C 
 6781      6F636B44 
 6782              	.LASF124:
 6783 0844 43617053 		.ascii	"CapSense_OPERATION_MODE_ENUM\000"
 6783      656E7365 
 6783      5F4F5045 
 6783      52415449 
 6783      4F4E5F4D 
 6784              	.LASF229:
 6785 0861 43794465 		.ascii	"CyDelayUs\000"
 6785      6C617955 
 6785      7300
 6786              	.LASF24:
 6787 086b 70747253 		.ascii	"ptrSenseClk\000"
 6787      656E7365 
 6787      436C6B00 
 6788              	.LASF142:
 6789 0877 77646774 		.ascii	"wdgtIndex\000"
 6789      496E6465 
 6789      7800
 6790              	.LASF178:
 6791 0881 736E7349 		.ascii	"snsIndex\000"
 6791      6E646578 
 6791      00
 6792              	.LASF46:
 6793 088a 43617053 		.ascii	"CapSense_SENSE_METHOD_ISX_E\000"
 6793      656E7365 
 6793      5F53454E 
 6793      53455F4D 
 6793      4554484F 
 6794              	.LASF118:
 6795 08a6 6C6F6E67 		.ascii	"long double\000"
 6795      20646F75 
 6795      626C6500 
 6796              	.LASF26:
 6797 08b2 736E7343 		.ascii	"snsClkConstantR\000"
 6797      6C6B436F 
ARM GAS  C:\Users\ADSTRU~1\AppData\Local\Temp\ccEcZ2Z6.s 			page 189


 6797      6E737461 
 6797      6E745200 
 6798              	.LASF18:
 6799 08c2 72656733 		.ascii	"reg32\000"
 6799      3200
 6800              	.LASF87:
 6801 08c8 736E7254 		.ascii	"snrTestScanCounter\000"
 6801      65737453 
 6801      63616E43 
 6801      6F756E74 
 6801      657200
 6802              	.LASF32:
 6803 08db 69446163 		.ascii	"iDacComp\000"
 6803      436F6D70 
 6803      00
 6804              	.LASF72:
 6805 08e4 636F6E66 		.ascii	"configId\000"
 6805      69674964 
 6805      00
 6806              	.LASF104:
 6807 08ed 70747232 		.ascii	"ptr2SnsRam\000"
 6807      536E7352 
 6807      616D00
 6808              	.LASF204:
 6809 08f8 43617053 		.ascii	"CapSense_SsInitialize\000"
 6809      656E7365 
 6809      5F537349 
 6809      6E697469 
 6809      616C697A 
 6810              	.LASF80:
 6811 090e 736E7353 		.ascii	"snsStatus\000"
 6811      74617475 
 6811      7300
 6812              	.LASF58:
 6813 0918 736E7343 		.ascii	"snsClkSource\000"
 6813      6C6B536F 
 6813      75726365 
 6813      00
 6814              	.LASF231:
 6815 0925 43617053 		.ascii	"CapSense_SsCSDElectrodeCheck\000"
 6815      656E7365 
 6815      5F537343 
 6815      5344456C 
 6815      65637472 
 6816              	.LASF111:
 6817 0942 78526573 		.ascii	"xResolution\000"
 6817      6F6C7574 
 6817      696F6E00 
 6818              	.LASF160:
 6819 094e 43617053 		.ascii	"CapSense_SsIsrInitialize\000"
 6819      656E7365 
 6819      5F537349 
 6819      7372496E 
 6819      69746961 
 6820              	.LASF2:
 6821 0967 73686F72 		.ascii	"short int\000"
 6821      7420696E 
ARM GAS  C:\Users\ADSTRU~1\AppData\Local\Temp\ccEcZ2Z6.s 			page 190


 6821      7400
 6822              	.LASF91:
 6823 0971 43617053 		.ascii	"CapSense_RAM_STRUCT\000"
 6823      656E7365 
 6823      5F52414D 
 6823      5F535452 
 6823      55435400 
 6824              	.LASF153:
 6825 0985 43617053 		.ascii	"CapSense_SsSetAllIOsState\000"
 6825      656E7365 
 6825      5F537353 
 6825      6574416C 
 6825      6C494F73 
 6826              	.LASF4:
 6827 099f 6C6F6E67 		.ascii	"long int\000"
 6827      20696E74 
 6827      00
 6828              	.LASF78:
 6829 09a8 77646774 		.ascii	"wdgtEnable\000"
 6829      456E6162 
 6829      6C6500
 6830              	.LASF67:
 6831 09b3 64696666 		.ascii	"diff\000"
 6831      00
 6832              	.LASF75:
 6833 09b8 74756E65 		.ascii	"tunerCmd\000"
 6833      72436D64 
 6833      00
 6834              	.LASF44:
 6835 09c1 43617053 		.ascii	"CapSense_SENSE_METHOD_CSX_E\000"
 6835      656E7365 
 6835      5F53454E 
 6835      53455F4D 
 6835      4554484F 
 6836              	.LASF95:
 6837 09dd 70735074 		.ascii	"psPtr\000"
 6837      7200
 6838              	.LASF138:
 6839 09e3 43617053 		.ascii	"CapSense_SetupWidget\000"
 6839      656E7365 
 6839      5F536574 
 6839      75705769 
 6839      64676574 
 6840              	.LASF225:
 6841 09f8 43617053 		.ascii	"CapSense_CSDCalibrateWidget\000"
 6841      656E7365 
 6841      5F435344 
 6841      43616C69 
 6841      62726174 
 6842              	.LASF125:
 6843 0a14 6761696E 		.ascii	"gainReg\000"
 6843      52656700 
 6844              	.LASF181:
 6845 0a1c 6D696E53 		.ascii	"minSnsClkDivTmp\000"
 6845      6E73436C 
 6845      6B446976 
 6845      546D7000 
ARM GAS  C:\Users\ADSTRU~1\AppData\Local\Temp\ccEcZ2Z6.s 			page 191


 6846              	.LASF207:
 6847 0a2c 43617053 		.ascii	"CapSense_dsFlash\000"
 6847      656E7365 
 6847      5F647346 
 6847      6C617368 
 6847      00
 6848              	.LASF28:
 6849 0a3d 66696E67 		.ascii	"fingerCap\000"
 6849      65724361 
 6849      7000
 6850              	.LASF220:
 6851 0a47 43617053 		.ascii	"CapSense_CSDScanExt\000"
 6851      656E7365 
 6851      5F435344 
 6851      5363616E 
 6851      45787400 
 6852              	.LASF79:
 6853 0a5b 77646774 		.ascii	"wdgtStatus\000"
 6853      53746174 
 6853      757300
 6854              	.LASF227:
 6855 0a66 536D6172 		.ascii	"SmartSense_TunePrescalers\000"
 6855      7453656E 
 6855      73655F54 
 6855      756E6550 
 6855      72657363 
 6856              	.LASF234:
 6857 0a80 47656E65 		.ascii	"Generated_Source\\PSoC4\\CapSense_Sensing.c\000"
 6857      72617465 
 6857      645F536F 
 6857      75726365 
 6857      5C50536F 
 6858              	.LASF62:
 6859 0aaa 43617053 		.ascii	"CapSense_RAM_WD_SLIDER_STRUCT\000"
 6859      656E7365 
 6859      5F52414D 
 6859      5F57445F 
 6859      534C4944 
 6860              	.LASF43:
 6861 0ac8 43617053 		.ascii	"CapSense_SENSE_METHOD_CSD_E\000"
 6861      656E7365 
 6861      5F53454E 
 6861      53455F4D 
 6861      4554484F 
 6862              	.LASF213:
 6863 0ae4 43617053 		.ascii	"CapSense_currentSenseMethod\000"
 6863      656E7365 
 6863      5F637572 
 6863      72656E74 
 6863      53656E73 
 6864              	.LASF174:
 6865 0b00 70727353 		.ascii	"prsSize\000"
 6865      697A6500 
 6866              	.LASF59:
 6867 0b08 73697A65 		.ascii	"sizetype\000"
 6867      74797065 
 6867      00
ARM GAS  C:\Users\ADSTRU~1\AppData\Local\Temp\ccEcZ2Z6.s 			page 192


 6868              	.LASF99:
 6869 0b11 64725368 		.ascii	"drShift\000"
 6869      69667400 
 6870              	.LASF5:
 6871 0b19 6C6F6E67 		.ascii	"long unsigned int\000"
 6871      20756E73 
 6871      69676E65 
 6871      6420696E 
 6871      7400
 6872              	.LASF171:
 6873 0b2b 72657456 		.ascii	"retVal\000"
 6873      616C00
 6874              	.LASF27:
 6875 0b32 76526566 		.ascii	"vRef\000"
 6875      00
 6876              	.LASF55:
 6877 0b37 69646163 		.ascii	"idacMod\000"
 6877      4D6F6400 
 6878              	.LASF224:
 6879 0b3f 43617053 		.ascii	"CapSense_ISR_StartEx\000"
 6879      656E7365 
 6879      5F495352 
 6879      5F537461 
 6879      72744578 
 6880              	.LASF106:
 6881 0b54 70747232 		.ascii	"ptr2DebounceArr\000"
 6881      4465626F 
 6881      756E6365 
 6881      41727200 
 6882              	.LASF223:
 6883 0b64 43617053 		.ascii	"CapSense_CSDConnectSns\000"
 6883      656E7365 
 6883      5F435344 
 6883      436F6E6E 
 6883      65637453 
 6884              	.LASF112:
 6885 0b7b 7843656E 		.ascii	"xCentroidMultiplier\000"
 6885      74726F69 
 6885      644D756C 
 6885      7469706C 
 6885      69657200 
 6886              	.LASF49:
 6887 0b8f 66696E67 		.ascii	"fingerTh\000"
 6887      65725468 
 6887      00
 6888              	.LASF66:
 6889 0b98 62736C6E 		.ascii	"bslnExt\000"
 6889      45787400 
 6890              	.LASF127:
 6891 0ba0 43617053 		.ascii	"CapSense_IDAC_GAIN_TABLE_STRUCT\000"
 6891      656E7365 
 6891      5F494441 
 6891      435F4741 
 6891      494E5F54 
 6892              	.LASF17:
 6893 0bc0 63797374 		.ascii	"cystatus\000"
 6893      61747573 
ARM GAS  C:\Users\ADSTRU~1\AppData\Local\Temp\ccEcZ2Z6.s 			page 193


 6893      00
 6894              	.LASF1:
 6895 0bc9 756E7369 		.ascii	"unsigned char\000"
 6895      676E6564 
 6895      20636861 
 6895      7200
 6896              	.LASF185:
 6897 0bd7 6D617849 		.ascii	"maxIdacComp\000"
 6897      64616343 
 6897      6F6D7000 
 6898              	.LASF9:
 6899 0be3 5F5F7569 		.ascii	"__uint32_t\000"
 6899      6E743332 
 6899      5F7400
 6900              	.LASF152:
 6901 0bee 43617053 		.ascii	"CapSense_SetPinState\000"
 6901      656E7365 
 6901      5F536574 
 6901      50696E53 
 6901      74617465 
 6902              	.LASF107:
 6903 0c03 73746174 		.ascii	"staticConfig\000"
 6903      6963436F 
 6903      6E666967 
 6903      00
 6904              	.LASF22:
 6905 0c10 73656E73 		.ascii	"sensorCap\000"
 6905      6F724361 
 6905      7000
 6906              	.LASF151:
 6907 0c1a 696F5074 		.ascii	"ioPtr\000"
 6907      7200
 6908              	.LASF90:
 6909 0c20 7363616E 		.ascii	"scanCurrentISC\000"
 6909      43757272 
 6909      656E7449 
 6909      534300
 6910              	.LASF103:
 6911 0c2f 70747232 		.ascii	"ptr2WdgtRam\000"
 6911      57646774 
 6911      52616D00 
 6912              	.LASF20:
 6913 0c3b 43617053 		.ascii	"CapSense_THRESHOLD_TYPE\000"
 6913      656E7365 
 6913      5F544852 
 6913      4553484F 
 6913      4C445F54 
 6914              	.LASF180:
 6915 0c53 6D696E53 		.ascii	"minSnsClkDiv\000"
 6915      6E73436C 
 6915      6B446976 
 6915      00
 6916              	.LASF218:
 6917 0c60 43617053 		.ascii	"CapSense_CSDScan\000"
 6917      656E7365 
 6917      5F435344 
 6917      5363616E 
ARM GAS  C:\Users\ADSTRU~1\AppData\Local\Temp\ccEcZ2Z6.s 			page 194


 6917      00
 6918              	.LASF45:
 6919 0c71 43617053 		.ascii	"CapSense_SENSE_METHOD_BIST_E\000"
 6919      656E7365 
 6919      5F53454E 
 6919      53455F4D 
 6919      4554484F 
 6920              	.LASF147:
 6921 0c8e 73746174 		.ascii	"state\000"
 6921      6500
 6922              	.LASF63:
 6923 0c94 6C696E65 		.ascii	"linearslider0\000"
 6923      6172736C 
 6923      69646572 
 6923      3000
 6924              	.LASF149:
 6925 0ca2 656C7464 		.ascii	"eltdIndex\000"
 6925      496E6465 
 6925      7800
 6926              	.LASF141:
 6927 0cac 43617053 		.ascii	"CapSense_ScanAllWidgets\000"
 6927      656E7365 
 6927      5F536361 
 6927      6E416C6C 
 6927      57696467 
 6928              	.LASF96:
 6929 0cc4 6873696F 		.ascii	"hsiomMask\000"
 6929      6D4D6173 
 6929      6B00
 6930              	.LASF57:
 6931 0cce 736E7343 		.ascii	"snsClk\000"
 6931      6C6B00
 6932              	.LASF203:
 6933 0cd5 43617053 		.ascii	"CapSense_SsSwitchSensingMode\000"
 6933      656E7365 
 6933      5F537353 
 6933      77697463 
 6933      6853656E 
 6934              	.LASF221:
 6935 0cf2 4379456E 		.ascii	"CyEnterCriticalSection\000"
 6935      74657243 
 6935      72697469 
 6935      63616C53 
 6935      65637469 
 6936              	.LASF212:
 6937 0d09 43617053 		.ascii	"CapSense_curRamSnsPtr\000"
 6937      656E7365 
 6937      5F637572 
 6937      52616D53 
 6937      6E735074 
 6938              	.LASF0:
 6939 0d1f 7369676E 		.ascii	"signed char\000"
 6939      65642063 
 6939      68617200 
 6940              	.LASF214:
 6941 0d2b 43617053 		.ascii	"CapSense_scanFreqIndex\000"
 6941      656E7365 
ARM GAS  C:\Users\ADSTRU~1\AppData\Local\Temp\ccEcZ2Z6.s 			page 195


 6941      5F736361 
 6941      6E467265 
 6941      71496E64 
 6942              	.LASF65:
 6943 0d42 62736C6E 		.ascii	"bsln\000"
 6943      00
 6944              	.LASF3:
 6945 0d47 73686F72 		.ascii	"short unsigned int\000"
 6945      7420756E 
 6945      7369676E 
 6945      65642069 
 6945      6E7400
 6946              	.LASF33:
 6947 0d5a 4155544F 		.ascii	"AUTO_TUNE_CONFIG_TYPE\000"
 6947      5F54554E 
 6947      455F434F 
 6947      4E464947 
 6947      5F545950 
 6948              	.LASF205:
 6949 0d70 696E6974 		.ascii	"initStatus\000"
 6949      53746174 
 6949      757300
 6950              	.LASF208:
 6951 0d7b 43617053 		.ascii	"CapSense_ioList\000"
 6951      656E7365 
 6951      5F696F4C 
 6951      69737400 
 6952              	.LASF237:
 6953 0d8b 43617053 		.ascii	"CapSense_SsPostAllWidgetsScan\000"
 6953      656E7365 
 6953      5F537350 
 6953      6F737441 
 6953      6C6C5769 
 6954              	.LASF102:
 6955 0da9 70747232 		.ascii	"ptr2SnsFlash\000"
 6955      536E7346 
 6955      6C617368 
 6955      00
 6956              	.LASF135:
 6957 0db6 6C667372 		.ascii	"lfsrDither\000"
 6957      44697468 
 6957      657200
 6958              	.LASF165:
 6959 0dc1 6E657752 		.ascii	"newRegValue\000"
 6959      65675661 
 6959      6C756500 
 6960              	.LASF183:
 6961 0dcd 6D617852 		.ascii	"maxRaw\000"
 6961      617700
 6962              	.LASF235:
 6963 0dd4 433A5C55 		.ascii	"C:\\Users\\adstrumwin\\Desktop\\CapSense_Tasks\\Tas"
 6963      73657273 
 6963      5C616473 
 6963      7472756D 
 6963      77696E5C 
 6964 0e02 6B5F312E 		.ascii	"k_1.cydsn\000"
 6964      63796473 
ARM GAS  C:\Users\ADSTRU~1\AppData\Local\Temp\ccEcZ2Z6.s 			page 196


 6964      6E00
 6965              	.LASF11:
 6966 0e0c 75696E74 		.ascii	"uint8\000"
 6966      3800
 6967              	.LASF15:
 6968 0e12 646F7562 		.ascii	"double\000"
 6968      6C6500
 6969              	.LASF68:
 6970 0e19 6E656742 		.ascii	"negBslnRstCnt\000"
 6970      736C6E52 
 6970      7374436E 
 6970      7400
 6971              	.LASF34:
 6972 0e27 70617261 		.ascii	"param0\000"
 6972      6D3000
 6973              	.LASF35:
 6974 0e2e 70617261 		.ascii	"param1\000"
 6974      6D3100
 6975              	.LASF36:
 6976 0e35 70617261 		.ascii	"param2\000"
 6976      6D3200
 6977              	.LASF37:
 6978 0e3c 70617261 		.ascii	"param3\000"
 6978      6D3300
 6979              	.LASF38:
 6980 0e43 70617261 		.ascii	"param4\000"
 6980      6D3400
 6981              	.LASF39:
 6982 0e4a 70617261 		.ascii	"param5\000"
 6982      6D3500
 6983              	.LASF40:
 6984 0e51 70617261 		.ascii	"param6\000"
 6984      6D3600
 6985              	.LASF128:
 6986 0e58 736E7343 		.ascii	"snsClkDivider\000"
 6986      6C6B4469 
 6986      76696465 
 6986      7200
 6987              	.LASF175:
 6988 0e66 6D6F6443 		.ascii	"modClkDivider\000"
 6988      6C6B4469 
 6988      76696465 
 6988      7200
 6989              	.LASF73:
 6990 0e74 64657669 		.ascii	"deviceId\000"
 6990      63654964 
 6990      00
 6991              	.LASF137:
 6992 0e7d 77696467 		.ascii	"widgetStatus\000"
 6992      65745374 
 6992      61747573 
 6992      00
 6993              	.LASF122:
 6994 0e8a 43617053 		.ascii	"CapSense_BIST_CSX_SNS_CAP_E\000"
 6994      656E7365 
 6994      5F424953 
 6994      545F4353 
ARM GAS  C:\Users\ADSTRU~1\AppData\Local\Temp\ccEcZ2Z6.s 			page 197


 6994      585F534E 
 6995              	.LASF136:
 6996 0ea6 77696467 		.ascii	"widgetId\000"
 6996      65744964 
 6996      00
 6997              	.LASF211:
 6998 0eaf 43617053 		.ascii	"CapSense_requestScanAllWidget\000"
 6998      656E7365 
 6998      5F726571 
 6998      75657374 
 6998      5363616E 
 6999              	.LASF190:
 7000 0ecd 43617053 		.ascii	"CapSense_SsInitializeSourceSenseClk\000"
 7000      656E7365 
 7000      5F537349 
 7000      6E697469 
 7000      616C697A 
 7001              	.LASF61:
 7002 0ef1 706F7369 		.ascii	"position\000"
 7002      74696F6E 
 7002      00
 7003              	.LASF216:
 7004 0efa 43617053 		.ascii	"CapSense_idacGainTable\000"
 7004      656E7365 
 7004      5F696461 
 7004      63476169 
 7004      6E546162 
 7005              	.LASF71:
 7006 0f11 43617053 		.ascii	"CapSense_RAM_SNS_LIST_STRUCT\000"
 7006      656E7365 
 7006      5F52414D 
 7006      5F534E53 
 7006      5F4C4953 
 7007              	.LASF116:
 7008 0f2e 77646774 		.ascii	"wdgtArray\000"
 7008      41727261 
 7008      7900
 7009              		.ident	"GCC: (GNU Tools for ARM Embedded Processors) 5.4.1 20160609 (release) [ARM/embedded-5-bran
