ARM GAS  C:\Users\ADSTRU~1\AppData\Local\Temp\ccLLBSlA.s 			page 1


   1              		.syntax unified
   2              		.cpu cortex-m0plus
   3              		.fpu softvfp
   4              		.eabi_attribute 20, 1
   5              		.eabi_attribute 21, 1
   6              		.eabi_attribute 23, 3
   7              		.eabi_attribute 24, 1
   8              		.eabi_attribute 25, 1
   9              		.eabi_attribute 26, 1
  10              		.eabi_attribute 30, 1
  11              		.eabi_attribute 34, 0
  12              		.eabi_attribute 18, 4
  13              		.thumb
  14              		.syntax unified
  15              		.file	"CapSense_SensingCSD_LL.c"
  16              		.text
  17              	.Ltext0:
  18              		.cfi_sections	.debug_frame
  19              		.section	.text.CapSense_SsCSDSetModeSnsClockDivider,"ax",%progbits
  20              		.align	2
  21              		.code	16
  22              		.thumb_func
  23              		.type	CapSense_SsCSDSetModeSnsClockDivider, %function
  24              	CapSense_SsCSDSetModeSnsClockDivider:
  25              	.LFB1:
  26              		.file 1 "Generated_Source\\PSoC4\\CapSense_SensingCSD_LL.c"
   1:Generated_Source\PSoC4/CapSense_SensingCSD_LL.c **** /***************************************************************************//**
   2:Generated_Source\PSoC4/CapSense_SensingCSD_LL.c **** * \file CapSense_SensingCSD_LL.c
   3:Generated_Source\PSoC4/CapSense_SensingCSD_LL.c **** * \version 7.0
   4:Generated_Source\PSoC4/CapSense_SensingCSD_LL.c **** *
   5:Generated_Source\PSoC4/CapSense_SensingCSD_LL.c **** * \brief
   6:Generated_Source\PSoC4/CapSense_SensingCSD_LL.c **** *   This file defines the data structure global variables and provides
   7:Generated_Source\PSoC4/CapSense_SensingCSD_LL.c **** *   implementation for the low-level APIs of the CSD part of
   8:Generated_Source\PSoC4/CapSense_SensingCSD_LL.c **** *   the Sensing module. The file contains the APIs used for the CSD block
   9:Generated_Source\PSoC4/CapSense_SensingCSD_LL.c **** *   initialization, calibration, and scanning.
  10:Generated_Source\PSoC4/CapSense_SensingCSD_LL.c **** *
  11:Generated_Source\PSoC4/CapSense_SensingCSD_LL.c **** * \see CapSense v7.0 Datasheet
  12:Generated_Source\PSoC4/CapSense_SensingCSD_LL.c **** *
  13:Generated_Source\PSoC4/CapSense_SensingCSD_LL.c **** *//*****************************************************************************
  14:Generated_Source\PSoC4/CapSense_SensingCSD_LL.c **** * Copyright (2016-2019), Cypress Semiconductor Corporation.
  15:Generated_Source\PSoC4/CapSense_SensingCSD_LL.c **** ********************************************************************************
  16:Generated_Source\PSoC4/CapSense_SensingCSD_LL.c **** * This software is owned by Cypress Semiconductor Corporation (Cypress) and is
  17:Generated_Source\PSoC4/CapSense_SensingCSD_LL.c **** * protected by and subject to worldwide patent protection (United States and
  18:Generated_Source\PSoC4/CapSense_SensingCSD_LL.c **** * foreign), United States copyright laws and international treaty provisions.
  19:Generated_Source\PSoC4/CapSense_SensingCSD_LL.c **** * Cypress hereby grants to licensee a personal, non-exclusive, non-transferable
  20:Generated_Source\PSoC4/CapSense_SensingCSD_LL.c **** * license to copy, use, modify, create derivative works of, and compile the
  21:Generated_Source\PSoC4/CapSense_SensingCSD_LL.c **** * Cypress Source Code and derivative works for the sole purpose of creating
  22:Generated_Source\PSoC4/CapSense_SensingCSD_LL.c **** * custom software in support of licensee product to be used only in conjunction
  23:Generated_Source\PSoC4/CapSense_SensingCSD_LL.c **** * with a Cypress integrated circuit as specified in the applicable agreement.
  24:Generated_Source\PSoC4/CapSense_SensingCSD_LL.c **** * Any reproduction, modification, translation, compilation, or representation of
  25:Generated_Source\PSoC4/CapSense_SensingCSD_LL.c **** * this software except as specified above is prohibited without the express
  26:Generated_Source\PSoC4/CapSense_SensingCSD_LL.c **** * written permission of Cypress.
  27:Generated_Source\PSoC4/CapSense_SensingCSD_LL.c **** *
  28:Generated_Source\PSoC4/CapSense_SensingCSD_LL.c **** * Disclaimer: CYPRESS MAKES NO WARRANTY OF ANY KIND, EXPRESS OR IMPLIED, WITH
  29:Generated_Source\PSoC4/CapSense_SensingCSD_LL.c **** * REGARD TO THIS MATERIAL, INCLUDING, BUT NOT LIMITED TO, THE IMPLIED
  30:Generated_Source\PSoC4/CapSense_SensingCSD_LL.c **** * WARRANTIES OF MERCHANTABILITY AND FITNESS FOR A PARTICULAR PURPOSE.
  31:Generated_Source\PSoC4/CapSense_SensingCSD_LL.c **** * Cypress reserves the right to make changes without further notice to the
ARM GAS  C:\Users\ADSTRU~1\AppData\Local\Temp\ccLLBSlA.s 			page 2


  32:Generated_Source\PSoC4/CapSense_SensingCSD_LL.c **** * materials described herein. Cypress does not assume any liability arising out
  33:Generated_Source\PSoC4/CapSense_SensingCSD_LL.c **** * of the application or use of any product or circuit described herein. Cypress
  34:Generated_Source\PSoC4/CapSense_SensingCSD_LL.c **** * does not authorize its products for use as critical components in life-support
  35:Generated_Source\PSoC4/CapSense_SensingCSD_LL.c **** * systems where a malfunction or failure may reasonably be expected to result in
  36:Generated_Source\PSoC4/CapSense_SensingCSD_LL.c **** * significant injury to the user. The inclusion of Cypress' product in a life-
  37:Generated_Source\PSoC4/CapSense_SensingCSD_LL.c **** * support systems application implies that the manufacturer assumes all risk of
  38:Generated_Source\PSoC4/CapSense_SensingCSD_LL.c **** * such use and in doing so indemnifies Cypress against all charges. Use may be
  39:Generated_Source\PSoC4/CapSense_SensingCSD_LL.c **** * limited by and subject to the applicable Cypress software license agreement.
  40:Generated_Source\PSoC4/CapSense_SensingCSD_LL.c **** *******************************************************************************/
  41:Generated_Source\PSoC4/CapSense_SensingCSD_LL.c **** #include "CapSense_Structure.h"
  42:Generated_Source\PSoC4/CapSense_SensingCSD_LL.c **** #include "CapSense_Configuration.h"
  43:Generated_Source\PSoC4/CapSense_SensingCSD_LL.c **** #include "CapSense_SensingCSD_LL.h"
  44:Generated_Source\PSoC4/CapSense_SensingCSD_LL.c **** #if (CapSense_ENABLE == CapSense_SELF_TEST_EN)
  45:Generated_Source\PSoC4/CapSense_SensingCSD_LL.c ****     #include "CapSense_SelfTest.h"
  46:Generated_Source\PSoC4/CapSense_SensingCSD_LL.c **** #endif
  47:Generated_Source\PSoC4/CapSense_SensingCSD_LL.c **** 
  48:Generated_Source\PSoC4/CapSense_SensingCSD_LL.c **** #include "cyapicallbacks.h"
  49:Generated_Source\PSoC4/CapSense_SensingCSD_LL.c **** 
  50:Generated_Source\PSoC4/CapSense_SensingCSD_LL.c **** #if (CapSense_ENABLE == CapSense_CSD_EN)
  51:Generated_Source\PSoC4/CapSense_SensingCSD_LL.c **** 
  52:Generated_Source\PSoC4/CapSense_SensingCSD_LL.c **** /***************************************
  53:Generated_Source\PSoC4/CapSense_SensingCSD_LL.c **** * API Constants
  54:Generated_Source\PSoC4/CapSense_SensingCSD_LL.c **** ***************************************/
  55:Generated_Source\PSoC4/CapSense_SensingCSD_LL.c **** 
  56:Generated_Source\PSoC4/CapSense_SensingCSD_LL.c **** #if (CapSense_ENABLE == CapSense_CSDV2)
  57:Generated_Source\PSoC4/CapSense_SensingCSD_LL.c **** 
  58:Generated_Source\PSoC4/CapSense_SensingCSD_LL.c ****     #if (CapSense_ENABLE == CapSense_CSD_AUTO_ZERO_EN)
  59:Generated_Source\PSoC4/CapSense_SensingCSD_LL.c ****         #define CapSense_CSD_AZ_ENABLE_CFG                  (CapSense_CSD_AZ_EN_MASK)
  60:Generated_Source\PSoC4/CapSense_SensingCSD_LL.c ****     #else
  61:Generated_Source\PSoC4/CapSense_SensingCSD_LL.c ****         #define CapSense_CSD_AZ_ENABLE_CFG                  (0uL)
  62:Generated_Source\PSoC4/CapSense_SensingCSD_LL.c ****     #endif /* (CapSense_ENABLE == CapSense_CSD_AUTO_ZERO_EN) */
  63:Generated_Source\PSoC4/CapSense_SensingCSD_LL.c **** 
  64:Generated_Source\PSoC4/CapSense_SensingCSD_LL.c ****     #if (CapSense_IDAC_SINKING == CapSense_CSD_IDAC_CONFIG)
  65:Generated_Source\PSoC4/CapSense_SensingCSD_LL.c ****         #define CapSense_HSCMP_SCAN_MASK                    (CapSense_HSCMP_EN_MASK | CapSense_CSD_
  66:Generated_Source\PSoC4/CapSense_SensingCSD_LL.c ****                                                                      CapSense_HSCMP_INVERT_MASK)
  67:Generated_Source\PSoC4/CapSense_SensingCSD_LL.c ****     #else
  68:Generated_Source\PSoC4/CapSense_SensingCSD_LL.c ****         #define CapSense_HSCMP_SCAN_MASK                    (CapSense_HSCMP_EN_MASK | CapSense_CSD_
  69:Generated_Source\PSoC4/CapSense_SensingCSD_LL.c ****     #endif /* (CapSense_IDAC_SINKING == CapSense_CSD_IDAC_CONFIG) */
  70:Generated_Source\PSoC4/CapSense_SensingCSD_LL.c **** 
  71:Generated_Source\PSoC4/CapSense_SensingCSD_LL.c ****     #define CapSense_HSCMP_INIT_MASK                        (CapSense_HSCMP_EN_MASK | CapSense_CSD_
  72:Generated_Source\PSoC4/CapSense_SensingCSD_LL.c **** 
  73:Generated_Source\PSoC4/CapSense_SensingCSD_LL.c ****     #define CapSense_DEFAULT_SW_SHIELD_SEL                  (0x00000000uL)
  74:Generated_Source\PSoC4/CapSense_SensingCSD_LL.c ****     #define CapSense_DEFAULT_CSD_SW_DSI_SEL                 (CapSense_SW_DSI_SEL_CMODPAD | CapSense
  75:Generated_Source\PSoC4/CapSense_SensingCSD_LL.c ****     #define CapSense_DEFAULT_CSD_INTR_SET                   (0x00000000uL)
  76:Generated_Source\PSoC4/CapSense_SensingCSD_LL.c ****     #define CapSense_DEFAULT_SW_HS_P_SEL                    (0x00000000uL)
  77:Generated_Source\PSoC4/CapSense_SensingCSD_LL.c ****     #define CapSense_DEFAULT_SW_HS_N_SEL                    (0x00000000uL)
  78:Generated_Source\PSoC4/CapSense_SensingCSD_LL.c ****     #define CapSense_DEFAULT_CSD_SW_FW_TANK_SEL             (0x00000000uL)
  79:Generated_Source\PSoC4/CapSense_SensingCSD_LL.c ****     #define CapSense_DEFAULT_CSD_ADC_CTL                    (0x00000000uL)
  80:Generated_Source\PSoC4/CapSense_SensingCSD_LL.c ****     #define CapSense_DEFAULT_HSCMP_CFG                      (0x00000000uL)
  81:Generated_Source\PSoC4/CapSense_SensingCSD_LL.c **** 
  82:Generated_Source\PSoC4/CapSense_SensingCSD_LL.c ****     /* CY_ID285392 */
  83:Generated_Source\PSoC4/CapSense_SensingCSD_LL.c ****     #define CapSense_FILTER_DELAY_MAX                   (CapSense_CONFIG_FILTER_DELAY_4_CYCLES)
  84:Generated_Source\PSoC4/CapSense_SensingCSD_LL.c ****     #define CapSense_EXTRA_COUNTS_MAX                   (CapSense_FILTER_DELAY_MAX + 5u + 20u)
  85:Generated_Source\PSoC4/CapSense_SensingCSD_LL.c **** 
  86:Generated_Source\PSoC4/CapSense_SensingCSD_LL.c **** #else
  87:Generated_Source\PSoC4/CapSense_SensingCSD_LL.c **** 
  88:Generated_Source\PSoC4/CapSense_SensingCSD_LL.c ****     /* Set IDAC ranges */
ARM GAS  C:\Users\ADSTRU~1\AppData\Local\Temp\ccLLBSlA.s 			page 3


  89:Generated_Source\PSoC4/CapSense_SensingCSD_LL.c ****     #if (CapSense_IDAC_GAIN_8X == CapSense_CSD_IDAC_GAIN)
  90:Generated_Source\PSoC4/CapSense_SensingCSD_LL.c ****         #define CapSense_DEFAULT_IDAC_MOD_RANGE         (CapSense_IDAC_MOD_RANGE_MASK)
  91:Generated_Source\PSoC4/CapSense_SensingCSD_LL.c ****         #define CapSense_DEFAULT_IDAC_COMP_RANGE        (CapSense_IDAC_COMP_RANGE_MASK)
  92:Generated_Source\PSoC4/CapSense_SensingCSD_LL.c ****     #else
  93:Generated_Source\PSoC4/CapSense_SensingCSD_LL.c ****         #define CapSense_DEFAULT_IDAC_MOD_RANGE         (0u)
  94:Generated_Source\PSoC4/CapSense_SensingCSD_LL.c ****         #define CapSense_DEFAULT_IDAC_COMP_RANGE        (0u)
  95:Generated_Source\PSoC4/CapSense_SensingCSD_LL.c ****     #endif /* (CapSense_IDAC_GAIN_8X == CapSense_CSD_IDAC_GAIN) */
  96:Generated_Source\PSoC4/CapSense_SensingCSD_LL.c **** 
  97:Generated_Source\PSoC4/CapSense_SensingCSD_LL.c ****     /* Defining default IDACs configuration according to settings in customizer. */
  98:Generated_Source\PSoC4/CapSense_SensingCSD_LL.c ****     #if (CapSense_ENABLE == CapSense_CSD_IDAC_COMP_EN)
  99:Generated_Source\PSoC4/CapSense_SensingCSD_LL.c ****         #define CapSense_DEFAULT_CSD_IDAC_CONFIG        (CapSense_IDAC_MOD_MODE_VARIABLE |\
 100:Generated_Source\PSoC4/CapSense_SensingCSD_LL.c ****                                                                  CapSense_IDAC_COMP_MODE_FIXED |\
 101:Generated_Source\PSoC4/CapSense_SensingCSD_LL.c ****                                                                  CapSense_DEFAULT_IDAC_MOD_RANGE |\
 102:Generated_Source\PSoC4/CapSense_SensingCSD_LL.c ****                                                                  CapSense_DEFAULT_IDAC_COMP_RANGE)
 103:Generated_Source\PSoC4/CapSense_SensingCSD_LL.c ****     #else
 104:Generated_Source\PSoC4/CapSense_SensingCSD_LL.c ****         #define CapSense_DEFAULT_CSD_IDAC_CONFIG        (CapSense_IDAC_MOD_MODE_VARIABLE |\
 105:Generated_Source\PSoC4/CapSense_SensingCSD_LL.c ****                                                                  CapSense_DEFAULT_IDAC_MOD_RANGE)
 106:Generated_Source\PSoC4/CapSense_SensingCSD_LL.c ****     #endif /* (CapSense_ENABLE == CapSense_CSD_IDAC_COMP_EN) */
 107:Generated_Source\PSoC4/CapSense_SensingCSD_LL.c **** 
 108:Generated_Source\PSoC4/CapSense_SensingCSD_LL.c **** #endif /* (CapSense_ENABLE == CapSense_CSDV2) */
 109:Generated_Source\PSoC4/CapSense_SensingCSD_LL.c **** 
 110:Generated_Source\PSoC4/CapSense_SensingCSD_LL.c **** 
 111:Generated_Source\PSoC4/CapSense_SensingCSD_LL.c **** /***************************************
 112:Generated_Source\PSoC4/CapSense_SensingCSD_LL.c **** * Variables
 113:Generated_Source\PSoC4/CapSense_SensingCSD_LL.c **** ***************************************/
 114:Generated_Source\PSoC4/CapSense_SensingCSD_LL.c **** 
 115:Generated_Source\PSoC4/CapSense_SensingCSD_LL.c **** #if (CapSense_ENABLE == CapSense_CSDV2)
 116:Generated_Source\PSoC4/CapSense_SensingCSD_LL.c ****     uint32 CapSense_configCsd = CapSense_DEFAULT_CSD_CONFIG;
 117:Generated_Source\PSoC4/CapSense_SensingCSD_LL.c **** #else
 118:Generated_Source\PSoC4/CapSense_SensingCSD_LL.c ****     uint32 CapSense_configCsd = CapSense_DEFAULT_CSD_CONFIG | CapSense_DEFAULT_MODULATION_MODE;
 119:Generated_Source\PSoC4/CapSense_SensingCSD_LL.c ****     static uint32 CapSense_counterResolution = CapSense_CNT_RESOLUTION_12_BITS;
 120:Generated_Source\PSoC4/CapSense_SensingCSD_LL.c **** #endif /* (CapSense_ENABLE == CapSense_CSDV2) */
 121:Generated_Source\PSoC4/CapSense_SensingCSD_LL.c **** 
 122:Generated_Source\PSoC4/CapSense_SensingCSD_LL.c **** /* Flag to indicate electrodes that were connected previously */
 123:Generated_Source\PSoC4/CapSense_SensingCSD_LL.c **** static uint8 CapSense_eleCsdDisconnectFlag = 0u;
 124:Generated_Source\PSoC4/CapSense_SensingCSD_LL.c **** #if ((CapSense_ENABLE == CapSense_CSDV2) && (CapSense_ENABLE == CapSense_CSD_NOISE_METRIC_EN))
 125:Generated_Source\PSoC4/CapSense_SensingCSD_LL.c ****     /* Number of re-samplings when the bad conversion occurs */
 126:Generated_Source\PSoC4/CapSense_SensingCSD_LL.c ****     uint8 CapSense_badConversionsNum = CapSense_BAD_CONVERSIONS_NUM;
 127:Generated_Source\PSoC4/CapSense_SensingCSD_LL.c **** #endif /* ((CapSense_ENABLE == CapSense_CSDV2) && (CapSense_ENABLE == CapSense_CSD_NOISE_METRIC_EN)
 128:Generated_Source\PSoC4/CapSense_SensingCSD_LL.c **** 
 129:Generated_Source\PSoC4/CapSense_SensingCSD_LL.c **** 
 130:Generated_Source\PSoC4/CapSense_SensingCSD_LL.c **** /*******************************************************************************
 131:Generated_Source\PSoC4/CapSense_SensingCSD_LL.c **** * Static Function Prototypes
 132:Generated_Source\PSoC4/CapSense_SensingCSD_LL.c **** *******************************************************************************/
 133:Generated_Source\PSoC4/CapSense_SensingCSD_LL.c **** 
 134:Generated_Source\PSoC4/CapSense_SensingCSD_LL.c **** /**
 135:Generated_Source\PSoC4/CapSense_SensingCSD_LL.c **** * \cond SECTION_C_INTERNAL
 136:Generated_Source\PSoC4/CapSense_SensingCSD_LL.c **** * \addtogroup group_c_internal
 137:Generated_Source\PSoC4/CapSense_SensingCSD_LL.c **** * \{
 138:Generated_Source\PSoC4/CapSense_SensingCSD_LL.c **** */
 139:Generated_Source\PSoC4/CapSense_SensingCSD_LL.c **** 
 140:Generated_Source\PSoC4/CapSense_SensingCSD_LL.c **** #if (CapSense_ENABLE == CapSense_CSD_SHIELD_EN)
 141:Generated_Source\PSoC4/CapSense_SensingCSD_LL.c ****     static void CapSense_SsSetShieldDelay(uint32 delay);
 142:Generated_Source\PSoC4/CapSense_SensingCSD_LL.c ****     #if (CapSense_ENABLE == CapSense_CSD_SHIELD_TANK_EN)
 143:Generated_Source\PSoC4/CapSense_SensingCSD_LL.c ****         static void CapSense_SsCSDEnableShieldTank(void);
 144:Generated_Source\PSoC4/CapSense_SensingCSD_LL.c ****     #endif /* (CapSense_ENABLE == CapSense_CSD_SHIELD_TANK_EN) */
 145:Generated_Source\PSoC4/CapSense_SensingCSD_LL.c **** #endif /* (CapSense_ENABLE == CapSense_CSD_SHIELD_EN) */
ARM GAS  C:\Users\ADSTRU~1\AppData\Local\Temp\ccLLBSlA.s 			page 4


 146:Generated_Source\PSoC4/CapSense_SensingCSD_LL.c **** 
 147:Generated_Source\PSoC4/CapSense_SensingCSD_LL.c **** #if ((CapSense_CSD_SS_DIS != CapSense_CSD_AUTOTUNE) || \
 148:Generated_Source\PSoC4/CapSense_SensingCSD_LL.c ****      (CapSense_ENABLE == CapSense_CSD_IDAC_AUTOCAL_EN))
 149:Generated_Source\PSoC4/CapSense_SensingCSD_LL.c ****     static cystatus CapSense_SsCSDCalibrateCheck(uint32 widgetId, uint32 target);
 150:Generated_Source\PSoC4/CapSense_SensingCSD_LL.c ****     static void CapSense_SsCSDCalibrate(uint32 widgetId, uint32 target);
 151:Generated_Source\PSoC4/CapSense_SensingCSD_LL.c ****     #if (CapSense_ENABLE == CapSense_CSD_IDAC_COMP_EN)
 152:Generated_Source\PSoC4/CapSense_SensingCSD_LL.c ****         static void CapSense_SsCSDNormalizeIdac(CapSense_FLASH_WD_STRUCT const *ptrFlashWidget, uin
 153:Generated_Source\PSoC4/CapSense_SensingCSD_LL.c ****     #endif
 154:Generated_Source\PSoC4/CapSense_SensingCSD_LL.c ****     #if (CapSense_ENABLE == CapSense_CSD_IDAC_AUTO_GAIN_EN)
 155:Generated_Source\PSoC4/CapSense_SensingCSD_LL.c ****         static uint32 CapSense_SsCSDSwitchIdacGain(CapSense_FLASH_WD_STRUCT const *ptrFlashWidget);
 156:Generated_Source\PSoC4/CapSense_SensingCSD_LL.c ****     #endif
 157:Generated_Source\PSoC4/CapSense_SensingCSD_LL.c **** #endif /* ((CapSense_CSD_SS_DIS != CapSense_CSD_AUTOTUNE) || \
 158:Generated_Source\PSoC4/CapSense_SensingCSD_LL.c ****            (CapSense_ENABLE == CapSense_CSD_IDAC_AUTOCAL_EN))  */
 159:Generated_Source\PSoC4/CapSense_SensingCSD_LL.c **** 
 160:Generated_Source\PSoC4/CapSense_SensingCSD_LL.c **** #if (CapSense_ENABLE == CapSense_CSDV2)
 161:Generated_Source\PSoC4/CapSense_SensingCSD_LL.c ****     static void CapSense_SsCSDSetFilterDelay(void);
 162:Generated_Source\PSoC4/CapSense_SensingCSD_LL.c **** #else
 163:Generated_Source\PSoC4/CapSense_SensingCSD_LL.c ****     CY_INLINE static void CapSense_SsCSDClockRestart(void);
 164:Generated_Source\PSoC4/CapSense_SensingCSD_LL.c **** #endif /* (CapSense_ENABLE == CapSense_CSDV2) */
 165:Generated_Source\PSoC4/CapSense_SensingCSD_LL.c **** CY_INLINE static void CapSense_SsCSDCmodPrecharge(void);
 166:Generated_Source\PSoC4/CapSense_SensingCSD_LL.c **** CY_INLINE static void CapSense_SsCSDTriggerScan(void);
 167:Generated_Source\PSoC4/CapSense_SensingCSD_LL.c **** static void CapSense_SsCSDConfigIDACs(void);
 168:Generated_Source\PSoC4/CapSense_SensingCSD_LL.c **** static void CapSense_SsCSDSetModeSnsClockDivider(uint32 snsClkSource, uint32 snsClkDivider);
 169:Generated_Source\PSoC4/CapSense_SensingCSD_LL.c **** 
 170:Generated_Source\PSoC4/CapSense_SensingCSD_LL.c **** /** \}
 171:Generated_Source\PSoC4/CapSense_SensingCSD_LL.c **** * \endcond */
 172:Generated_Source\PSoC4/CapSense_SensingCSD_LL.c **** 
 173:Generated_Source\PSoC4/CapSense_SensingCSD_LL.c **** 
 174:Generated_Source\PSoC4/CapSense_SensingCSD_LL.c **** #if (CapSense_ENABLE == CapSense_CSD_SHIELD_EN)
 175:Generated_Source\PSoC4/CapSense_SensingCSD_LL.c ****     /*******************************************************************************
 176:Generated_Source\PSoC4/CapSense_SensingCSD_LL.c ****     * Function Name: CapSense_SsSetShieldDelay
 177:Generated_Source\PSoC4/CapSense_SensingCSD_LL.c ****     ****************************************************************************//**
 178:Generated_Source\PSoC4/CapSense_SensingCSD_LL.c ****     *
 179:Generated_Source\PSoC4/CapSense_SensingCSD_LL.c ****     * \brief
 180:Generated_Source\PSoC4/CapSense_SensingCSD_LL.c ****     *   This is an internal function that sets a shield delay.
 181:Generated_Source\PSoC4/CapSense_SensingCSD_LL.c ****     *
 182:Generated_Source\PSoC4/CapSense_SensingCSD_LL.c ****     * \details
 183:Generated_Source\PSoC4/CapSense_SensingCSD_LL.c ****     *   The function updates the CSD configuration register bits that define the shield
 184:Generated_Source\PSoC4/CapSense_SensingCSD_LL.c ****     *   signal delay relatively to the sense signal.
 185:Generated_Source\PSoC4/CapSense_SensingCSD_LL.c ****     *
 186:Generated_Source\PSoC4/CapSense_SensingCSD_LL.c ****     * \param delay
 187:Generated_Source\PSoC4/CapSense_SensingCSD_LL.c ****     *   Specifies the shield delay value:
 188:Generated_Source\PSoC4/CapSense_SensingCSD_LL.c ****     *    PSoC 4100/4200 value interpretation:
 189:Generated_Source\PSoC4/CapSense_SensingCSD_LL.c ****     *         0 - no delay
 190:Generated_Source\PSoC4/CapSense_SensingCSD_LL.c ****     *         1 - 1 cycle of HFCLK
 191:Generated_Source\PSoC4/CapSense_SensingCSD_LL.c ****     *         2 - 2 cycles of HFCLK
 192:Generated_Source\PSoC4/CapSense_SensingCSD_LL.c ****     *    Third-generation HW block (except 4100/4200 devices):
 193:Generated_Source\PSoC4/CapSense_SensingCSD_LL.c ****     *         0 - no delay
 194:Generated_Source\PSoC4/CapSense_SensingCSD_LL.c ****     *         3 - 10ns delay
 195:Generated_Source\PSoC4/CapSense_SensingCSD_LL.c ****     *         2 - 50ns delay
 196:Generated_Source\PSoC4/CapSense_SensingCSD_LL.c ****     *    Fourth-generation HW block:
 197:Generated_Source\PSoC4/CapSense_SensingCSD_LL.c ****     *         0 - no delay
 198:Generated_Source\PSoC4/CapSense_SensingCSD_LL.c ****     *         1 - 5ns delay
 199:Generated_Source\PSoC4/CapSense_SensingCSD_LL.c ****     *         2 - 10ns delay
 200:Generated_Source\PSoC4/CapSense_SensingCSD_LL.c ****     *         3 - 20ns delay
 201:Generated_Source\PSoC4/CapSense_SensingCSD_LL.c ****     *
 202:Generated_Source\PSoC4/CapSense_SensingCSD_LL.c ****     *******************************************************************************/
ARM GAS  C:\Users\ADSTRU~1\AppData\Local\Temp\ccLLBSlA.s 			page 5


 203:Generated_Source\PSoC4/CapSense_SensingCSD_LL.c ****     static void CapSense_SsSetShieldDelay(uint32 delay)
 204:Generated_Source\PSoC4/CapSense_SensingCSD_LL.c ****     {
 205:Generated_Source\PSoC4/CapSense_SensingCSD_LL.c ****         /* Update CSD config register shield delay bits with shield delay value */
 206:Generated_Source\PSoC4/CapSense_SensingCSD_LL.c ****         CapSense_configCsd &= (uint32)(~CapSense_CONFIG_SHIELD_DELAY_MASK);
 207:Generated_Source\PSoC4/CapSense_SensingCSD_LL.c ****         CapSense_configCsd |= (delay << CapSense_SHIELD_DELAY_SHIFT);
 208:Generated_Source\PSoC4/CapSense_SensingCSD_LL.c ****     }
 209:Generated_Source\PSoC4/CapSense_SensingCSD_LL.c **** 
 210:Generated_Source\PSoC4/CapSense_SensingCSD_LL.c ****     #if (CapSense_ENABLE == CapSense_CSD_SHIELD_TANK_EN)
 211:Generated_Source\PSoC4/CapSense_SensingCSD_LL.c ****         /*******************************************************************************
 212:Generated_Source\PSoC4/CapSense_SensingCSD_LL.c ****         * Function Name: CapSense_SsCSDEnableShieldTank
 213:Generated_Source\PSoC4/CapSense_SensingCSD_LL.c ****         ****************************************************************************//**
 214:Generated_Source\PSoC4/CapSense_SensingCSD_LL.c ****         *
 215:Generated_Source\PSoC4/CapSense_SensingCSD_LL.c ****         * \brief
 216:Generated_Source\PSoC4/CapSense_SensingCSD_LL.c ****         *   This function configures Csh pin
 217:Generated_Source\PSoC4/CapSense_SensingCSD_LL.c ****         *
 218:Generated_Source\PSoC4/CapSense_SensingCSD_LL.c ****         * \details
 219:Generated_Source\PSoC4/CapSense_SensingCSD_LL.c ****         *   The function updates the CSH_HSIOM register to connect Csh to AMUXBUS-B.
 220:Generated_Source\PSoC4/CapSense_SensingCSD_LL.c ****         *   For Third-generation HW block it additionally sets Strong drive mode for Csh
 221:Generated_Source\PSoC4/CapSense_SensingCSD_LL.c ****         *   and applies High level to Csh pin when precharge is set to IO buffer.
 222:Generated_Source\PSoC4/CapSense_SensingCSD_LL.c ****         *
 223:Generated_Source\PSoC4/CapSense_SensingCSD_LL.c ****         *******************************************************************************/
 224:Generated_Source\PSoC4/CapSense_SensingCSD_LL.c ****         static void CapSense_SsCSDEnableShieldTank(void)
 225:Generated_Source\PSoC4/CapSense_SensingCSD_LL.c ****         {
 226:Generated_Source\PSoC4/CapSense_SensingCSD_LL.c ****             /* Update the CSH_HSIOM register to connect Csh to AMUXBUS-B */
 227:Generated_Source\PSoC4/CapSense_SensingCSD_LL.c ****             CapSense_WriteBitsSafe(CapSense_CSH_HSIOM_PTR, CapSense_CSH_HSIOM_MASK,
 228:Generated_Source\PSoC4/CapSense_SensingCSD_LL.c ****                         (uint32)(CapSense_HSIOM_SEL_AMUXB << CapSense_CSH_HSIOM_SHIFT));
 229:Generated_Source\PSoC4/CapSense_SensingCSD_LL.c **** 
 230:Generated_Source\PSoC4/CapSense_SensingCSD_LL.c ****             #if ((CapSense_CSH_PRECHARGE_IO_BUF == CapSense_CSD_CSH_PRECHARGE_SRC) &&\
 231:Generated_Source\PSoC4/CapSense_SensingCSD_LL.c ****                  (CapSense_DISABLE == CapSense_CSDV2))
 232:Generated_Source\PSoC4/CapSense_SensingCSD_LL.c ****                 /* Set Strong drive mode for Csh */
 233:Generated_Source\PSoC4/CapSense_SensingCSD_LL.c ****                 CapSense_WriteBitsSafe(CapSense_CSH_PC_PTR,
 234:Generated_Source\PSoC4/CapSense_SensingCSD_LL.c ****                             (uint32)(CapSense_CSH_PC_MASK << CapSense_CSH_PC_SHIFT),
 235:Generated_Source\PSoC4/CapSense_SensingCSD_LL.c ****                             (uint32)(CapSense_CSH_PC_STRONG_MODE << CapSense_CSH_PC_SHIFT));
 236:Generated_Source\PSoC4/CapSense_SensingCSD_LL.c ****                 /* Appliy High level to Csh pin for Csh */
 237:Generated_Source\PSoC4/CapSense_SensingCSD_LL.c ****                 CapSense_WriteBitsSafe(CapSense_CSH_DR_PTR, (uint32)(CapSense_DR_MASK << CapSense_C
 238:Generated_Source\PSoC4/CapSense_SensingCSD_LL.c ****             #else
 239:Generated_Source\PSoC4/CapSense_SensingCSD_LL.c ****                 /* Set output port register to 0 to connect to GND */
 240:Generated_Source\PSoC4/CapSense_SensingCSD_LL.c ****                 CapSense_WriteBitsSafe(CapSense_CSH_DR_PTR, (uint32)(CapSense_DR_MASK << CapSense_C
 241:Generated_Source\PSoC4/CapSense_SensingCSD_LL.c ****             #endif
 242:Generated_Source\PSoC4/CapSense_SensingCSD_LL.c ****         }
 243:Generated_Source\PSoC4/CapSense_SensingCSD_LL.c ****     #endif /* (CapSense_ENABLE == CapSense_CSD_SHIELD_TANK_EN) */
 244:Generated_Source\PSoC4/CapSense_SensingCSD_LL.c **** 
 245:Generated_Source\PSoC4/CapSense_SensingCSD_LL.c ****     #if (0u != CapSense_CSD_TOTAL_SHIELD_COUNT)
 246:Generated_Source\PSoC4/CapSense_SensingCSD_LL.c ****         /*******************************************************************************
 247:Generated_Source\PSoC4/CapSense_SensingCSD_LL.c ****         * Function Name: CapSense_SsCSDEnableShieldElectrodes
 248:Generated_Source\PSoC4/CapSense_SensingCSD_LL.c ****         ****************************************************************************//**
 249:Generated_Source\PSoC4/CapSense_SensingCSD_LL.c ****         *
 250:Generated_Source\PSoC4/CapSense_SensingCSD_LL.c ****         * \brief
 251:Generated_Source\PSoC4/CapSense_SensingCSD_LL.c ****         *   This internal function initializes Shield Electrodes.
 252:Generated_Source\PSoC4/CapSense_SensingCSD_LL.c ****         *
 253:Generated_Source\PSoC4/CapSense_SensingCSD_LL.c ****         * \details
 254:Generated_Source\PSoC4/CapSense_SensingCSD_LL.c ****         *   The function sets the bit in the HSIOM register which enables the shield electrode
 255:Generated_Source\PSoC4/CapSense_SensingCSD_LL.c ****         *   functionality on the pin. The port and pin configurations are stored in
 256:Generated_Source\PSoC4/CapSense_SensingCSD_LL.c ****         *   the CapSense_shieldIoList structure.
 257:Generated_Source\PSoC4/CapSense_SensingCSD_LL.c ****         *
 258:Generated_Source\PSoC4/CapSense_SensingCSD_LL.c ****         *******************************************************************************/
 259:Generated_Source\PSoC4/CapSense_SensingCSD_LL.c ****         void CapSense_SsCSDEnableShieldElectrodes(void)
ARM GAS  C:\Users\ADSTRU~1\AppData\Local\Temp\ccLLBSlA.s 			page 6


 260:Generated_Source\PSoC4/CapSense_SensingCSD_LL.c ****         {
 261:Generated_Source\PSoC4/CapSense_SensingCSD_LL.c ****             CapSense_SsCSDSetShieldElectrodesState(CapSense_SNS_CONNECTION_SHIELD);
 262:Generated_Source\PSoC4/CapSense_SensingCSD_LL.c ****         }
 263:Generated_Source\PSoC4/CapSense_SensingCSD_LL.c **** 
 264:Generated_Source\PSoC4/CapSense_SensingCSD_LL.c **** 
 265:Generated_Source\PSoC4/CapSense_SensingCSD_LL.c ****         /*******************************************************************************
 266:Generated_Source\PSoC4/CapSense_SensingCSD_LL.c ****         * Function Name: CapSense_SsCSDDisableShieldElectrodes
 267:Generated_Source\PSoC4/CapSense_SensingCSD_LL.c ****         ****************************************************************************//**
 268:Generated_Source\PSoC4/CapSense_SensingCSD_LL.c ****         *
 269:Generated_Source\PSoC4/CapSense_SensingCSD_LL.c ****         * \brief
 270:Generated_Source\PSoC4/CapSense_SensingCSD_LL.c ****         *   This internal function disables Shield Electrodes.
 271:Generated_Source\PSoC4/CapSense_SensingCSD_LL.c ****         *
 272:Generated_Source\PSoC4/CapSense_SensingCSD_LL.c ****         * \details
 273:Generated_Source\PSoC4/CapSense_SensingCSD_LL.c ****         *   The function resets the bit in the HSIOM register which disables the shield
 274:Generated_Source\PSoC4/CapSense_SensingCSD_LL.c ****         *   electrode functionality on the pin. The port and pin configurations are
 275:Generated_Source\PSoC4/CapSense_SensingCSD_LL.c ****         *   stored in  the CapSense_shieldIoList structure.
 276:Generated_Source\PSoC4/CapSense_SensingCSD_LL.c ****         *
 277:Generated_Source\PSoC4/CapSense_SensingCSD_LL.c ****         *******************************************************************************/
 278:Generated_Source\PSoC4/CapSense_SensingCSD_LL.c ****         void CapSense_SsCSDDisableShieldElectrodes(void)
 279:Generated_Source\PSoC4/CapSense_SensingCSD_LL.c ****         {
 280:Generated_Source\PSoC4/CapSense_SensingCSD_LL.c ****             CapSense_SsCSDSetShieldElectrodesState(CapSense_SNS_CONNECTION_GROUND);
 281:Generated_Source\PSoC4/CapSense_SensingCSD_LL.c ****         }
 282:Generated_Source\PSoC4/CapSense_SensingCSD_LL.c **** 
 283:Generated_Source\PSoC4/CapSense_SensingCSD_LL.c **** 
 284:Generated_Source\PSoC4/CapSense_SensingCSD_LL.c ****         /*******************************************************************************
 285:Generated_Source\PSoC4/CapSense_SensingCSD_LL.c ****         * Function Name: CapSense_SsCSDSetShieldElectrodesState
 286:Generated_Source\PSoC4/CapSense_SensingCSD_LL.c ****         ****************************************************************************//**
 287:Generated_Source\PSoC4/CapSense_SensingCSD_LL.c ****         *
 288:Generated_Source\PSoC4/CapSense_SensingCSD_LL.c ****         * \brief
 289:Generated_Source\PSoC4/CapSense_SensingCSD_LL.c ****         *   Sets specified shield electrode pin connection state for all dedicated
 290:Generated_Source\PSoC4/CapSense_SensingCSD_LL.c ****         *   shield electrodes.
 291:Generated_Source\PSoC4/CapSense_SensingCSD_LL.c ****         *
 292:Generated_Source\PSoC4/CapSense_SensingCSD_LL.c ****         * \details
 293:Generated_Source\PSoC4/CapSense_SensingCSD_LL.c ****         *   The function updates following registers for each shield
 294:Generated_Source\PSoC4/CapSense_SensingCSD_LL.c ****         *   electrode:
 295:Generated_Source\PSoC4/CapSense_SensingCSD_LL.c ****         *   - port configuration register
 296:Generated_Source\PSoC4/CapSense_SensingCSD_LL.c ****         *   - pin data register
 297:Generated_Source\PSoC4/CapSense_SensingCSD_LL.c ****         *   - pin HSIOM register
 298:Generated_Source\PSoC4/CapSense_SensingCSD_LL.c ****         *   The shield electrodes port and pin configuration registers addresses are
 299:Generated_Source\PSoC4/CapSense_SensingCSD_LL.c ****         *   stored in the CapSense_shieldIoList structure.
 300:Generated_Source\PSoC4/CapSense_SensingCSD_LL.c ****         *
 301:Generated_Source\PSoC4/CapSense_SensingCSD_LL.c ****         * \param state
 302:Generated_Source\PSoC4/CapSense_SensingCSD_LL.c ****         *   A new state of the shield electrodes. Available values:
 303:Generated_Source\PSoC4/CapSense_SensingCSD_LL.c ****         *   - CapSense_SNS_CONNECTION_GROUND - disconnects electrode from
 304:Generated_Source\PSoC4/CapSense_SensingCSD_LL.c ****         *       CSD hardware block and sets it to GPIO mode with Strong Drive
 305:Generated_Source\PSoC4/CapSense_SensingCSD_LL.c ****         *   - CapSense_SNS_CONNECTION_HIGHZ - disconnects electrode from
 306:Generated_Source\PSoC4/CapSense_SensingCSD_LL.c ****         *       CSD hardware block and sets it to GPIO mode with Analog Hi-Z
 307:Generated_Source\PSoC4/CapSense_SensingCSD_LL.c ****         *   - CapSense_SNS_CONNECTION_SHIELD - connects electrode to
 308:Generated_Source\PSoC4/CapSense_SensingCSD_LL.c ****         *       CSD hardware block
 309:Generated_Source\PSoC4/CapSense_SensingCSD_LL.c ****         *   - CapSense_SNS_CONNECTION_UNDEFINED - sets the same electrode
 310:Generated_Source\PSoC4/CapSense_SensingCSD_LL.c ****         *       connection as for CapSense_SNS_CONNECTION_GROUND
 311:Generated_Source\PSoC4/CapSense_SensingCSD_LL.c ****         *
 312:Generated_Source\PSoC4/CapSense_SensingCSD_LL.c ****         *******************************************************************************/
 313:Generated_Source\PSoC4/CapSense_SensingCSD_LL.c ****         void CapSense_SsCSDSetShieldElectrodesState(uint32 state)
 314:Generated_Source\PSoC4/CapSense_SensingCSD_LL.c ****         {
 315:Generated_Source\PSoC4/CapSense_SensingCSD_LL.c ****             uint8  interruptState;
 316:Generated_Source\PSoC4/CapSense_SensingCSD_LL.c **** 
ARM GAS  C:\Users\ADSTRU~1\AppData\Local\Temp\ccLLBSlA.s 			page 7


 317:Generated_Source\PSoC4/CapSense_SensingCSD_LL.c ****             uint32 loopIndex;
 318:Generated_Source\PSoC4/CapSense_SensingCSD_LL.c **** 
 319:Generated_Source\PSoC4/CapSense_SensingCSD_LL.c ****             uint32 newPinPcVal;
 320:Generated_Source\PSoC4/CapSense_SensingCSD_LL.c ****             uint32 newPinHsiomVal;
 321:Generated_Source\PSoC4/CapSense_SensingCSD_LL.c **** 
 322:Generated_Source\PSoC4/CapSense_SensingCSD_LL.c ****             uint32 tmpPcDrRegValue;
 323:Generated_Source\PSoC4/CapSense_SensingCSD_LL.c ****             uint32 tmpHsiomRegValue;
 324:Generated_Source\PSoC4/CapSense_SensingCSD_LL.c **** 
 325:Generated_Source\PSoC4/CapSense_SensingCSD_LL.c ****             CapSense_SHIELD_IO_STRUCT const *shieldIoPtr;
 326:Generated_Source\PSoC4/CapSense_SensingCSD_LL.c **** 
 327:Generated_Source\PSoC4/CapSense_SensingCSD_LL.c ****             switch(state)
 328:Generated_Source\PSoC4/CapSense_SensingCSD_LL.c ****             {
 329:Generated_Source\PSoC4/CapSense_SensingCSD_LL.c ****                 case CapSense_SNS_CONNECTION_GROUND:
 330:Generated_Source\PSoC4/CapSense_SensingCSD_LL.c ****                     newPinPcVal = CY_SYS_PINS_DM_STRONG;
 331:Generated_Source\PSoC4/CapSense_SensingCSD_LL.c ****                     newPinHsiomVal = CapSense_HSIOM_SEL_GPIO;
 332:Generated_Source\PSoC4/CapSense_SensingCSD_LL.c ****                     break;
 333:Generated_Source\PSoC4/CapSense_SensingCSD_LL.c ****                 case CapSense_SNS_CONNECTION_HIGHZ:
 334:Generated_Source\PSoC4/CapSense_SensingCSD_LL.c ****                     newPinPcVal = CY_SYS_PINS_DM_ALG_HIZ;
 335:Generated_Source\PSoC4/CapSense_SensingCSD_LL.c ****                     newPinHsiomVal = CapSense_HSIOM_SEL_GPIO;
 336:Generated_Source\PSoC4/CapSense_SensingCSD_LL.c ****                     break;
 337:Generated_Source\PSoC4/CapSense_SensingCSD_LL.c ****                 case CapSense_SNS_CONNECTION_SHIELD:
 338:Generated_Source\PSoC4/CapSense_SensingCSD_LL.c ****                     newPinPcVal = CY_SYS_PINS_DM_ALG_HIZ;
 339:Generated_Source\PSoC4/CapSense_SensingCSD_LL.c ****                     newPinHsiomVal = CapSense_HSIOM_SEL_CSD_SHIELD;
 340:Generated_Source\PSoC4/CapSense_SensingCSD_LL.c ****                     break;
 341:Generated_Source\PSoC4/CapSense_SensingCSD_LL.c ****                 default:
 342:Generated_Source\PSoC4/CapSense_SensingCSD_LL.c ****                     newPinPcVal = CY_SYS_PINS_DM_STRONG;
 343:Generated_Source\PSoC4/CapSense_SensingCSD_LL.c ****                     newPinHsiomVal = CapSense_HSIOM_SEL_GPIO;
 344:Generated_Source\PSoC4/CapSense_SensingCSD_LL.c ****                     break;
 345:Generated_Source\PSoC4/CapSense_SensingCSD_LL.c ****             }
 346:Generated_Source\PSoC4/CapSense_SensingCSD_LL.c **** 
 347:Generated_Source\PSoC4/CapSense_SensingCSD_LL.c ****             shieldIoPtr = &CapSense_shieldIoList[0u];
 348:Generated_Source\PSoC4/CapSense_SensingCSD_LL.c ****             for (loopIndex = 0u; loopIndex < CapSense_CSD_TOTAL_SHIELD_COUNT; loopIndex++)
 349:Generated_Source\PSoC4/CapSense_SensingCSD_LL.c ****             {
 350:Generated_Source\PSoC4/CapSense_SensingCSD_LL.c ****                 interruptState = CyEnterCriticalSection();
 351:Generated_Source\PSoC4/CapSense_SensingCSD_LL.c **** 
 352:Generated_Source\PSoC4/CapSense_SensingCSD_LL.c ****                 tmpHsiomRegValue = CY_GET_REG32 (shieldIoPtr->hsiomPtr);
 353:Generated_Source\PSoC4/CapSense_SensingCSD_LL.c ****                 tmpHsiomRegValue &= ~(shieldIoPtr->hsiomMask);
 354:Generated_Source\PSoC4/CapSense_SensingCSD_LL.c ****                 CY_SET_REG32 (shieldIoPtr->hsiomPtr, tmpHsiomRegValue);
 355:Generated_Source\PSoC4/CapSense_SensingCSD_LL.c **** 
 356:Generated_Source\PSoC4/CapSense_SensingCSD_LL.c ****                 tmpPcDrRegValue = CY_GET_REG32 (shieldIoPtr->pcPtr);
 357:Generated_Source\PSoC4/CapSense_SensingCSD_LL.c ****                 tmpPcDrRegValue &= ~(CapSense_GPIO_PC_MASK << shieldIoPtr->shift);
 358:Generated_Source\PSoC4/CapSense_SensingCSD_LL.c ****                 tmpPcDrRegValue |=  (newPinPcVal << shieldIoPtr->shift);
 359:Generated_Source\PSoC4/CapSense_SensingCSD_LL.c ****                 CY_SET_REG32 (shieldIoPtr->pcPtr, tmpPcDrRegValue);
 360:Generated_Source\PSoC4/CapSense_SensingCSD_LL.c **** 
 361:Generated_Source\PSoC4/CapSense_SensingCSD_LL.c ****                 tmpHsiomRegValue |=  (newPinHsiomVal << shieldIoPtr->hsiomShift);
 362:Generated_Source\PSoC4/CapSense_SensingCSD_LL.c ****                 CY_SET_REG32 (shieldIoPtr->hsiomPtr, tmpHsiomRegValue);
 363:Generated_Source\PSoC4/CapSense_SensingCSD_LL.c **** 
 364:Generated_Source\PSoC4/CapSense_SensingCSD_LL.c ****                 tmpPcDrRegValue = CY_GET_REG32 (shieldIoPtr->drPtr);
 365:Generated_Source\PSoC4/CapSense_SensingCSD_LL.c ****                 tmpPcDrRegValue &= ~(1uL << shieldIoPtr->drShift);
 366:Generated_Source\PSoC4/CapSense_SensingCSD_LL.c ****                 CY_SET_REG32 (shieldIoPtr->drPtr, tmpPcDrRegValue);
 367:Generated_Source\PSoC4/CapSense_SensingCSD_LL.c **** 
 368:Generated_Source\PSoC4/CapSense_SensingCSD_LL.c ****                 CyExitCriticalSection(interruptState);
 369:Generated_Source\PSoC4/CapSense_SensingCSD_LL.c **** 
 370:Generated_Source\PSoC4/CapSense_SensingCSD_LL.c ****                 /* Get next electrode */
 371:Generated_Source\PSoC4/CapSense_SensingCSD_LL.c ****                 shieldIoPtr++;
 372:Generated_Source\PSoC4/CapSense_SensingCSD_LL.c ****             }
 373:Generated_Source\PSoC4/CapSense_SensingCSD_LL.c ****         }
ARM GAS  C:\Users\ADSTRU~1\AppData\Local\Temp\ccLLBSlA.s 			page 8


 374:Generated_Source\PSoC4/CapSense_SensingCSD_LL.c ****     #endif /* (0u != CapSense_CSD_TOTAL_SHIELD_COUNT) */
 375:Generated_Source\PSoC4/CapSense_SensingCSD_LL.c **** #endif /* (CapSense_ENABLE == CapSense_CSD_SHIELD_EN) */
 376:Generated_Source\PSoC4/CapSense_SensingCSD_LL.c **** 
 377:Generated_Source\PSoC4/CapSense_SensingCSD_LL.c **** 
 378:Generated_Source\PSoC4/CapSense_SensingCSD_LL.c **** /*******************************************************************************
 379:Generated_Source\PSoC4/CapSense_SensingCSD_LL.c **** * Function Name: CapSense_SsCSDSetModeSnsClockDivider
 380:Generated_Source\PSoC4/CapSense_SensingCSD_LL.c **** ****************************************************************************//**
 381:Generated_Source\PSoC4/CapSense_SensingCSD_LL.c **** *
 382:Generated_Source\PSoC4/CapSense_SensingCSD_LL.c **** * \brief
 383:Generated_Source\PSoC4/CapSense_SensingCSD_LL.c **** *   Sets sense source and Sense Clock Divider
 384:Generated_Source\PSoC4/CapSense_SensingCSD_LL.c **** *
 385:Generated_Source\PSoC4/CapSense_SensingCSD_LL.c **** * \details
 386:Generated_Source\PSoC4/CapSense_SensingCSD_LL.c **** *   For Fourth-generation HW block: Updates CapSense_SENSE_PERIOD register with
 387:Generated_Source\PSoC4/CapSense_SensingCSD_LL.c **** *   sense source and Sense Clock Divider.
 388:Generated_Source\PSoC4/CapSense_SensingCSD_LL.c **** *   For Third-generation HW block: Updates CapSense_configCsd variable with
 389:Generated_Source\PSoC4/CapSense_SensingCSD_LL.c **** *   sense source and sets sense clock divider.
 390:Generated_Source\PSoC4/CapSense_SensingCSD_LL.c **** *
 391:Generated_Source\PSoC4/CapSense_SensingCSD_LL.c **** * \param
 392:Generated_Source\PSoC4/CapSense_SensingCSD_LL.c **** *   snsClkSource The sense source for the sense clock.
 393:Generated_Source\PSoC4/CapSense_SensingCSD_LL.c **** * \param
 394:Generated_Source\PSoC4/CapSense_SensingCSD_LL.c **** *   snsClkDivider The divider value for the sense clock.
 395:Generated_Source\PSoC4/CapSense_SensingCSD_LL.c **** *
 396:Generated_Source\PSoC4/CapSense_SensingCSD_LL.c **** *******************************************************************************/
 397:Generated_Source\PSoC4/CapSense_SensingCSD_LL.c **** static void CapSense_SsCSDSetModeSnsClockDivider(uint32 snsClkSource, uint32 snsClkDivider)
 398:Generated_Source\PSoC4/CapSense_SensingCSD_LL.c **** {
  27              		.loc 1 398 0
  28              		.cfi_startproc
  29              		@ args = 0, pretend = 0, frame = 0
  30              		@ frame_needed = 0, uses_anonymous_args = 0
  31              		@ link register save eliminated.
  32              	.LVL0:
 399:Generated_Source\PSoC4/CapSense_SensingCSD_LL.c ****     #if (CapSense_ENABLE == CapSense_CSDV2)
 400:Generated_Source\PSoC4/CapSense_SensingCSD_LL.c ****         /* Update reg value with divider and configuration */
 401:Generated_Source\PSoC4/CapSense_SensingCSD_LL.c ****         CY_SET_REG32(CapSense_SENSE_PERIOD_PTR, snsClkSource | (snsClkDivider - 1u));
  33              		.loc 1 401 0
  34 0000 0139     		subs	r1, r1, #1
  35              	.LVL1:
  36 0002 0843     		orrs	r0, r1
  37              	.LVL2:
  38 0004 014B     		ldr	r3, .L2
  39 0006 1860     		str	r0, [r3]
 402:Generated_Source\PSoC4/CapSense_SensingCSD_LL.c ****     #else
 403:Generated_Source\PSoC4/CapSense_SensingCSD_LL.c ****         /* Set configuration */
 404:Generated_Source\PSoC4/CapSense_SensingCSD_LL.c ****         CapSense_configCsd &= ~(CapSense_CONFIG_PRS_SELECT_MASK | CapSense_CSD_PRS_12_BIT);
 405:Generated_Source\PSoC4/CapSense_SensingCSD_LL.c ****         CapSense_configCsd |= snsClkSource;
 406:Generated_Source\PSoC4/CapSense_SensingCSD_LL.c **** 
 407:Generated_Source\PSoC4/CapSense_SensingCSD_LL.c ****         /* Set sense clock divider */
 408:Generated_Source\PSoC4/CapSense_SensingCSD_LL.c ****         CapSense_SsSetSnsClockDivider(snsClkDivider);
 409:Generated_Source\PSoC4/CapSense_SensingCSD_LL.c ****     #endif /* (CapSense_ENABLE == CapSense_CSDV2) */
 410:Generated_Source\PSoC4/CapSense_SensingCSD_LL.c **** }
  40              		.loc 1 410 0
  41              		@ sp needed
  42 0008 7047     		bx	lr
  43              	.L3:
  44 000a C046     		.align	2
  45              	.L2:
  46 000c 00020B40 		.word	1074463232
ARM GAS  C:\Users\ADSTRU~1\AppData\Local\Temp\ccLLBSlA.s 			page 9


  47              		.cfi_endproc
  48              	.LFE1:
  49              		.size	CapSense_SsCSDSetModeSnsClockDivider, .-CapSense_SsCSDSetModeSnsClockDivider
  50              		.global	__aeabi_uidiv
  51              		.section	.text.CapSense_SsCSDSetFilterDelay,"ax",%progbits
  52              		.align	2
  53              		.code	16
  54              		.thumb_func
  55              		.type	CapSense_SsCSDSetFilterDelay, %function
  56              	CapSense_SsCSDSetFilterDelay:
  57              	.LFB2:
 411:Generated_Source\PSoC4/CapSense_SensingCSD_LL.c **** 
 412:Generated_Source\PSoC4/CapSense_SensingCSD_LL.c **** 
 413:Generated_Source\PSoC4/CapSense_SensingCSD_LL.c **** #if (CapSense_ENABLE == CapSense_CSDV2)
 414:Generated_Source\PSoC4/CapSense_SensingCSD_LL.c ****     /*******************************************************************************
 415:Generated_Source\PSoC4/CapSense_SensingCSD_LL.c ****     * Function Name: CapSense_SsCSDSetFilterDelay
 416:Generated_Source\PSoC4/CapSense_SensingCSD_LL.c ****     ****************************************************************************//**
 417:Generated_Source\PSoC4/CapSense_SensingCSD_LL.c ****     *
 418:Generated_Source\PSoC4/CapSense_SensingCSD_LL.c ****     * \brief
 419:Generated_Source\PSoC4/CapSense_SensingCSD_LL.c ****     *   Sets the filter delay for Fourth-generation HW block.
 420:Generated_Source\PSoC4/CapSense_SensingCSD_LL.c ****     *
 421:Generated_Source\PSoC4/CapSense_SensingCSD_LL.c ****     * \details
 422:Generated_Source\PSoC4/CapSense_SensingCSD_LL.c ****     *   This function updates Fourth-generation HW block configuration
 423:Generated_Source\PSoC4/CapSense_SensingCSD_LL.c ****     *   variable CapSense_configCsd
 424:Generated_Source\PSoC4/CapSense_SensingCSD_LL.c ****     *   with the filter delay which depends on the sample clock frequency.
 425:Generated_Source\PSoC4/CapSense_SensingCSD_LL.c ****     *   This variable is written into register during enabling
 426:Generated_Source\PSoC4/CapSense_SensingCSD_LL.c ****     *   Fourth-generation HW block .
 427:Generated_Source\PSoC4/CapSense_SensingCSD_LL.c ****     *
 428:Generated_Source\PSoC4/CapSense_SensingCSD_LL.c ****     *******************************************************************************/
 429:Generated_Source\PSoC4/CapSense_SensingCSD_LL.c ****     static void CapSense_SsCSDSetFilterDelay(void)
 430:Generated_Source\PSoC4/CapSense_SensingCSD_LL.c ****     {
  58              		.loc 1 430 0
  59              		.cfi_startproc
  60              		@ args = 0, pretend = 0, frame = 0
  61              		@ frame_needed = 0, uses_anonymous_args = 0
  62 0000 10B5     		push	{r4, lr}
  63              		.cfi_def_cfa_offset 8
  64              		.cfi_offset 4, -8
  65              		.cfi_offset 14, -4
 431:Generated_Source\PSoC4/CapSense_SensingCSD_LL.c ****         #if (CapSense_MOD_CSD_CLK_12MHZ < CYDEV_BCLK__HFCLK__HZ)
 432:Generated_Source\PSoC4/CapSense_SensingCSD_LL.c ****             uint32 sampleClkFreqHz;
 433:Generated_Source\PSoC4/CapSense_SensingCSD_LL.c ****         #endif /* (CapSense_MOD_CSD_CLK_12MHZ < CYDEV_BCLK__HFCLK__HZ) */
 434:Generated_Source\PSoC4/CapSense_SensingCSD_LL.c **** 
 435:Generated_Source\PSoC4/CapSense_SensingCSD_LL.c ****         CapSense_configCsd &= ~CapSense_CONFIG_FILTER_DELAY_MASK;
  66              		.loc 1 435 0
  67 0002 0F4B     		ldr	r3, .L8
  68 0004 1B68     		ldr	r3, [r3]
  69 0006 7022     		movs	r2, #112
  70 0008 9343     		bics	r3, r2
  71 000a 1C00     		movs	r4, r3
 436:Generated_Source\PSoC4/CapSense_SensingCSD_LL.c **** 
 437:Generated_Source\PSoC4/CapSense_SensingCSD_LL.c ****         #if (CapSense_MOD_CSD_CLK_12MHZ < CYDEV_BCLK__HFCLK__HZ)
 438:Generated_Source\PSoC4/CapSense_SensingCSD_LL.c ****             sampleClkFreqHz = CYDEV_BCLK__HFCLK__HZ / (uint32)CapSense_dsRam.modCsdClk;
  72              		.loc 1 438 0
  73 000c 0D4B     		ldr	r3, .L8+4
  74 000e 197F     		ldrb	r1, [r3, #28]
  75 0010 0D48     		ldr	r0, .L8+8
ARM GAS  C:\Users\ADSTRU~1\AppData\Local\Temp\ccLLBSlA.s 			page 10


  76 0012 FFF7FEFF 		bl	__aeabi_uidiv
  77              	.LVL3:
 439:Generated_Source\PSoC4/CapSense_SensingCSD_LL.c ****             if(sampleClkFreqHz <= CapSense_MOD_CSD_CLK_12MHZ)
  78              		.loc 1 439 0
  79 0016 0D4B     		ldr	r3, .L8+12
  80 0018 9842     		cmp	r0, r3
  81 001a 04D8     		bhi	.L5
 440:Generated_Source\PSoC4/CapSense_SensingCSD_LL.c ****             {
 441:Generated_Source\PSoC4/CapSense_SensingCSD_LL.c ****                 CapSense_configCsd |= CapSense_CONFIG_FILTER_DELAY_12MHZ;
  82              		.loc 1 441 0
  83 001c 2023     		movs	r3, #32
  84 001e 2343     		orrs	r3, r4
  85 0020 074A     		ldr	r2, .L8
  86 0022 1360     		str	r3, [r2]
  87 0024 0BE0     		b	.L4
  88              	.L5:
 442:Generated_Source\PSoC4/CapSense_SensingCSD_LL.c ****             }
 443:Generated_Source\PSoC4/CapSense_SensingCSD_LL.c ****             else if(sampleClkFreqHz <= CapSense_MOD_CSD_CLK_24MHZ)
  89              		.loc 1 443 0
  90 0026 084B     		ldr	r3, .L8+8
  91 0028 9842     		cmp	r0, r3
  92 002a 04D8     		bhi	.L7
 444:Generated_Source\PSoC4/CapSense_SensingCSD_LL.c ****             {
 445:Generated_Source\PSoC4/CapSense_SensingCSD_LL.c ****                 CapSense_configCsd |= CapSense_CONFIG_FILTER_DELAY_24MHZ;
  93              		.loc 1 445 0
  94 002c 3023     		movs	r3, #48
  95 002e 2343     		orrs	r3, r4
  96 0030 034A     		ldr	r2, .L8
  97 0032 1360     		str	r3, [r2]
  98 0034 03E0     		b	.L4
  99              	.L7:
 446:Generated_Source\PSoC4/CapSense_SensingCSD_LL.c ****             }
 447:Generated_Source\PSoC4/CapSense_SensingCSD_LL.c ****             else
 448:Generated_Source\PSoC4/CapSense_SensingCSD_LL.c ****             {
 449:Generated_Source\PSoC4/CapSense_SensingCSD_LL.c ****                 CapSense_configCsd |= CapSense_CONFIG_FILTER_DELAY_48MHZ;
 100              		.loc 1 449 0
 101 0036 4023     		movs	r3, #64
 102 0038 2343     		orrs	r3, r4
 103 003a 014A     		ldr	r2, .L8
 104 003c 1360     		str	r3, [r2]
 105              	.L4:
 450:Generated_Source\PSoC4/CapSense_SensingCSD_LL.c ****             }
 451:Generated_Source\PSoC4/CapSense_SensingCSD_LL.c ****         #else
 452:Generated_Source\PSoC4/CapSense_SensingCSD_LL.c ****             CapSense_configCsd |= CapSense_CONFIG_FILTER_DELAY_12MHZ;
 453:Generated_Source\PSoC4/CapSense_SensingCSD_LL.c ****         #endif /* (CapSense_MOD_CSD_CLK_12MHZ < CYDEV_BCLK__HFCLK__HZ) */
 454:Generated_Source\PSoC4/CapSense_SensingCSD_LL.c ****     }
 106              		.loc 1 454 0
 107              		@ sp needed
 108 003e 10BD     		pop	{r4, pc}
 109              	.L9:
 110              		.align	2
 111              	.L8:
 112 0040 00000000 		.word	.LANCHOR0
 113 0044 00000000 		.word	CapSense_dsRam
 114 0048 00366E01 		.word	24000000
 115 004c 001BB700 		.word	12000000
 116              		.cfi_endproc
ARM GAS  C:\Users\ADSTRU~1\AppData\Local\Temp\ccLLBSlA.s 			page 11


 117              	.LFE2:
 118              		.size	CapSense_SsCSDSetFilterDelay, .-CapSense_SsCSDSetFilterDelay
 119              		.section	.text.CapSense_SsCSDConfigIDACs,"ax",%progbits
 120              		.align	2
 121              		.code	16
 122              		.thumb_func
 123              		.type	CapSense_SsCSDConfigIDACs, %function
 124              	CapSense_SsCSDConfigIDACs:
 125              	.LFB3:
 455:Generated_Source\PSoC4/CapSense_SensingCSD_LL.c **** #endif /* (CapSense_ENABLE == CapSense_CSD_GANGED_SNS_EN)  */
 456:Generated_Source\PSoC4/CapSense_SensingCSD_LL.c **** 
 457:Generated_Source\PSoC4/CapSense_SensingCSD_LL.c **** 
 458:Generated_Source\PSoC4/CapSense_SensingCSD_LL.c **** /*******************************************************************************
 459:Generated_Source\PSoC4/CapSense_SensingCSD_LL.c **** * Function Name: CapSense_SsCSDConfigIDACs
 460:Generated_Source\PSoC4/CapSense_SensingCSD_LL.c **** ****************************************************************************//**
 461:Generated_Source\PSoC4/CapSense_SensingCSD_LL.c **** *
 462:Generated_Source\PSoC4/CapSense_SensingCSD_LL.c **** * \brief
 463:Generated_Source\PSoC4/CapSense_SensingCSD_LL.c **** *   Configures the mode for IDAC registers
 464:Generated_Source\PSoC4/CapSense_SensingCSD_LL.c **** *
 465:Generated_Source\PSoC4/CapSense_SensingCSD_LL.c **** * \details
 466:Generated_Source\PSoC4/CapSense_SensingCSD_LL.c **** *   This function configures the IDAC modes depend on Compensation IDAC
 467:Generated_Source\PSoC4/CapSense_SensingCSD_LL.c **** *   enabled or disabled.
 468:Generated_Source\PSoC4/CapSense_SensingCSD_LL.c **** *
 469:Generated_Source\PSoC4/CapSense_SensingCSD_LL.c **** *******************************************************************************/
 470:Generated_Source\PSoC4/CapSense_SensingCSD_LL.c **** static void CapSense_SsCSDConfigIDACs(void)
 471:Generated_Source\PSoC4/CapSense_SensingCSD_LL.c **** {
 126              		.loc 1 471 0
 127              		.cfi_startproc
 128              		@ args = 0, pretend = 0, frame = 0
 129              		@ frame_needed = 0, uses_anonymous_args = 0
 130              		@ link register save eliminated.
 472:Generated_Source\PSoC4/CapSense_SensingCSD_LL.c ****     #if (CapSense_ENABLE == CapSense_CSDV2)
 473:Generated_Source\PSoC4/CapSense_SensingCSD_LL.c ****         CY_SET_REG32(CapSense_CSD_IDACA_PTR, CapSense_IDAC_MOD_DEFAULT_CFG);
 131              		.loc 1 473 0
 132 0000 034A     		ldr	r2, .L11
 133 0002 044B     		ldr	r3, .L11+4
 134 0004 1A60     		str	r2, [r3]
 474:Generated_Source\PSoC4/CapSense_SensingCSD_LL.c ****         #if (CapSense_ENABLE == CapSense_CSD_IDAC_COMP_EN)
 475:Generated_Source\PSoC4/CapSense_SensingCSD_LL.c ****             CY_SET_REG32(CapSense_CSD_IDACB_PTR, CapSense_IDAC_COMP_DEFAULT_CFG);
 135              		.loc 1 475 0
 136 0006 C522     		movs	r2, #197
 137 0008 5204     		lsls	r2, r2, #17
 138 000a 034B     		ldr	r3, .L11+8
 139 000c 1A60     		str	r2, [r3]
 476:Generated_Source\PSoC4/CapSense_SensingCSD_LL.c ****         #endif /* (CapSense_ENABLE == CapSense_CSD_IDAC_COMP_EN) */
 477:Generated_Source\PSoC4/CapSense_SensingCSD_LL.c ****     #else
 478:Generated_Source\PSoC4/CapSense_SensingCSD_LL.c ****         #if (CapSense_ENABLE == CapSense_CSD_IDAC_COMP_EN)
 479:Generated_Source\PSoC4/CapSense_SensingCSD_LL.c ****             CY_SET_REG32(CapSense_IDAC_PTR, CapSense_DEFAULT_CSD_IDAC_CONFIG);
 480:Generated_Source\PSoC4/CapSense_SensingCSD_LL.c ****         #else
 481:Generated_Source\PSoC4/CapSense_SensingCSD_LL.c ****             CY_SET_REG32(CapSense_IDAC_PTR, CY_GET_REG32(CapSense_IDAC_PTR) &
 482:Generated_Source\PSoC4/CapSense_SensingCSD_LL.c ****                                                                 ~(CapSense_IDAC_MOD_MODE_MASK |
 483:Generated_Source\PSoC4/CapSense_SensingCSD_LL.c ****                                                                   CapSense_IDAC_MOD_MASK));
 484:Generated_Source\PSoC4/CapSense_SensingCSD_LL.c ****             CY_SET_REG32(CapSense_IDAC_PTR, CY_GET_REG32(CapSense_IDAC_PTR) |
 485:Generated_Source\PSoC4/CapSense_SensingCSD_LL.c ****                                                                  CapSense_DEFAULT_CSD_IDAC_CONFIG);
 486:Generated_Source\PSoC4/CapSense_SensingCSD_LL.c ****         #endif /* (CapSense_ENABLE == CapSense_CSD_IDAC_COMP_EN) */
 487:Generated_Source\PSoC4/CapSense_SensingCSD_LL.c ****     #endif /* (CapSense_ENABLE == CapSense_CSDV2) */
 488:Generated_Source\PSoC4/CapSense_SensingCSD_LL.c **** }
ARM GAS  C:\Users\ADSTRU~1\AppData\Local\Temp\ccLLBSlA.s 			page 12


 140              		.loc 1 488 0
 141              		@ sp needed
 142 000e 7047     		bx	lr
 143              	.L12:
 144              		.align	2
 145              	.L11:
 146 0010 00008F01 		.word	26148864
 147 0014 C0010B40 		.word	1074463168
 148 0018 C4010B40 		.word	1074463172
 149              		.cfi_endproc
 150              	.LFE3:
 151              		.size	CapSense_SsCSDConfigIDACs, .-CapSense_SsCSDConfigIDACs
 152              		.section	.text.CapSense_SsCSDCalibrateCheck,"ax",%progbits
 153              		.align	2
 154              		.code	16
 155              		.thumb_func
 156              		.type	CapSense_SsCSDCalibrateCheck, %function
 157              	CapSense_SsCSDCalibrateCheck:
 158              	.LFB19:
 489:Generated_Source\PSoC4/CapSense_SensingCSD_LL.c **** 
 490:Generated_Source\PSoC4/CapSense_SensingCSD_LL.c **** 
 491:Generated_Source\PSoC4/CapSense_SensingCSD_LL.c **** /*******************************************************************************
 492:Generated_Source\PSoC4/CapSense_SensingCSD_LL.c **** * Function Name: CapSense_SsCSDInitialize
 493:Generated_Source\PSoC4/CapSense_SensingCSD_LL.c **** ****************************************************************************//**
 494:Generated_Source\PSoC4/CapSense_SensingCSD_LL.c **** *
 495:Generated_Source\PSoC4/CapSense_SensingCSD_LL.c **** * \brief
 496:Generated_Source\PSoC4/CapSense_SensingCSD_LL.c **** *   This API initializes the CSD module.
 497:Generated_Source\PSoC4/CapSense_SensingCSD_LL.c **** *
 498:Generated_Source\PSoC4/CapSense_SensingCSD_LL.c **** * \details
 499:Generated_Source\PSoC4/CapSense_SensingCSD_LL.c **** *   The function performs the following steps for Fourth-generation HW block:
 500:Generated_Source\PSoC4/CapSense_SensingCSD_LL.c **** *   1) Sets GPIO output to "0" for all sensor pins;
 501:Generated_Source\PSoC4/CapSense_SensingCSD_LL.c **** *   2) Connects CMOD to AMUXBUS-A and to CSDBUS-A;
 502:Generated_Source\PSoC4/CapSense_SensingCSD_LL.c **** *   3) Connects CMOD to (sense path) to CSDCOMP;
 503:Generated_Source\PSoC4/CapSense_SensingCSD_LL.c **** *   4) Connects Csh_tank to AMUXBUS-B and to CSDBUS-B;
 504:Generated_Source\PSoC4/CapSense_SensingCSD_LL.c **** *   5) Connects VREF to REFGEN;
 505:Generated_Source\PSoC4/CapSense_SensingCSD_LL.c **** *   6) Configures REFGEN and sets the reference voltage;
 506:Generated_Source\PSoC4/CapSense_SensingCSD_LL.c **** *   7) Connects VREF to CSDCOMP and HSCOMP;
 507:Generated_Source\PSoC4/CapSense_SensingCSD_LL.c **** *   8) Configures IDAC and connect to CSDBUS-A (to drive CMOD);
 508:Generated_Source\PSoC4/CapSense_SensingCSD_LL.c **** *   9) Configures ModClk;
 509:Generated_Source\PSoC4/CapSense_SensingCSD_LL.c **** *   10) Configure SnsClk source;
 510:Generated_Source\PSoC4/CapSense_SensingCSD_LL.c **** *   11) Sets other CSD configurations (Csd Auto Zero time,
 511:Generated_Source\PSoC4/CapSense_SensingCSD_LL.c **** *       Sample Init period, interrupts,
 512:Generated_Source\PSoC4/CapSense_SensingCSD_LL.c **** *       CMOD and Csh_tank/shield initialization switch resistance).
 513:Generated_Source\PSoC4/CapSense_SensingCSD_LL.c **** *
 514:Generated_Source\PSoC4/CapSense_SensingCSD_LL.c **** *   The function performs the following steps for Third-generation HW block:
 515:Generated_Source\PSoC4/CapSense_SensingCSD_LL.c **** *   1) Sets all the sensors to the inactive state;
 516:Generated_Source\PSoC4/CapSense_SensingCSD_LL.c **** *   2) Enables Shield Electrodes;
 517:Generated_Source\PSoC4/CapSense_SensingCSD_LL.c **** *   3) Configures the CSD block and IDACs;
 518:Generated_Source\PSoC4/CapSense_SensingCSD_LL.c **** *   4) Connects Cmod to AMUXBUS-A;
 519:Generated_Source\PSoC4/CapSense_SensingCSD_LL.c **** *   5) Enables the clocks;
 520:Generated_Source\PSoC4/CapSense_SensingCSD_LL.c **** *   6) Sets the shield delay;
 521:Generated_Source\PSoC4/CapSense_SensingCSD_LL.c **** *   7) Enables the CSD block; connects Vref Buffer to the AMUX bus.
 522:Generated_Source\PSoC4/CapSense_SensingCSD_LL.c **** *
 523:Generated_Source\PSoC4/CapSense_SensingCSD_LL.c **** *******************************************************************************/
 524:Generated_Source\PSoC4/CapSense_SensingCSD_LL.c **** void CapSense_SsCSDInitialize(void)
 525:Generated_Source\PSoC4/CapSense_SensingCSD_LL.c **** {
 526:Generated_Source\PSoC4/CapSense_SensingCSD_LL.c ****     #if (CapSense_ENABLE == CapSense_CSDV2)
ARM GAS  C:\Users\ADSTRU~1\AppData\Local\Temp\ccLLBSlA.s 			page 13


 527:Generated_Source\PSoC4/CapSense_SensingCSD_LL.c ****         uint32 newRegValue;
 528:Generated_Source\PSoC4/CapSense_SensingCSD_LL.c ****     #endif
 529:Generated_Source\PSoC4/CapSense_SensingCSD_LL.c **** 
 530:Generated_Source\PSoC4/CapSense_SensingCSD_LL.c ****     /* Set all the sensors to inactive state */
 531:Generated_Source\PSoC4/CapSense_SensingCSD_LL.c ****     if(CapSense_dsRam.scanCurrentISC != CapSense_dsRam.scanCsdISC)
 532:Generated_Source\PSoC4/CapSense_SensingCSD_LL.c ****     {
 533:Generated_Source\PSoC4/CapSense_SensingCSD_LL.c ****         CapSense_SsSetAllIOsState((uint32)CapSense_dsRam.scanCsdISC);
 534:Generated_Source\PSoC4/CapSense_SensingCSD_LL.c ****         CapSense_dsRam.scanCurrentISC = CapSense_dsRam.scanCsdISC;
 535:Generated_Source\PSoC4/CapSense_SensingCSD_LL.c ****     }
 536:Generated_Source\PSoC4/CapSense_SensingCSD_LL.c **** 
 537:Generated_Source\PSoC4/CapSense_SensingCSD_LL.c ****     #if (CapSense_ENABLE == CapSense_CSD_SHIELD_EN)
 538:Generated_Source\PSoC4/CapSense_SensingCSD_LL.c ****         /* Connect shields to AMUX-B bus (config HSIOM regs) */
 539:Generated_Source\PSoC4/CapSense_SensingCSD_LL.c ****         #if (0u != CapSense_CSD_TOTAL_SHIELD_COUNT)
 540:Generated_Source\PSoC4/CapSense_SensingCSD_LL.c ****             CapSense_SsCSDEnableShieldElectrodes();
 541:Generated_Source\PSoC4/CapSense_SensingCSD_LL.c ****         #endif /* (0u != CapSense_CSD_TOTAL_SHIELD_COUNT) */
 542:Generated_Source\PSoC4/CapSense_SensingCSD_LL.c **** 
 543:Generated_Source\PSoC4/CapSense_SensingCSD_LL.c ****         #if (CapSense_ENABLE == CapSense_CSD_SHIELD_TANK_EN)
 544:Generated_Source\PSoC4/CapSense_SensingCSD_LL.c ****             /* Configure Csh */
 545:Generated_Source\PSoC4/CapSense_SensingCSD_LL.c ****             CapSense_SsCSDEnableShieldTank();
 546:Generated_Source\PSoC4/CapSense_SensingCSD_LL.c ****         #endif /* (CapSense_ENABLE == CapSense_CSD_SHIELD_TANK_EN) */
 547:Generated_Source\PSoC4/CapSense_SensingCSD_LL.c ****     #endif /* (CapSense_ENABLE == CapSense_CSD_SHIELD_EN) */
 548:Generated_Source\PSoC4/CapSense_SensingCSD_LL.c **** 
 549:Generated_Source\PSoC4/CapSense_SensingCSD_LL.c ****     #if (CapSense_ENABLE == CapSense_CSDV2)
 550:Generated_Source\PSoC4/CapSense_SensingCSD_LL.c **** 
 551:Generated_Source\PSoC4/CapSense_SensingCSD_LL.c ****         CapSense_DischargeExtCapacitors(CapSense_EXT_CAP_DISCHARGE_TIME);
 552:Generated_Source\PSoC4/CapSense_SensingCSD_LL.c **** 
 553:Generated_Source\PSoC4/CapSense_SensingCSD_LL.c ****         /* Initialize the unused CSD registers to defaut state */
 554:Generated_Source\PSoC4/CapSense_SensingCSD_LL.c ****         CY_SET_REG32(CapSense_SENSE_DUTY_PTR, CapSense_DEFAULT_SENSE_DUTY_SEL);
 555:Generated_Source\PSoC4/CapSense_SensingCSD_LL.c **** 
 556:Generated_Source\PSoC4/CapSense_SensingCSD_LL.c ****         /* Configure VREF */
 557:Generated_Source\PSoC4/CapSense_SensingCSD_LL.c ****         newRegValue = CY_GET_REG32(CapSense_SW_REFGEN_SEL_PTR);
 558:Generated_Source\PSoC4/CapSense_SensingCSD_LL.c ****         newRegValue |= CapSense_DEFAULT_SW_REFGEN_SEL;
 559:Generated_Source\PSoC4/CapSense_SensingCSD_LL.c **** 
 560:Generated_Source\PSoC4/CapSense_SensingCSD_LL.c ****         CY_SET_REG32(CapSense_SW_REFGEN_SEL_PTR, newRegValue);
 561:Generated_Source\PSoC4/CapSense_SensingCSD_LL.c ****         CY_SET_REG32(CapSense_INTR_SET_PTR,         CapSense_DEFAULT_CSD_INTR_SET);
 562:Generated_Source\PSoC4/CapSense_SensingCSD_LL.c ****         CY_SET_REG32(CapSense_SW_FW_TANK_SEL_PTR,   CapSense_DEFAULT_CSD_SW_FW_TANK_SEL);
 563:Generated_Source\PSoC4/CapSense_SensingCSD_LL.c ****         CY_SET_REG32(CapSense_SW_DSI_SEL_PTR,       CapSense_DEFAULT_CSD_SW_DSI_SEL);
 564:Generated_Source\PSoC4/CapSense_SensingCSD_LL.c ****         CY_SET_REG32(CapSense_ADC_CTL_PTR,          CapSense_DEFAULT_CSD_ADC_CTL);
 565:Generated_Source\PSoC4/CapSense_SensingCSD_LL.c ****         CY_SET_REG32(CapSense_AMBUF_PTR,            CapSense_AMBUF_PWR_MODE_OFF);
 566:Generated_Source\PSoC4/CapSense_SensingCSD_LL.c ****         CY_SET_REG32(CapSense_SW_SHIELD_SEL_PTR,    CapSense_DEFAULT_SW_SHIELD_SEL);
 567:Generated_Source\PSoC4/CapSense_SensingCSD_LL.c ****         CY_SET_REG32(CapSense_SW_HS_P_SEL_PTR,      CapSense_DEFAULT_SW_HS_P_SEL);
 568:Generated_Source\PSoC4/CapSense_SensingCSD_LL.c ****         CY_SET_REG32(CapSense_SW_HS_N_SEL_PTR,      CapSense_DEFAULT_SW_HS_N_SEL);
 569:Generated_Source\PSoC4/CapSense_SensingCSD_LL.c ****         CY_SET_REG32(CapSense_HSCMP_PTR,            CapSense_DEFAULT_HSCMP_CFG);
 570:Generated_Source\PSoC4/CapSense_SensingCSD_LL.c **** 
 571:Generated_Source\PSoC4/CapSense_SensingCSD_LL.c ****         /* Connect CMOD to AMUXBUS-A */
 572:Generated_Source\PSoC4/CapSense_SensingCSD_LL.c ****         CapSense_WriteBitsSafe(CapSense_CMOD_HSIOM_PTR, CapSense_CMOD_HSIOM_MASK,
 573:Generated_Source\PSoC4/CapSense_SensingCSD_LL.c ****                     (uint32)(CapSense_HSIOM_SEL_AMUXA << CapSense_CMOD_HSIOM_SHIFT));
 574:Generated_Source\PSoC4/CapSense_SensingCSD_LL.c **** 
 575:Generated_Source\PSoC4/CapSense_SensingCSD_LL.c ****         /* Set output port register to 0 to connect to GND */
 576:Generated_Source\PSoC4/CapSense_SensingCSD_LL.c ****         CapSense_WriteBitsSafe(CapSense_CMOD_DR_PTR, CapSense_Cmod__0__MASK, 0u);
 577:Generated_Source\PSoC4/CapSense_SensingCSD_LL.c **** 
 578:Generated_Source\PSoC4/CapSense_SensingCSD_LL.c ****         /* Connect AMUXBUS-A to CSDBUS-A */
 579:Generated_Source\PSoC4/CapSense_SensingCSD_LL.c ****         newRegValue = CY_GET_REG32(CapSense_SW_BYP_SEL_PTR);
 580:Generated_Source\PSoC4/CapSense_SensingCSD_LL.c ****         newRegValue |= CapSense_SW_BYP_SEL_SW_BYA_MASK;
 581:Generated_Source\PSoC4/CapSense_SensingCSD_LL.c ****         CY_SET_REG32(CapSense_SW_BYP_SEL_PTR, newRegValue);
 582:Generated_Source\PSoC4/CapSense_SensingCSD_LL.c **** 
 583:Generated_Source\PSoC4/CapSense_SensingCSD_LL.c ****         /* Connect CMOD to (sense path) to CSDCOMP */
ARM GAS  C:\Users\ADSTRU~1\AppData\Local\Temp\ccLLBSlA.s 			page 14


 584:Generated_Source\PSoC4/CapSense_SensingCSD_LL.c ****         #if (CapSense_CSD__CMOD_PAD == CapSense_CMOD_CONNECTION)
 585:Generated_Source\PSoC4/CapSense_SensingCSD_LL.c ****             CY_SET_REG32(CapSense_SW_CMP_P_SEL_PTR, CapSense_SW_CMP_P_SEL_SW_SFPM_STATIC_CLOSE);
 586:Generated_Source\PSoC4/CapSense_SensingCSD_LL.c ****         #elif (CapSense_CSD__CSHIELD_PAD == CapSense_CMOD_CONNECTION)
 587:Generated_Source\PSoC4/CapSense_SensingCSD_LL.c ****             CY_SET_REG32(CapSense_SW_CMP_P_SEL_PTR, CapSense_SW_CMP_P_SEL_SW_SFPS_STATIC_CLOSE);
 588:Generated_Source\PSoC4/CapSense_SensingCSD_LL.c ****         #else
 589:Generated_Source\PSoC4/CapSense_SensingCSD_LL.c ****             CY_SET_REG32(CapSense_SW_CMP_P_SEL_PTR, CapSense_SW_CMP_P_SEL_SW_SFPT_STATIC_CLOSE);
 590:Generated_Source\PSoC4/CapSense_SensingCSD_LL.c ****         #endif /* (CapSense_CSD__CMOD_PAD == CapSense_CMOD_CONNECTION) */
 591:Generated_Source\PSoC4/CapSense_SensingCSD_LL.c **** 
 592:Generated_Source\PSoC4/CapSense_SensingCSD_LL.c ****         /* Configure shield driving path */
 593:Generated_Source\PSoC4/CapSense_SensingCSD_LL.c ****         #if (CapSense_ENABLE == CapSense_CSD_SHIELD_EN)
 594:Generated_Source\PSoC4/CapSense_SensingCSD_LL.c ****             /* Connect AMUXBUS-B to CSDBUS-B (and AMUXBUS-A to CSDBUS-A ) */
 595:Generated_Source\PSoC4/CapSense_SensingCSD_LL.c ****             CY_SET_REG32(CapSense_SW_BYP_SEL_PTR, CapSense_SW_BYP_SEL_SW_BYA_MASK | CapSense_SW_BYP
 596:Generated_Source\PSoC4/CapSense_SensingCSD_LL.c **** 
 597:Generated_Source\PSoC4/CapSense_SensingCSD_LL.c ****             /* Connect AMUXBUS-B to HSCMP positive input */
 598:Generated_Source\PSoC4/CapSense_SensingCSD_LL.c ****             CY_SET_REG32(CapSense_SW_HS_P_SEL_PTR, 0x00000000uL);
 599:Generated_Source\PSoC4/CapSense_SensingCSD_LL.c ****         #endif /* (CapSense_ENABLE == CapSense_CSD_SHIELD_EN) */
 600:Generated_Source\PSoC4/CapSense_SensingCSD_LL.c **** 
 601:Generated_Source\PSoC4/CapSense_SensingCSD_LL.c ****         /* Configure VREF */
 602:Generated_Source\PSoC4/CapSense_SensingCSD_LL.c ****         #if (CapSense_ENABLE == CapSense_CSD_IDAC_COMP_EN)
 603:Generated_Source\PSoC4/CapSense_SensingCSD_LL.c ****             /* Connect VREF to REFGEN. Connect IDACB to CSDBUSA */
 604:Generated_Source\PSoC4/CapSense_SensingCSD_LL.c ****             newRegValue = CY_GET_REG32(CapSense_SW_REFGEN_SEL_PTR);
 605:Generated_Source\PSoC4/CapSense_SensingCSD_LL.c ****             newRegValue |= CapSense_SW_REFGEN_SEL_SW_SGR_MASK | CapSense_SW_REFGEN_SEL_SW_IAIB_MASK
 606:Generated_Source\PSoC4/CapSense_SensingCSD_LL.c ****             CY_SET_REG32(CapSense_SW_REFGEN_SEL_PTR, newRegValue);
 607:Generated_Source\PSoC4/CapSense_SensingCSD_LL.c ****         #else
 608:Generated_Source\PSoC4/CapSense_SensingCSD_LL.c ****             /* Connect VREF to REFGEN (IAIB switch is open) */
 609:Generated_Source\PSoC4/CapSense_SensingCSD_LL.c ****             newRegValue = CY_GET_REG32(CapSense_SW_REFGEN_SEL_PTR);
 610:Generated_Source\PSoC4/CapSense_SensingCSD_LL.c ****             newRegValue |= CapSense_SW_REFGEN_SEL_SW_SGR_MASK;
 611:Generated_Source\PSoC4/CapSense_SensingCSD_LL.c ****             CY_SET_REG32(CapSense_SW_REFGEN_SEL_PTR, newRegValue);
 612:Generated_Source\PSoC4/CapSense_SensingCSD_LL.c ****         #endif /* (CapSense_ENABLE == CapSense_CSD_IDAC_COMP_EN) */
 613:Generated_Source\PSoC4/CapSense_SensingCSD_LL.c **** 
 614:Generated_Source\PSoC4/CapSense_SensingCSD_LL.c ****         /* Connect VREFHI (from RefGen) to CSDCOMP when Vdda >= 2 V */
 615:Generated_Source\PSoC4/CapSense_SensingCSD_LL.c ****         CY_SET_REG32(CapSense_SW_CMP_N_SEL_PTR, CapSense_SW_CMP_N_SEL_SW_SCRH_STATIC_CLOSE);
 616:Generated_Source\PSoC4/CapSense_SensingCSD_LL.c **** 
 617:Generated_Source\PSoC4/CapSense_SensingCSD_LL.c ****         #if (CapSense_2000_MV > CapSense_CYDEV_VDDA_MV)
 618:Generated_Source\PSoC4/CapSense_SensingCSD_LL.c **** 
 619:Generated_Source\PSoC4/CapSense_SensingCSD_LL.c ****             /* Configure REFGEN. Set reference voltage when Vdda < 2 V */
 620:Generated_Source\PSoC4/CapSense_SensingCSD_LL.c ****             CY_SET_REG32(CapSense_REFGEN_PTR, CapSense_REFGEN_LV);
 621:Generated_Source\PSoC4/CapSense_SensingCSD_LL.c **** 
 622:Generated_Source\PSoC4/CapSense_SensingCSD_LL.c ****             /* Connect Vrefhi to AMUBUF positive input when Vdaa < 2V
 623:Generated_Source\PSoC4/CapSense_SensingCSD_LL.c ****              *  Connect AMUBUF to SCDCMP negative input when Vdaa < 2V
 624:Generated_Source\PSoC4/CapSense_SensingCSD_LL.c ****              */
 625:Generated_Source\PSoC4/CapSense_SensingCSD_LL.c ****             #if (CapSense_ENABLE == CapSense_CSD_SHIELD_EN)
 626:Generated_Source\PSoC4/CapSense_SensingCSD_LL.c ****                 #if (CapSense_IDAC_SINKING == CapSense_CSD_IDAC_CONFIG)
 627:Generated_Source\PSoC4/CapSense_SensingCSD_LL.c ****                     CY_SET_REG32(CapSense_SW_AMUXBUF_SEL_PTR, CapSense_SW_AMUXBUF_SEL_SW_IRH_STATIC
 628:Generated_Source\PSoC4/CapSense_SensingCSD_LL.c ****                                                                           CapSense_SW_AMUXBUF_SEL_S
 629:Generated_Source\PSoC4/CapSense_SensingCSD_LL.c ****                 #else
 630:Generated_Source\PSoC4/CapSense_SensingCSD_LL.c ****                     CY_SET_REG32(CapSense_SW_AMUXBUF_SEL_PTR, CapSense_SW_AMUXBUF_SEL_SW_DEFAULT);
 631:Generated_Source\PSoC4/CapSense_SensingCSD_LL.c ****                 #endif /* (CapSense_ENABLE == CapSense_CSD_SHIELD_EN) */
 632:Generated_Source\PSoC4/CapSense_SensingCSD_LL.c ****                 CY_SET_REG32(CapSense_AMBUF_PTR, CapSense_AMBUF_PWR_MODE_NORM);
 633:Generated_Source\PSoC4/CapSense_SensingCSD_LL.c ****             #else
 634:Generated_Source\PSoC4/CapSense_SensingCSD_LL.c ****                 CY_SET_REG32(CapSense_AMBUF_PTR, CapSense_AMBUF_PWR_MODE_OFF);
 635:Generated_Source\PSoC4/CapSense_SensingCSD_LL.c ****             #endif /* (CapSense_ENABLE == CapSense_CSD_SHIELD_EN) */
 636:Generated_Source\PSoC4/CapSense_SensingCSD_LL.c **** 
 637:Generated_Source\PSoC4/CapSense_SensingCSD_LL.c ****             /* Connect VREFHI to HSCOMP */
 638:Generated_Source\PSoC4/CapSense_SensingCSD_LL.c ****             CY_SET_REG32(CapSense_SW_HS_N_SEL_PTR, CapSense_SW_HS_N_SEL_SW_HCRH_STATIC_CLOSE);
 639:Generated_Source\PSoC4/CapSense_SensingCSD_LL.c ****         #else
 640:Generated_Source\PSoC4/CapSense_SensingCSD_LL.c **** 
ARM GAS  C:\Users\ADSTRU~1\AppData\Local\Temp\ccLLBSlA.s 			page 15


 641:Generated_Source\PSoC4/CapSense_SensingCSD_LL.c ****             /* Configure REFGEN. Set reference voltage when Vdda >= 2 V */
 642:Generated_Source\PSoC4/CapSense_SensingCSD_LL.c ****             CY_SET_REG32(CapSense_REFGEN_PTR, CapSense_REFGEN_HV);
 643:Generated_Source\PSoC4/CapSense_SensingCSD_LL.c **** 
 644:Generated_Source\PSoC4/CapSense_SensingCSD_LL.c ****             #if (CapSense_ENABLE == CapSense_CSD_SHIELD_EN)
 645:Generated_Source\PSoC4/CapSense_SensingCSD_LL.c ****                 /* Turn on CSD_AMBUF high power level when Vdaa >= 2V */
 646:Generated_Source\PSoC4/CapSense_SensingCSD_LL.c ****                 CY_SET_REG32(CapSense_AMBUF_PTR, CapSense_AMBUF_PWR_MODE_HI);
 647:Generated_Source\PSoC4/CapSense_SensingCSD_LL.c **** 
 648:Generated_Source\PSoC4/CapSense_SensingCSD_LL.c ****                 #if (CapSense_IDAC_SINKING != CapSense_CSD_IDAC_CONFIG)
 649:Generated_Source\PSoC4/CapSense_SensingCSD_LL.c ****                     CY_SET_REG32(CapSense_SW_AMUXBUF_SEL_PTR, CapSense_SW_AMUXBUF_SEL_SW_IRH_STATIC
 650:Generated_Source\PSoC4/CapSense_SensingCSD_LL.c ****                                                                           CapSense_SW_AMUXBUF_SEL_S
 651:Generated_Source\PSoC4/CapSense_SensingCSD_LL.c ****                 #else
 652:Generated_Source\PSoC4/CapSense_SensingCSD_LL.c ****                     CY_SET_REG32(CapSense_SW_AMUXBUF_SEL_PTR, CapSense_SW_AMUXBUF_SEL_SW_DEFAULT);
 653:Generated_Source\PSoC4/CapSense_SensingCSD_LL.c ****                 #endif /* (CapSense_IDAC_SINKING == CapSense_CSD_IDAC_CONFIG) */
 654:Generated_Source\PSoC4/CapSense_SensingCSD_LL.c ****             #else
 655:Generated_Source\PSoC4/CapSense_SensingCSD_LL.c ****                 CY_SET_REG32(CapSense_SW_AMUXBUF_SEL_PTR, CapSense_SW_AMUXBUF_SEL_SW_DEFAULT);
 656:Generated_Source\PSoC4/CapSense_SensingCSD_LL.c ****             #endif /* (CapSense_ENABLE == CapSense_CSD_SHIELD_EN) */
 657:Generated_Source\PSoC4/CapSense_SensingCSD_LL.c **** 
 658:Generated_Source\PSoC4/CapSense_SensingCSD_LL.c ****             /* Connect VREFHI to HSCOMP */
 659:Generated_Source\PSoC4/CapSense_SensingCSD_LL.c ****             CY_SET_REG32(CapSense_SW_HS_N_SEL_PTR, CapSense_SW_HS_N_SEL_SW_HCRH_STATIC_CLOSE);
 660:Generated_Source\PSoC4/CapSense_SensingCSD_LL.c ****         #endif /* (CapSense_2000_MV > CapSense_CYDEV_VDDA_MV) */
 661:Generated_Source\PSoC4/CapSense_SensingCSD_LL.c **** 
 662:Generated_Source\PSoC4/CapSense_SensingCSD_LL.c ****         /* Configure IDACs mode */
 663:Generated_Source\PSoC4/CapSense_SensingCSD_LL.c ****         CapSense_SsCSDConfigIDACs();
 664:Generated_Source\PSoC4/CapSense_SensingCSD_LL.c **** 
 665:Generated_Source\PSoC4/CapSense_SensingCSD_LL.c ****         /* Configure ModClk */
 666:Generated_Source\PSoC4/CapSense_SensingCSD_LL.c ****         CapSense_SsSetModClkClockDivider((uint32)CapSense_dsRam.modCsdClk);
 667:Generated_Source\PSoC4/CapSense_SensingCSD_LL.c **** 
 668:Generated_Source\PSoC4/CapSense_SensingCSD_LL.c ****         /* Set other CSD configurations */
 669:Generated_Source\PSoC4/CapSense_SensingCSD_LL.c ****         #if (CapSense_ENABLE == CapSense_CSD_SHIELD_EN)
 670:Generated_Source\PSoC4/CapSense_SensingCSD_LL.c ****             CapSense_SsSetShieldDelay(CapSense_CSD_SHIELD_DELAY);
 671:Generated_Source\PSoC4/CapSense_SensingCSD_LL.c ****         #endif /* (CapSense_ENABLE == CapSense_CSD_SHIELD_EN) */
 672:Generated_Source\PSoC4/CapSense_SensingCSD_LL.c **** 
 673:Generated_Source\PSoC4/CapSense_SensingCSD_LL.c ****         /* Configure HW block filter delay */
 674:Generated_Source\PSoC4/CapSense_SensingCSD_LL.c ****         CapSense_SsCSDSetFilterDelay();
 675:Generated_Source\PSoC4/CapSense_SensingCSD_LL.c **** 
 676:Generated_Source\PSoC4/CapSense_SensingCSD_LL.c ****         #if (CapSense_DISABLE == CapSense_BLOCK_OFF_AFTER_SCAN_EN)
 677:Generated_Source\PSoC4/CapSense_SensingCSD_LL.c ****             /* Enable power to sub-blocks */
 678:Generated_Source\PSoC4/CapSense_SensingCSD_LL.c ****             CY_SET_REG32(CapSense_CONFIG_PTR, CapSense_configCsd |
 679:Generated_Source\PSoC4/CapSense_SensingCSD_LL.c ****                                                       CapSense_CONFIG_SENSE_EN_MASK |
 680:Generated_Source\PSoC4/CapSense_SensingCSD_LL.c ****                                                       CapSense_CONFIG_ENABLE_MASK);
 681:Generated_Source\PSoC4/CapSense_SensingCSD_LL.c ****         #endif /* (CapSense_ENABLE == CapSense_BLOCK_OFF_AFTER_SCAN_EN) */
 682:Generated_Source\PSoC4/CapSense_SensingCSD_LL.c **** 
 683:Generated_Source\PSoC4/CapSense_SensingCSD_LL.c ****         /* Set Csd Auto Zero time (set AZ_TIME bitmask) */
 684:Generated_Source\PSoC4/CapSense_SensingCSD_LL.c ****         CY_SET_REG32(CapSense_SEQ_TIME_PTR, CapSense_CSD_AUTO_ZERO_TIME);
 685:Generated_Source\PSoC4/CapSense_SensingCSD_LL.c **** 
 686:Generated_Source\PSoC4/CapSense_SensingCSD_LL.c ****         /* Select CMOD and Csh_tank/shield initialization switch resistance */
 687:Generated_Source\PSoC4/CapSense_SensingCSD_LL.c ****         CY_SET_REG32(CapSense_SW_RES_PTR, 0x00000000);
 688:Generated_Source\PSoC4/CapSense_SensingCSD_LL.c **** 
 689:Generated_Source\PSoC4/CapSense_SensingCSD_LL.c ****         /* Set the number of dummy fine initialization cycles */
 690:Generated_Source\PSoC4/CapSense_SensingCSD_LL.c ****         CY_SET_REG32(CapSense_SEQ_INIT_CNT_PTR, CapSense_CSD_FINE_INIT_TIME);
 691:Generated_Source\PSoC4/CapSense_SensingCSD_LL.c **** 
 692:Generated_Source\PSoC4/CapSense_SensingCSD_LL.c ****     #else
 693:Generated_Source\PSoC4/CapSense_SensingCSD_LL.c **** 
 694:Generated_Source\PSoC4/CapSense_SensingCSD_LL.c ****         /* Configure IDACs mode */
 695:Generated_Source\PSoC4/CapSense_SensingCSD_LL.c ****         CapSense_SsCSDConfigIDACs();
 696:Generated_Source\PSoC4/CapSense_SensingCSD_LL.c **** 
 697:Generated_Source\PSoC4/CapSense_SensingCSD_LL.c ****         /* Connect Cmod to AMUXBUS-A using HSIOM registers */
ARM GAS  C:\Users\ADSTRU~1\AppData\Local\Temp\ccLLBSlA.s 			page 16


 698:Generated_Source\PSoC4/CapSense_SensingCSD_LL.c ****         CapSense_WriteBitsSafe(CapSense_CMOD_HSIOM_PTR, CapSense_CMOD_HSIOM_MASK,
 699:Generated_Source\PSoC4/CapSense_SensingCSD_LL.c ****                     (uint32)(CapSense_HSIOM_SEL_AMUXA << CapSense_CMOD_HSIOM_SHIFT));
 700:Generated_Source\PSoC4/CapSense_SensingCSD_LL.c **** 
 701:Generated_Source\PSoC4/CapSense_SensingCSD_LL.c ****         #if (CapSense_ENABLE == CapSense_CSD_SHIELD_EN)
 702:Generated_Source\PSoC4/CapSense_SensingCSD_LL.c ****             CapSense_SsSetShieldDelay(CapSense_CSD_SHIELD_DELAY);
 703:Generated_Source\PSoC4/CapSense_SensingCSD_LL.c ****         #endif /* (CapSense_ENABLE == CapSense_CSD_SHIELD_EN) */
 704:Generated_Source\PSoC4/CapSense_SensingCSD_LL.c **** 
 705:Generated_Source\PSoC4/CapSense_SensingCSD_LL.c ****         /* Enable CSD block. Connect Vref Buffer to AMUX bus to make sure that Cmod is charged befo
 706:Generated_Source\PSoC4/CapSense_SensingCSD_LL.c ****         #if (CapSense_ENABLE == CapSense_BLOCK_OFF_AFTER_SCAN_EN)
 707:Generated_Source\PSoC4/CapSense_SensingCSD_LL.c ****             CY_SET_REG32(CapSense_CONFIG_PTR, CapSense_configCsd);
 708:Generated_Source\PSoC4/CapSense_SensingCSD_LL.c ****         #else
 709:Generated_Source\PSoC4/CapSense_SensingCSD_LL.c ****             CY_SET_REG32(CapSense_CONFIG_PTR, CapSense_configCsd | CapSense_CTANK_PRECHARGE_CONFIG_
 710:Generated_Source\PSoC4/CapSense_SensingCSD_LL.c ****         #endif
 711:Generated_Source\PSoC4/CapSense_SensingCSD_LL.c ****     #endif /* (CapSense_ENABLE == CapSense_CSDV2) */
 712:Generated_Source\PSoC4/CapSense_SensingCSD_LL.c **** 
 713:Generated_Source\PSoC4/CapSense_SensingCSD_LL.c ****     #if ((CapSense_ENABLE == CapSense_CSD_COMMON_SNS_CLK_EN) &&\
 714:Generated_Source\PSoC4/CapSense_SensingCSD_LL.c ****          (CapSense_CLK_SOURCE_DIRECT == CapSense_CSD_SNS_CLK_SOURCE))
 715:Generated_Source\PSoC4/CapSense_SensingCSD_LL.c ****          /* Set clock dividers and clock source mode */
 716:Generated_Source\PSoC4/CapSense_SensingCSD_LL.c ****         CapSense_SsCSDConfigClock();
 717:Generated_Source\PSoC4/CapSense_SensingCSD_LL.c ****     #endif
 718:Generated_Source\PSoC4/CapSense_SensingCSD_LL.c **** }
 719:Generated_Source\PSoC4/CapSense_SensingCSD_LL.c **** 
 720:Generated_Source\PSoC4/CapSense_SensingCSD_LL.c **** 
 721:Generated_Source\PSoC4/CapSense_SensingCSD_LL.c **** /*******************************************************************************
 722:Generated_Source\PSoC4/CapSense_SensingCSD_LL.c **** * Function Name: CapSense_SsCSDElectrodeCheck
 723:Generated_Source\PSoC4/CapSense_SensingCSD_LL.c **** ****************************************************************************//**
 724:Generated_Source\PSoC4/CapSense_SensingCSD_LL.c **** *
 725:Generated_Source\PSoC4/CapSense_SensingCSD_LL.c **** * \brief
 726:Generated_Source\PSoC4/CapSense_SensingCSD_LL.c **** *   Checks if electrodes were previously connected using
 727:Generated_Source\PSoC4/CapSense_SensingCSD_LL.c ****  * CapSense_CSDSetupWidgetExt() API and if yes disconnects them.
 728:Generated_Source\PSoC4/CapSense_SensingCSD_LL.c **** *
 729:Generated_Source\PSoC4/CapSense_SensingCSD_LL.c **** * \details
 730:Generated_Source\PSoC4/CapSense_SensingCSD_LL.c **** *   This function checks if CapSense_eleCsdDisconnectFlag is set.
 731:Generated_Source\PSoC4/CapSense_SensingCSD_LL.c **** *   If it set, the function disconnects the previously connected electrode.
 732:Generated_Source\PSoC4/CapSense_SensingCSD_LL.c **** *   The previous IO is contained in CapSense_curSnsIOPtr and
 733:Generated_Source\PSoC4/CapSense_SensingCSD_LL.c **** *   CapSense_curFlashSnsPtr contains the previous data for Ganged
 734:Generated_Source\PSoC4/CapSense_SensingCSD_LL.c **** *   sensors.
 735:Generated_Source\PSoC4/CapSense_SensingCSD_LL.c **** *
 736:Generated_Source\PSoC4/CapSense_SensingCSD_LL.c **** *******************************************************************************/
 737:Generated_Source\PSoC4/CapSense_SensingCSD_LL.c **** void CapSense_SsCSDElectrodeCheck(void)
 738:Generated_Source\PSoC4/CapSense_SensingCSD_LL.c **** {
 739:Generated_Source\PSoC4/CapSense_SensingCSD_LL.c ****     #if (CapSense_ENABLE == CapSense_CSD_GANGED_SNS_EN)
 740:Generated_Source\PSoC4/CapSense_SensingCSD_LL.c ****         uint32 tempVal;
 741:Generated_Source\PSoC4/CapSense_SensingCSD_LL.c ****     #endif /* (CapSense_ENABLE == CapSense_CSD_GANGED_SNS_EN) */
 742:Generated_Source\PSoC4/CapSense_SensingCSD_LL.c **** 
 743:Generated_Source\PSoC4/CapSense_SensingCSD_LL.c ****     if (CapSense_ENABLE == CapSense_eleCsdDisconnectFlag)
 744:Generated_Source\PSoC4/CapSense_SensingCSD_LL.c ****     {
 745:Generated_Source\PSoC4/CapSense_SensingCSD_LL.c ****         /* Disconnect if electrodes were previous connected by CSDSetupWidgetExt() API */
 746:Generated_Source\PSoC4/CapSense_SensingCSD_LL.c ****         #if (CapSense_ENABLE == CapSense_CSD_GANGED_SNS_EN)
 747:Generated_Source\PSoC4/CapSense_SensingCSD_LL.c ****             /* Check ganged sns flag  */
 748:Generated_Source\PSoC4/CapSense_SensingCSD_LL.c ****             if (CapSense_GANGED_SNS_MASK == (CapSense_curFlashWdgtPtr->staticConfig & CapSense_GANG
 749:Generated_Source\PSoC4/CapSense_SensingCSD_LL.c ****             {
 750:Generated_Source\PSoC4/CapSense_SensingCSD_LL.c ****                 /* Get number of ganged pins */
 751:Generated_Source\PSoC4/CapSense_SensingCSD_LL.c ****                 tempVal = CapSense_curFlashSnsPtr->numPins;
 752:Generated_Source\PSoC4/CapSense_SensingCSD_LL.c **** 
 753:Generated_Source\PSoC4/CapSense_SensingCSD_LL.c ****                 /* Get IO pointer  */
 754:Generated_Source\PSoC4/CapSense_SensingCSD_LL.c ****                 CapSense_curSnsIOPtr = &CapSense_ioList[CapSense_curFlashSnsPtr->firstPinId];
ARM GAS  C:\Users\ADSTRU~1\AppData\Local\Temp\ccLLBSlA.s 			page 17


 755:Generated_Source\PSoC4/CapSense_SensingCSD_LL.c **** 
 756:Generated_Source\PSoC4/CapSense_SensingCSD_LL.c ****                 /* Disconnect all ganged sensors */
 757:Generated_Source\PSoC4/CapSense_SensingCSD_LL.c ****                 do
 758:Generated_Source\PSoC4/CapSense_SensingCSD_LL.c ****                 {
 759:Generated_Source\PSoC4/CapSense_SensingCSD_LL.c ****                     CapSense_CSDDisconnectSns(CapSense_curSnsIOPtr);
 760:Generated_Source\PSoC4/CapSense_SensingCSD_LL.c ****                     CapSense_curSnsIOPtr++;
 761:Generated_Source\PSoC4/CapSense_SensingCSD_LL.c ****                     tempVal--;
 762:Generated_Source\PSoC4/CapSense_SensingCSD_LL.c ****                 } while (0u != tempVal);
 763:Generated_Source\PSoC4/CapSense_SensingCSD_LL.c ****             }
 764:Generated_Source\PSoC4/CapSense_SensingCSD_LL.c ****             else
 765:Generated_Source\PSoC4/CapSense_SensingCSD_LL.c ****             {
 766:Generated_Source\PSoC4/CapSense_SensingCSD_LL.c ****                 /* Disconnect ganged sensor */
 767:Generated_Source\PSoC4/CapSense_SensingCSD_LL.c ****                 CapSense_CSDDisconnectSns(CapSense_curSnsIOPtr);
 768:Generated_Source\PSoC4/CapSense_SensingCSD_LL.c ****             }
 769:Generated_Source\PSoC4/CapSense_SensingCSD_LL.c ****         #else
 770:Generated_Source\PSoC4/CapSense_SensingCSD_LL.c ****             /* Disable sensor */
 771:Generated_Source\PSoC4/CapSense_SensingCSD_LL.c ****             CapSense_CSDDisconnectSns(CapSense_curSnsIOPtr);
 772:Generated_Source\PSoC4/CapSense_SensingCSD_LL.c ****         #endif /* (CapSense_ENABLE == CapSense_CSD_GANGED_SNS_EN)  */
 773:Generated_Source\PSoC4/CapSense_SensingCSD_LL.c **** 
 774:Generated_Source\PSoC4/CapSense_SensingCSD_LL.c ****         CapSense_eleCsdDisconnectFlag = 0u;
 775:Generated_Source\PSoC4/CapSense_SensingCSD_LL.c ****     }
 776:Generated_Source\PSoC4/CapSense_SensingCSD_LL.c **** }
 777:Generated_Source\PSoC4/CapSense_SensingCSD_LL.c **** 
 778:Generated_Source\PSoC4/CapSense_SensingCSD_LL.c **** 
 779:Generated_Source\PSoC4/CapSense_SensingCSD_LL.c **** /*******************************************************************************
 780:Generated_Source\PSoC4/CapSense_SensingCSD_LL.c **** * Function Name: CapSense_SsCSDSetUpIdacs
 781:Generated_Source\PSoC4/CapSense_SensingCSD_LL.c **** ****************************************************************************//**
 782:Generated_Source\PSoC4/CapSense_SensingCSD_LL.c **** *
 783:Generated_Source\PSoC4/CapSense_SensingCSD_LL.c **** * \brief
 784:Generated_Source\PSoC4/CapSense_SensingCSD_LL.c **** *  This internal function changes the IDACs values.
 785:Generated_Source\PSoC4/CapSense_SensingCSD_LL.c **** *
 786:Generated_Source\PSoC4/CapSense_SensingCSD_LL.c **** * \details
 787:Generated_Source\PSoC4/CapSense_SensingCSD_LL.c **** *  If Compensation IDAC is enabled, it updates two IDACs.
 788:Generated_Source\PSoC4/CapSense_SensingCSD_LL.c **** *  The Modulator IDAC is common for all the sensors of the widget.
 789:Generated_Source\PSoC4/CapSense_SensingCSD_LL.c **** *  The Compensation IDAC is updated for the sensor of the widget which
 790:Generated_Source\PSoC4/CapSense_SensingCSD_LL.c **** *  is available in the RAM_SNS_STRUCT structure.
 791:Generated_Source\PSoC4/CapSense_SensingCSD_LL.c **** *  If the Compensation IDAC is disabled, the function updates the Modulator IDAC
 792:Generated_Source\PSoC4/CapSense_SensingCSD_LL.c **** *  value only in the RAM_WD_BASE_STRUCT structure.
 793:Generated_Source\PSoC4/CapSense_SensingCSD_LL.c **** *
 794:Generated_Source\PSoC4/CapSense_SensingCSD_LL.c **** * \param
 795:Generated_Source\PSoC4/CapSense_SensingCSD_LL.c **** *  ptrWdgt The pointer to the RAM_WD_BASE_STRUCT structure.
 796:Generated_Source\PSoC4/CapSense_SensingCSD_LL.c **** *
 797:Generated_Source\PSoC4/CapSense_SensingCSD_LL.c **** *******************************************************************************/
 798:Generated_Source\PSoC4/CapSense_SensingCSD_LL.c **** void CapSense_SsCSDSetUpIdacs(CapSense_RAM_WD_BASE_STRUCT const *ptrWdgt)
 799:Generated_Source\PSoC4/CapSense_SensingCSD_LL.c **** {
 800:Generated_Source\PSoC4/CapSense_SensingCSD_LL.c ****     uint8 interruptState;
 801:Generated_Source\PSoC4/CapSense_SensingCSD_LL.c ****     uint32 idacGain;
 802:Generated_Source\PSoC4/CapSense_SensingCSD_LL.c **** 
 803:Generated_Source\PSoC4/CapSense_SensingCSD_LL.c ****     /* Getting IDAC gain */
 804:Generated_Source\PSoC4/CapSense_SensingCSD_LL.c ****     idacGain = CapSense_idacGainTable[ptrWdgt->idacGainIndex].gainReg;
 805:Generated_Source\PSoC4/CapSense_SensingCSD_LL.c **** 
 806:Generated_Source\PSoC4/CapSense_SensingCSD_LL.c ****     #if (CapSense_ENABLE == CapSense_CSDV2)
 807:Generated_Source\PSoC4/CapSense_SensingCSD_LL.c ****         uint32 idacARegValue;
 808:Generated_Source\PSoC4/CapSense_SensingCSD_LL.c ****         #if (CapSense_ENABLE == CapSense_CSD_IDAC_COMP_EN)
 809:Generated_Source\PSoC4/CapSense_SensingCSD_LL.c ****             uint32 idacBRegValue;
 810:Generated_Source\PSoC4/CapSense_SensingCSD_LL.c ****         #endif /* (CapSense_ENABLE == CapSense_CSD_IDAC_COMP_EN) */
 811:Generated_Source\PSoC4/CapSense_SensingCSD_LL.c **** 
ARM GAS  C:\Users\ADSTRU~1\AppData\Local\Temp\ccLLBSlA.s 			page 18


 812:Generated_Source\PSoC4/CapSense_SensingCSD_LL.c ****         interruptState = CyEnterCriticalSection();
 813:Generated_Source\PSoC4/CapSense_SensingCSD_LL.c **** 
 814:Generated_Source\PSoC4/CapSense_SensingCSD_LL.c ****         /* Get IDACA Value */
 815:Generated_Source\PSoC4/CapSense_SensingCSD_LL.c ****         idacARegValue = CY_GET_REG32(CapSense_CSD_IDACA_PTR);
 816:Generated_Source\PSoC4/CapSense_SensingCSD_LL.c **** 
 817:Generated_Source\PSoC4/CapSense_SensingCSD_LL.c ****         /* Clear IDACA value and gain */
 818:Generated_Source\PSoC4/CapSense_SensingCSD_LL.c ****         idacARegValue &= ~(CapSense_IDAC_MOD_VAL_MASK | CapSense_IDAC_GAIN_MASK);
 819:Generated_Source\PSoC4/CapSense_SensingCSD_LL.c **** 
 820:Generated_Source\PSoC4/CapSense_SensingCSD_LL.c ****         /* Set IDACA value gain */
 821:Generated_Source\PSoC4/CapSense_SensingCSD_LL.c ****         #if (CapSense_CSD_MATRIX_WIDGET_EN || CapSense_CSD_TOUCHPAD_WIDGET_EN)
 822:Generated_Source\PSoC4/CapSense_SensingCSD_LL.c ****             if (CapSense_dsFlash.wdgtArray[(CapSense_widgetIndex)].numCols <= CapSense_sensorIndex)
 823:Generated_Source\PSoC4/CapSense_SensingCSD_LL.c ****             {
 824:Generated_Source\PSoC4/CapSense_SensingCSD_LL.c ****                 idacARegValue |= (uint32)ptrWdgt->rowIdacMod[CapSense_scanFreqIndex];
 825:Generated_Source\PSoC4/CapSense_SensingCSD_LL.c ****             }
 826:Generated_Source\PSoC4/CapSense_SensingCSD_LL.c ****             else
 827:Generated_Source\PSoC4/CapSense_SensingCSD_LL.c ****             {
 828:Generated_Source\PSoC4/CapSense_SensingCSD_LL.c ****                 idacARegValue |= (uint32)ptrWdgt->idacMod[CapSense_scanFreqIndex];
 829:Generated_Source\PSoC4/CapSense_SensingCSD_LL.c ****             }
 830:Generated_Source\PSoC4/CapSense_SensingCSD_LL.c ****         #else
 831:Generated_Source\PSoC4/CapSense_SensingCSD_LL.c ****             idacARegValue |= (uint32)ptrWdgt->idacMod[CapSense_scanFreqIndex];
 832:Generated_Source\PSoC4/CapSense_SensingCSD_LL.c ****         #endif /* (CapSense_CSD_MATRIX_WIDGET_EN | CapSense_CSD_TOUCHPAD_WIDGET_EN) */
 833:Generated_Source\PSoC4/CapSense_SensingCSD_LL.c ****         idacARegValue |= idacGain;
 834:Generated_Source\PSoC4/CapSense_SensingCSD_LL.c **** 
 835:Generated_Source\PSoC4/CapSense_SensingCSD_LL.c ****         /* Update IDACA register with new value */
 836:Generated_Source\PSoC4/CapSense_SensingCSD_LL.c ****         CY_SET_REG32(CapSense_CSD_IDACA_PTR, idacARegValue);
 837:Generated_Source\PSoC4/CapSense_SensingCSD_LL.c ****         CyExitCriticalSection(interruptState);
 838:Generated_Source\PSoC4/CapSense_SensingCSD_LL.c **** 
 839:Generated_Source\PSoC4/CapSense_SensingCSD_LL.c ****         #if (CapSense_ENABLE == CapSense_CSD_IDAC_COMP_EN)
 840:Generated_Source\PSoC4/CapSense_SensingCSD_LL.c ****             interruptState = CyEnterCriticalSection();
 841:Generated_Source\PSoC4/CapSense_SensingCSD_LL.c ****             /* Get IDACB Value */
 842:Generated_Source\PSoC4/CapSense_SensingCSD_LL.c ****             idacBRegValue = CY_GET_REG32(CapSense_CSD_IDACB_PTR);
 843:Generated_Source\PSoC4/CapSense_SensingCSD_LL.c **** 
 844:Generated_Source\PSoC4/CapSense_SensingCSD_LL.c ****             /* Clear IDACB value and gain */
 845:Generated_Source\PSoC4/CapSense_SensingCSD_LL.c ****             idacBRegValue &= ~(CapSense_IDAC_COMP_VAL_MASK | CapSense_IDAC_GAIN_MASK);
 846:Generated_Source\PSoC4/CapSense_SensingCSD_LL.c **** 
 847:Generated_Source\PSoC4/CapSense_SensingCSD_LL.c ****             /* Set IDACB value and gain */
 848:Generated_Source\PSoC4/CapSense_SensingCSD_LL.c ****             idacBRegValue |= (uint32)CapSense_curRamSnsPtr->idacComp[CapSense_scanFreqIndex];
 849:Generated_Source\PSoC4/CapSense_SensingCSD_LL.c ****             idacBRegValue |= idacGain;
 850:Generated_Source\PSoC4/CapSense_SensingCSD_LL.c **** 
 851:Generated_Source\PSoC4/CapSense_SensingCSD_LL.c ****             /* Update IDACA register with new value */
 852:Generated_Source\PSoC4/CapSense_SensingCSD_LL.c ****             CY_SET_REG32(CapSense_CSD_IDACB_PTR, idacBRegValue);
 853:Generated_Source\PSoC4/CapSense_SensingCSD_LL.c ****             CyExitCriticalSection(interruptState);
 854:Generated_Source\PSoC4/CapSense_SensingCSD_LL.c ****         #endif /* (CapSense_ENABLE == CapSense_CSD_IDAC_COMP_EN) */
 855:Generated_Source\PSoC4/CapSense_SensingCSD_LL.c **** 
 856:Generated_Source\PSoC4/CapSense_SensingCSD_LL.c ****     #else
 857:Generated_Source\PSoC4/CapSense_SensingCSD_LL.c **** 
 858:Generated_Source\PSoC4/CapSense_SensingCSD_LL.c ****         uint32 newRegValue;
 859:Generated_Source\PSoC4/CapSense_SensingCSD_LL.c ****         uint8 const *ptrIdacMod = ptrWdgt->idacMod;
 860:Generated_Source\PSoC4/CapSense_SensingCSD_LL.c **** 
 861:Generated_Source\PSoC4/CapSense_SensingCSD_LL.c ****         #if (CapSense_CSD_MATRIX_WIDGET_EN  | CapSense_CSD_TOUCHPAD_WIDGET_EN)
 862:Generated_Source\PSoC4/CapSense_SensingCSD_LL.c ****             if (CapSense_dsFlash.wdgtArray[(CapSense_widgetIndex)].numCols <= CapSense_sensorIndex)
 863:Generated_Source\PSoC4/CapSense_SensingCSD_LL.c ****             {
 864:Generated_Source\PSoC4/CapSense_SensingCSD_LL.c ****                 ptrIdacMod = &ptrWdgt->rowIdacMod[0u];
 865:Generated_Source\PSoC4/CapSense_SensingCSD_LL.c ****             }
 866:Generated_Source\PSoC4/CapSense_SensingCSD_LL.c ****         #endif /* (CapSense_CSD_MATRIX_WIDGET_EN  | CapSense_CSD_TOUCHPAD_WIDGET_EN) */
 867:Generated_Source\PSoC4/CapSense_SensingCSD_LL.c **** 
 868:Generated_Source\PSoC4/CapSense_SensingCSD_LL.c ****         interruptState = CyEnterCriticalSection();
ARM GAS  C:\Users\ADSTRU~1\AppData\Local\Temp\ccLLBSlA.s 			page 19


 869:Generated_Source\PSoC4/CapSense_SensingCSD_LL.c **** 
 870:Generated_Source\PSoC4/CapSense_SensingCSD_LL.c ****         /* Get Idac Value */
 871:Generated_Source\PSoC4/CapSense_SensingCSD_LL.c ****         newRegValue = CY_GET_REG32(CapSense_IDAC_PTR);
 872:Generated_Source\PSoC4/CapSense_SensingCSD_LL.c **** 
 873:Generated_Source\PSoC4/CapSense_SensingCSD_LL.c ****         /* Clear Idac value and gain */
 874:Generated_Source\PSoC4/CapSense_SensingCSD_LL.c ****         #if (CapSense_ENABLE == CapSense_CSD_IDAC_COMP_EN)
 875:Generated_Source\PSoC4/CapSense_SensingCSD_LL.c ****             newRegValue &= ~(CapSense_IDAC_MOD_MASK | CapSense_IDAC_COMP_MASK |
 876:Generated_Source\PSoC4/CapSense_SensingCSD_LL.c ****                 CapSense_IDAC_GAIN_MASK | (CapSense_IDAC_GAIN_MASK << CapSense_IDAC_COMP_DATA_OFFSE
 877:Generated_Source\PSoC4/CapSense_SensingCSD_LL.c ****         #else
 878:Generated_Source\PSoC4/CapSense_SensingCSD_LL.c ****             newRegValue &= ~(CapSense_IDAC_MOD_MASK | CapSense_IDAC_GAIN_MASK);
 879:Generated_Source\PSoC4/CapSense_SensingCSD_LL.c ****         #endif /* (CapSense_ENABLE == CapSense_CSD_IDAC_COMP_EN) */
 880:Generated_Source\PSoC4/CapSense_SensingCSD_LL.c **** 
 881:Generated_Source\PSoC4/CapSense_SensingCSD_LL.c ****         /* Set Idac value and gain */
 882:Generated_Source\PSoC4/CapSense_SensingCSD_LL.c ****         #if (CapSense_ENABLE == CapSense_CSD_IDAC_COMP_EN)
 883:Generated_Source\PSoC4/CapSense_SensingCSD_LL.c ****             newRegValue |= (ptrIdacMod[CapSense_scanFreqIndex] |
 884:Generated_Source\PSoC4/CapSense_SensingCSD_LL.c ****                            (uint32)((uint32)CapSense_curRamSnsPtr->idacComp[CapSense_scanFreqIndex]
 885:Generated_Source\PSoC4/CapSense_SensingCSD_LL.c ****                            CapSense_IDAC_COMP_DATA_OFFSET));
 886:Generated_Source\PSoC4/CapSense_SensingCSD_LL.c ****             newRegValue |= idacGain;
 887:Generated_Source\PSoC4/CapSense_SensingCSD_LL.c ****             newRegValue |= (idacGain << CapSense_IDAC_COMP_DATA_OFFSET);
 888:Generated_Source\PSoC4/CapSense_SensingCSD_LL.c ****         #else
 889:Generated_Source\PSoC4/CapSense_SensingCSD_LL.c ****             newRegValue |= ptrIdacMod[CapSense_scanFreqIndex];
 890:Generated_Source\PSoC4/CapSense_SensingCSD_LL.c ****             newRegValue |= idacGain;
 891:Generated_Source\PSoC4/CapSense_SensingCSD_LL.c ****         #endif /* (CapSense_ENABLE == CapSense_CSD_IDAC_COMP_EN) */
 892:Generated_Source\PSoC4/CapSense_SensingCSD_LL.c ****         CY_SET_REG32(CapSense_IDAC_PTR, newRegValue);
 893:Generated_Source\PSoC4/CapSense_SensingCSD_LL.c **** 
 894:Generated_Source\PSoC4/CapSense_SensingCSD_LL.c ****         CyExitCriticalSection(interruptState);
 895:Generated_Source\PSoC4/CapSense_SensingCSD_LL.c **** 
 896:Generated_Source\PSoC4/CapSense_SensingCSD_LL.c ****     #endif /* (CapSense_ENABLE == CapSense_CSDV2) */
 897:Generated_Source\PSoC4/CapSense_SensingCSD_LL.c **** }
 898:Generated_Source\PSoC4/CapSense_SensingCSD_LL.c **** 
 899:Generated_Source\PSoC4/CapSense_SensingCSD_LL.c **** 
 900:Generated_Source\PSoC4/CapSense_SensingCSD_LL.c **** #if (CapSense_ENABLE == CapSense_CSDV2)
 901:Generated_Source\PSoC4/CapSense_SensingCSD_LL.c ****     /*******************************************************************************
 902:Generated_Source\PSoC4/CapSense_SensingCSD_LL.c ****     * Function Name: CapSense_SsCSDGetNumberOfConversions
 903:Generated_Source\PSoC4/CapSense_SensingCSD_LL.c ****     ****************************************************************************//**
 904:Generated_Source\PSoC4/CapSense_SensingCSD_LL.c ****     *
 905:Generated_Source\PSoC4/CapSense_SensingCSD_LL.c ****     * \brief
 906:Generated_Source\PSoC4/CapSense_SensingCSD_LL.c ****     *  This function gets Number of conversions.
 907:Generated_Source\PSoC4/CapSense_SensingCSD_LL.c ****     *
 908:Generated_Source\PSoC4/CapSense_SensingCSD_LL.c ****     * \details
 909:Generated_Source\PSoC4/CapSense_SensingCSD_LL.c ****     *  This function gets Number of conversions using foll.owing equation:
 910:Generated_Source\PSoC4/CapSense_SensingCSD_LL.c ****     *   conversionsNum = (2^resolution - 1) / snsClkDivider.
 911:Generated_Source\PSoC4/CapSense_SensingCSD_LL.c ****     *
 912:Generated_Source\PSoC4/CapSense_SensingCSD_LL.c ****     * \param
 913:Generated_Source\PSoC4/CapSense_SensingCSD_LL.c ****     *  snsClkDivider The divider value for the sense clock.
 914:Generated_Source\PSoC4/CapSense_SensingCSD_LL.c ****     *  resolution The widget resolution.
 915:Generated_Source\PSoC4/CapSense_SensingCSD_LL.c ****     *  snsClkSrc The current Sense Clock Source.
 916:Generated_Source\PSoC4/CapSense_SensingCSD_LL.c ****     *
 917:Generated_Source\PSoC4/CapSense_SensingCSD_LL.c ****     * \return Returns the Number of conversions.
 918:Generated_Source\PSoC4/CapSense_SensingCSD_LL.c ****     *
 919:Generated_Source\PSoC4/CapSense_SensingCSD_LL.c ****     *******************************************************************************/
 920:Generated_Source\PSoC4/CapSense_SensingCSD_LL.c ****     uint32 CapSense_SsCSDGetNumberOfConversions(uint32 snsClkDivider, uint32 resolution, uint32 sns
 921:Generated_Source\PSoC4/CapSense_SensingCSD_LL.c ****     {
 922:Generated_Source\PSoC4/CapSense_SensingCSD_LL.c ****         uint32 conversionsNum;
 923:Generated_Source\PSoC4/CapSense_SensingCSD_LL.c ****         #if ((CapSense_MOD_CSD_CLK_12MHZ < CYDEV_BCLK__HFCLK__HZ) && (CapSense_ENABLE != CapSense_C
 924:Generated_Source\PSoC4/CapSense_SensingCSD_LL.c ****             uint32 sampleClkFreqHz;
 925:Generated_Source\PSoC4/CapSense_SensingCSD_LL.c ****         #endif /* ((CapSense_MOD_CSD_CLK_12MHZ < CYDEV_BCLK__HFCLK__HZ) && (CapSense_ENABLE != CapS
ARM GAS  C:\Users\ADSTRU~1\AppData\Local\Temp\ccLLBSlA.s 			page 20


 926:Generated_Source\PSoC4/CapSense_SensingCSD_LL.c **** 
 927:Generated_Source\PSoC4/CapSense_SensingCSD_LL.c ****         /* Calculate scanning resolution value in register */
 928:Generated_Source\PSoC4/CapSense_SensingCSD_LL.c ****         conversionsNum = (uint32)(1uL << resolution);
 929:Generated_Source\PSoC4/CapSense_SensingCSD_LL.c **** 
 930:Generated_Source\PSoC4/CapSense_SensingCSD_LL.c ****         #if(CapSense_ENABLE != CapSense_CSDV2_REF9P6UA_EN)
 931:Generated_Source\PSoC4/CapSense_SensingCSD_LL.c ****             /* Apply correction to oveflow for 16 bit resolution */
 932:Generated_Source\PSoC4/CapSense_SensingCSD_LL.c ****             if (CapSense_RES16BIT == resolution)
 933:Generated_Source\PSoC4/CapSense_SensingCSD_LL.c ****             {
 934:Generated_Source\PSoC4/CapSense_SensingCSD_LL.c ****                 conversionsNum -= ((snsClkDivider + 1u) >> 1u);
 935:Generated_Source\PSoC4/CapSense_SensingCSD_LL.c **** 
 936:Generated_Source\PSoC4/CapSense_SensingCSD_LL.c ****                 #if (CapSense_MOD_CSD_CLK_12MHZ < CYDEV_BCLK__HFCLK__HZ)
 937:Generated_Source\PSoC4/CapSense_SensingCSD_LL.c ****                     sampleClkFreqHz = CYDEV_BCLK__HFCLK__HZ / (uint32)CapSense_dsRam.modCsdClk;
 938:Generated_Source\PSoC4/CapSense_SensingCSD_LL.c **** 
 939:Generated_Source\PSoC4/CapSense_SensingCSD_LL.c ****                     if (sampleClkFreqHz <= CapSense_MOD_CSD_CLK_12MHZ)
 940:Generated_Source\PSoC4/CapSense_SensingCSD_LL.c ****                     {
 941:Generated_Source\PSoC4/CapSense_SensingCSD_LL.c ****                         conversionsNum -= CapSense_CONFIG_FILTER_DELAY_2_CYCLES;
 942:Generated_Source\PSoC4/CapSense_SensingCSD_LL.c ****                     }
 943:Generated_Source\PSoC4/CapSense_SensingCSD_LL.c ****                     else if (sampleClkFreqHz <= CapSense_MOD_CSD_CLK_24MHZ)
 944:Generated_Source\PSoC4/CapSense_SensingCSD_LL.c ****                     {
 945:Generated_Source\PSoC4/CapSense_SensingCSD_LL.c ****                         conversionsNum -= CapSense_CONFIG_FILTER_DELAY_3_CYCLES;
 946:Generated_Source\PSoC4/CapSense_SensingCSD_LL.c ****                     }
 947:Generated_Source\PSoC4/CapSense_SensingCSD_LL.c ****                     else
 948:Generated_Source\PSoC4/CapSense_SensingCSD_LL.c ****                     {
 949:Generated_Source\PSoC4/CapSense_SensingCSD_LL.c ****                         conversionsNum -= CapSense_CONFIG_FILTER_DELAY_4_CYCLES;
 950:Generated_Source\PSoC4/CapSense_SensingCSD_LL.c ****                     }
 951:Generated_Source\PSoC4/CapSense_SensingCSD_LL.c ****                 #else
 952:Generated_Source\PSoC4/CapSense_SensingCSD_LL.c ****                     conversionsNum -= CapSense_CONFIG_FILTER_DELAY_2_CYCLES;
 953:Generated_Source\PSoC4/CapSense_SensingCSD_LL.c ****                 #endif /* (INSTANCE_NAME`_MOD_CSD_CLK_12MHZ < CYDEV_BCLK__HFCLK__HZ) */
 954:Generated_Source\PSoC4/CapSense_SensingCSD_LL.c ****             }
 955:Generated_Source\PSoC4/CapSense_SensingCSD_LL.c ****         #else
 956:Generated_Source\PSoC4/CapSense_SensingCSD_LL.c ****             /* CY_ID285392: Apply correction to oveflow for 16 bit resolution */
 957:Generated_Source\PSoC4/CapSense_SensingCSD_LL.c ****             if (CapSense_RES16BIT == resolution)
 958:Generated_Source\PSoC4/CapSense_SensingCSD_LL.c ****             {
 959:Generated_Source\PSoC4/CapSense_SensingCSD_LL.c ****                 conversionsNum -= CapSense_EXTRA_COUNTS_MAX;
 960:Generated_Source\PSoC4/CapSense_SensingCSD_LL.c ****             }
 961:Generated_Source\PSoC4/CapSense_SensingCSD_LL.c ****         #endif
 962:Generated_Source\PSoC4/CapSense_SensingCSD_LL.c **** 
 963:Generated_Source\PSoC4/CapSense_SensingCSD_LL.c ****         if (0u < snsClkDivider)
 964:Generated_Source\PSoC4/CapSense_SensingCSD_LL.c ****         {
 965:Generated_Source\PSoC4/CapSense_SensingCSD_LL.c ****             conversionsNum /= snsClkDivider;
 966:Generated_Source\PSoC4/CapSense_SensingCSD_LL.c ****         }
 967:Generated_Source\PSoC4/CapSense_SensingCSD_LL.c **** 
 968:Generated_Source\PSoC4/CapSense_SensingCSD_LL.c ****     #if((CapSense_CLK_SOURCE_PRS8  == CapSense_CSD_SNS_CLK_SOURCE) ||\
 969:Generated_Source\PSoC4/CapSense_SensingCSD_LL.c ****         (CapSense_CLK_SOURCE_PRS12 == CapSense_CSD_SNS_CLK_SOURCE) ||\
 970:Generated_Source\PSoC4/CapSense_SensingCSD_LL.c ****         (CapSense_CLK_SOURCE_PRSAUTO == CapSense_CSD_SNS_CLK_SOURCE))
 971:Generated_Source\PSoC4/CapSense_SensingCSD_LL.c ****         switch (snsClkSrc)
 972:Generated_Source\PSoC4/CapSense_SensingCSD_LL.c ****         {
 973:Generated_Source\PSoC4/CapSense_SensingCSD_LL.c ****             case CapSense_CLK_SOURCE_PRS8:
 974:Generated_Source\PSoC4/CapSense_SensingCSD_LL.c ****             case CapSense_CLK_SOURCE_PRS12:
 975:Generated_Source\PSoC4/CapSense_SensingCSD_LL.c ****                 /* Divide by 2 for PRS8/PRS12 mode */
 976:Generated_Source\PSoC4/CapSense_SensingCSD_LL.c ****                 conversionsNum >>= 1u;
 977:Generated_Source\PSoC4/CapSense_SensingCSD_LL.c ****                 break;
 978:Generated_Source\PSoC4/CapSense_SensingCSD_LL.c **** 
 979:Generated_Source\PSoC4/CapSense_SensingCSD_LL.c ****             default:
 980:Generated_Source\PSoC4/CapSense_SensingCSD_LL.c ****                 break;
 981:Generated_Source\PSoC4/CapSense_SensingCSD_LL.c ****         }
 982:Generated_Source\PSoC4/CapSense_SensingCSD_LL.c ****     #else
ARM GAS  C:\Users\ADSTRU~1\AppData\Local\Temp\ccLLBSlA.s 			page 21


 983:Generated_Source\PSoC4/CapSense_SensingCSD_LL.c ****         (void)snsClkSrc;
 984:Generated_Source\PSoC4/CapSense_SensingCSD_LL.c ****     #endif
 985:Generated_Source\PSoC4/CapSense_SensingCSD_LL.c **** 
 986:Generated_Source\PSoC4/CapSense_SensingCSD_LL.c ****     return((conversionsNum > 0uL) ? (conversionsNum) : 1uL);
 987:Generated_Source\PSoC4/CapSense_SensingCSD_LL.c ****     }
 988:Generated_Source\PSoC4/CapSense_SensingCSD_LL.c **** #endif /* (CapSense_ENABLE == CapSense_CSDV2) */
 989:Generated_Source\PSoC4/CapSense_SensingCSD_LL.c **** 
 990:Generated_Source\PSoC4/CapSense_SensingCSD_LL.c **** 
 991:Generated_Source\PSoC4/CapSense_SensingCSD_LL.c **** /*******************************************************************************
 992:Generated_Source\PSoC4/CapSense_SensingCSD_LL.c **** * Function Name: CapSense_SsCSDConfigClock
 993:Generated_Source\PSoC4/CapSense_SensingCSD_LL.c **** ****************************************************************************//**
 994:Generated_Source\PSoC4/CapSense_SensingCSD_LL.c **** *
 995:Generated_Source\PSoC4/CapSense_SensingCSD_LL.c **** * \brief
 996:Generated_Source\PSoC4/CapSense_SensingCSD_LL.c **** *  This function configure sense clock for different modes.
 997:Generated_Source\PSoC4/CapSense_SensingCSD_LL.c **** *
 998:Generated_Source\PSoC4/CapSense_SensingCSD_LL.c **** * \details
 999:Generated_Source\PSoC4/CapSense_SensingCSD_LL.c **** *  Function sets the clock divider and configures the mode based on configuration.
1000:Generated_Source\PSoC4/CapSense_SensingCSD_LL.c **** *
1001:Generated_Source\PSoC4/CapSense_SensingCSD_LL.c **** *******************************************************************************/
1002:Generated_Source\PSoC4/CapSense_SensingCSD_LL.c **** void CapSense_SsCSDConfigClock(void)
1003:Generated_Source\PSoC4/CapSense_SensingCSD_LL.c **** {
1004:Generated_Source\PSoC4/CapSense_SensingCSD_LL.c ****     uint32 snsClkDivider;
1005:Generated_Source\PSoC4/CapSense_SensingCSD_LL.c ****     uint32 snsClkSrc;
1006:Generated_Source\PSoC4/CapSense_SensingCSD_LL.c ****     uint32 newRegValue;
1007:Generated_Source\PSoC4/CapSense_SensingCSD_LL.c **** 
1008:Generated_Source\PSoC4/CapSense_SensingCSD_LL.c ****     CapSense_RAM_WD_BASE_STRUCT const *ptrWdgt = (CapSense_RAM_WD_BASE_STRUCT *)
1009:Generated_Source\PSoC4/CapSense_SensingCSD_LL.c ****              CapSense_dsFlash.wdgtArray[CapSense_widgetIndex].ptr2WdgtRam;
1010:Generated_Source\PSoC4/CapSense_SensingCSD_LL.c **** 
1011:Generated_Source\PSoC4/CapSense_SensingCSD_LL.c ****     /* Get sense divider based on configuration */
1012:Generated_Source\PSoC4/CapSense_SensingCSD_LL.c ****     #if (CapSense_ENABLE == CapSense_CSD_COMMON_SNS_CLK_EN)
1013:Generated_Source\PSoC4/CapSense_SensingCSD_LL.c ****         snsClkDivider = (uint32)CapSense_dsRam.snsCsdClk;
1014:Generated_Source\PSoC4/CapSense_SensingCSD_LL.c ****     #else
1015:Generated_Source\PSoC4/CapSense_SensingCSD_LL.c ****         #if (CapSense_CSD_MATRIX_WIDGET_EN || CapSense_CSD_TOUCHPAD_WIDGET_EN)
1016:Generated_Source\PSoC4/CapSense_SensingCSD_LL.c ****             /* Get SnsClck divider for rows or columns */
1017:Generated_Source\PSoC4/CapSense_SensingCSD_LL.c ****             if (CapSense_dsFlash.wdgtArray[CapSense_widgetIndex].numCols <= CapSense_sensorIndex)
1018:Generated_Source\PSoC4/CapSense_SensingCSD_LL.c ****             {
1019:Generated_Source\PSoC4/CapSense_SensingCSD_LL.c ****                 snsClkDivider = (uint32)(ptrWdgt->rowSnsClk);
1020:Generated_Source\PSoC4/CapSense_SensingCSD_LL.c ****             }
1021:Generated_Source\PSoC4/CapSense_SensingCSD_LL.c ****             else
1022:Generated_Source\PSoC4/CapSense_SensingCSD_LL.c ****             {
1023:Generated_Source\PSoC4/CapSense_SensingCSD_LL.c ****                 snsClkDivider = (uint32)(ptrWdgt->snsClk);
1024:Generated_Source\PSoC4/CapSense_SensingCSD_LL.c ****             }
1025:Generated_Source\PSoC4/CapSense_SensingCSD_LL.c ****         #else
1026:Generated_Source\PSoC4/CapSense_SensingCSD_LL.c ****             snsClkDivider = (uint32)(ptrWdgt->snsClk);
1027:Generated_Source\PSoC4/CapSense_SensingCSD_LL.c ****         #endif /* (CapSense_CSD_MATRIX_WIDGET_EN || CapSense_CSD_TOUCHPAD_WIDGET_EN) */
1028:Generated_Source\PSoC4/CapSense_SensingCSD_LL.c ****     #endif /* (CapSense_ENABLE == CapSense_CSD_COMMON_SNS_CLK_EN) */
1029:Generated_Source\PSoC4/CapSense_SensingCSD_LL.c **** 
1030:Generated_Source\PSoC4/CapSense_SensingCSD_LL.c ****     /* Get sense clk source calculated in CapSense_SsCSDInitialize() before */
1031:Generated_Source\PSoC4/CapSense_SensingCSD_LL.c ****     #if (CapSense_CSD_MATRIX_WIDGET_EN || CapSense_CSD_TOUCHPAD_WIDGET_EN)
1032:Generated_Source\PSoC4/CapSense_SensingCSD_LL.c ****         /* Get SnsClc Source for rows or columns */
1033:Generated_Source\PSoC4/CapSense_SensingCSD_LL.c ****         if (CapSense_dsFlash.wdgtArray[CapSense_widgetIndex].numCols <= CapSense_sensorIndex)
1034:Generated_Source\PSoC4/CapSense_SensingCSD_LL.c ****         {
1035:Generated_Source\PSoC4/CapSense_SensingCSD_LL.c ****             snsClkSrc = (uint32)ptrWdgt->rowSnsClkSource;
1036:Generated_Source\PSoC4/CapSense_SensingCSD_LL.c ****         }
1037:Generated_Source\PSoC4/CapSense_SensingCSD_LL.c ****         else
1038:Generated_Source\PSoC4/CapSense_SensingCSD_LL.c ****         {
1039:Generated_Source\PSoC4/CapSense_SensingCSD_LL.c ****             snsClkSrc = (uint32)ptrWdgt->snsClkSource;
ARM GAS  C:\Users\ADSTRU~1\AppData\Local\Temp\ccLLBSlA.s 			page 22


1040:Generated_Source\PSoC4/CapSense_SensingCSD_LL.c ****         }
1041:Generated_Source\PSoC4/CapSense_SensingCSD_LL.c ****     #else
1042:Generated_Source\PSoC4/CapSense_SensingCSD_LL.c ****         snsClkSrc = (uint32)ptrWdgt->snsClkSource;
1043:Generated_Source\PSoC4/CapSense_SensingCSD_LL.c ****     #endif /* (CapSense_CSD_MATRIX_WIDGET_EN || CapSense_CSD_TOUCHPAD_WIDGET_EN) */
1044:Generated_Source\PSoC4/CapSense_SensingCSD_LL.c **** 
1045:Generated_Source\PSoC4/CapSense_SensingCSD_LL.c ****     #if (CapSense_ENABLE == CapSense_CSDV2)
1046:Generated_Source\PSoC4/CapSense_SensingCSD_LL.c ****         newRegValue = (snsClkSrc << CYFLD_CSD_LFSR_SIZE__OFFSET);
1047:Generated_Source\PSoC4/CapSense_SensingCSD_LL.c **** 
1048:Generated_Source\PSoC4/CapSense_SensingCSD_LL.c ****         /* Configuring PRS SEL_BIT */
1049:Generated_Source\PSoC4/CapSense_SensingCSD_LL.c ****         if ((CapSense_CLK_SOURCE_PRS8 == snsClkSrc) ||
1050:Generated_Source\PSoC4/CapSense_SensingCSD_LL.c ****             (CapSense_CLK_SOURCE_PRS12 == snsClkSrc))
1051:Generated_Source\PSoC4/CapSense_SensingCSD_LL.c ****         {
1052:Generated_Source\PSoC4/CapSense_SensingCSD_LL.c ****             newRegValue |= CapSense_SENSE_PERIOD_SEL_LFSR_MSB_MASK;
1053:Generated_Source\PSoC4/CapSense_SensingCSD_LL.c ****         }
1054:Generated_Source\PSoC4/CapSense_SensingCSD_LL.c ****     #else
1055:Generated_Source\PSoC4/CapSense_SensingCSD_LL.c ****         newRegValue = snsClkSrc;
1056:Generated_Source\PSoC4/CapSense_SensingCSD_LL.c ****     #endif /* (CapSense_ENABLE == CapSense_CSDV2) */
1057:Generated_Source\PSoC4/CapSense_SensingCSD_LL.c **** 
1058:Generated_Source\PSoC4/CapSense_SensingCSD_LL.c ****     #if (CapSense_ENABLE == CapSense_CSDV2)
1059:Generated_Source\PSoC4/CapSense_SensingCSD_LL.c ****         #if((CapSense_CLK_SOURCE_PRS8  == CapSense_CSD_SNS_CLK_SOURCE) ||\
1060:Generated_Source\PSoC4/CapSense_SensingCSD_LL.c ****             (CapSense_CLK_SOURCE_PRS12 == CapSense_CSD_SNS_CLK_SOURCE) ||\
1061:Generated_Source\PSoC4/CapSense_SensingCSD_LL.c ****             (CapSense_CLK_SOURCE_PRSAUTO == CapSense_CSD_SNS_CLK_SOURCE))
1062:Generated_Source\PSoC4/CapSense_SensingCSD_LL.c ****             switch (snsClkSrc)
1063:Generated_Source\PSoC4/CapSense_SensingCSD_LL.c ****             {
1064:Generated_Source\PSoC4/CapSense_SensingCSD_LL.c ****             case CapSense_CLK_SOURCE_PRS8:
1065:Generated_Source\PSoC4/CapSense_SensingCSD_LL.c ****             case CapSense_CLK_SOURCE_PRS12:
1066:Generated_Source\PSoC4/CapSense_SensingCSD_LL.c ****                 /* Divide by 2 for PRS8/PRS12 mode */
1067:Generated_Source\PSoC4/CapSense_SensingCSD_LL.c ****                 snsClkDivider >>= 1;
1068:Generated_Source\PSoC4/CapSense_SensingCSD_LL.c ****                 if (snsClkDivider == 0u)
1069:Generated_Source\PSoC4/CapSense_SensingCSD_LL.c ****                 {
1070:Generated_Source\PSoC4/CapSense_SensingCSD_LL.c ****                     snsClkDivider = 1u;
1071:Generated_Source\PSoC4/CapSense_SensingCSD_LL.c ****                 }
1072:Generated_Source\PSoC4/CapSense_SensingCSD_LL.c ****                 break;
1073:Generated_Source\PSoC4/CapSense_SensingCSD_LL.c **** 
1074:Generated_Source\PSoC4/CapSense_SensingCSD_LL.c ****             default:
1075:Generated_Source\PSoC4/CapSense_SensingCSD_LL.c ****                 break;
1076:Generated_Source\PSoC4/CapSense_SensingCSD_LL.c ****             }
1077:Generated_Source\PSoC4/CapSense_SensingCSD_LL.c ****         #endif /* ((CapSense_CLK_SOURCE_PRS8  == CapSense_CSD_SNS_CLK_SOURCE) ||\
1078:Generated_Source\PSoC4/CapSense_SensingCSD_LL.c ****                    (CapSense_CLK_SOURCE_PRS12 == CapSense_CSD_SNS_CLK_SOURCE) ||\
1079:Generated_Source\PSoC4/CapSense_SensingCSD_LL.c ****                    (CapSense_CLK_SOURCE_PRSAUTO == CapSense_CSD_SNS_CLK_SOURCE)) */
1080:Generated_Source\PSoC4/CapSense_SensingCSD_LL.c ****     #endif
1081:Generated_Source\PSoC4/CapSense_SensingCSD_LL.c ****     CapSense_SsCSDSetModeSnsClockDivider(newRegValue, snsClkDivider);
1082:Generated_Source\PSoC4/CapSense_SensingCSD_LL.c **** }
1083:Generated_Source\PSoC4/CapSense_SensingCSD_LL.c **** 
1084:Generated_Source\PSoC4/CapSense_SensingCSD_LL.c **** 
1085:Generated_Source\PSoC4/CapSense_SensingCSD_LL.c **** /*******************************************************************************
1086:Generated_Source\PSoC4/CapSense_SensingCSD_LL.c **** * Function Name: CapSense_SsCSDCalculateScanDuration
1087:Generated_Source\PSoC4/CapSense_SensingCSD_LL.c **** ****************************************************************************//**
1088:Generated_Source\PSoC4/CapSense_SensingCSD_LL.c **** *
1089:Generated_Source\PSoC4/CapSense_SensingCSD_LL.c **** * \brief
1090:Generated_Source\PSoC4/CapSense_SensingCSD_LL.c **** *   Calculates Scan Duration which is defined by scan resolution
1091:Generated_Source\PSoC4/CapSense_SensingCSD_LL.c **** *
1092:Generated_Source\PSoC4/CapSense_SensingCSD_LL.c **** * \details
1093:Generated_Source\PSoC4/CapSense_SensingCSD_LL.c **** *   For Fourth-generation HW block: The function calculates the number of conversions and updates
1094:Generated_Source\PSoC4/CapSense_SensingCSD_LL.c **** *   SEQ_NORM_CNT register. The number of conversions depends on resolution and
1095:Generated_Source\PSoC4/CapSense_SensingCSD_LL.c **** *   snsClk divider.
1096:Generated_Source\PSoC4/CapSense_SensingCSD_LL.c **** *   For Third-generation HW block: The function recalculate the resolution using following equation
ARM GAS  C:\Users\ADSTRU~1\AppData\Local\Temp\ccLLBSlA.s 			page 23


1097:Generated_Source\PSoC4/CapSense_SensingCSD_LL.c **** *   2^resolution - 1. The calculated value is contained in
1098:Generated_Source\PSoC4/CapSense_SensingCSD_LL.c **** *   CapSense_counterResolution global variable and used in
1099:Generated_Source\PSoC4/CapSense_SensingCSD_LL.c **** *   CapSense_SsCSDStartSample() function to trigger the scan process.
1100:Generated_Source\PSoC4/CapSense_SensingCSD_LL.c **** *
1101:Generated_Source\PSoC4/CapSense_SensingCSD_LL.c **** * \param wdgtIndex
1102:Generated_Source\PSoC4/CapSense_SensingCSD_LL.c **** *  ptrWdgt The pointer to the RAM_WD_BASE_STRUCT structure.
1103:Generated_Source\PSoC4/CapSense_SensingCSD_LL.c **** *
1104:Generated_Source\PSoC4/CapSense_SensingCSD_LL.c **** *******************************************************************************/
1105:Generated_Source\PSoC4/CapSense_SensingCSD_LL.c **** void CapSense_SsCSDCalculateScanDuration(CapSense_RAM_WD_BASE_STRUCT const *ptrWdgt)
1106:Generated_Source\PSoC4/CapSense_SensingCSD_LL.c **** {
1107:Generated_Source\PSoC4/CapSense_SensingCSD_LL.c ****     #if (CapSense_ENABLE == CapSense_CSDV2)
1108:Generated_Source\PSoC4/CapSense_SensingCSD_LL.c ****         uint32 conversionsNum;
1109:Generated_Source\PSoC4/CapSense_SensingCSD_LL.c ****         uint32 snsClkDivider;
1110:Generated_Source\PSoC4/CapSense_SensingCSD_LL.c **** 
1111:Generated_Source\PSoC4/CapSense_SensingCSD_LL.c ****         /* Get Number Of Conversions */
1112:Generated_Source\PSoC4/CapSense_SensingCSD_LL.c ****         #if (CapSense_ENABLE == CapSense_CSD_COMMON_SNS_CLK_EN)
1113:Generated_Source\PSoC4/CapSense_SensingCSD_LL.c ****             snsClkDivider = CapSense_dsRam.snsCsdClk;
1114:Generated_Source\PSoC4/CapSense_SensingCSD_LL.c ****         #else
1115:Generated_Source\PSoC4/CapSense_SensingCSD_LL.c ****             #if (CapSense_CSD_MATRIX_WIDGET_EN || CapSense_CSD_TOUCHPAD_WIDGET_EN)
1116:Generated_Source\PSoC4/CapSense_SensingCSD_LL.c ****                 /* Get SnsClck divider for rows or columns */
1117:Generated_Source\PSoC4/CapSense_SensingCSD_LL.c ****                 if (CapSense_dsFlash.wdgtArray[CapSense_widgetIndex].numCols <= CapSense_sensorInde
1118:Generated_Source\PSoC4/CapSense_SensingCSD_LL.c ****                 {
1119:Generated_Source\PSoC4/CapSense_SensingCSD_LL.c ****                     snsClkDivider = (uint32)(ptrWdgt->rowSnsClk);
1120:Generated_Source\PSoC4/CapSense_SensingCSD_LL.c ****                 }
1121:Generated_Source\PSoC4/CapSense_SensingCSD_LL.c ****                 else
1122:Generated_Source\PSoC4/CapSense_SensingCSD_LL.c ****                 {
1123:Generated_Source\PSoC4/CapSense_SensingCSD_LL.c ****                     snsClkDivider = (uint32)(ptrWdgt->snsClk);
1124:Generated_Source\PSoC4/CapSense_SensingCSD_LL.c ****                 }
1125:Generated_Source\PSoC4/CapSense_SensingCSD_LL.c ****             #else
1126:Generated_Source\PSoC4/CapSense_SensingCSD_LL.c ****                 snsClkDivider = (uint32)(ptrWdgt->snsClk);
1127:Generated_Source\PSoC4/CapSense_SensingCSD_LL.c ****             #endif /* (CapSense_CSD_MATRIX_WIDGET_EN || CapSense_CSD_TOUCHPAD_WIDGET_EN) */
1128:Generated_Source\PSoC4/CapSense_SensingCSD_LL.c ****         #endif /* (CapSense_ENABLE == CapSense_CSD_COMMON_SNS_CLK_EN) */
1129:Generated_Source\PSoC4/CapSense_SensingCSD_LL.c **** 
1130:Generated_Source\PSoC4/CapSense_SensingCSD_LL.c ****         conversionsNum = CapSense_SsCSDGetNumberOfConversions(snsClkDivider, (uint32)ptrWdgt->resol
1131:Generated_Source\PSoC4/CapSense_SensingCSD_LL.c **** 
1132:Generated_Source\PSoC4/CapSense_SensingCSD_LL.c ****         /* Set Number Of Conversions based on scanning resolution */
1133:Generated_Source\PSoC4/CapSense_SensingCSD_LL.c ****         CY_SET_REG32(CapSense_SEQ_NORM_CNT_PTR, (conversionsNum & CapSense_SEQ_NORM_CNT_CONV_CNT_MA
1134:Generated_Source\PSoC4/CapSense_SensingCSD_LL.c ****     #else
1135:Generated_Source\PSoC4/CapSense_SensingCSD_LL.c ****         /* Set up scanning resolution  */
1136:Generated_Source\PSoC4/CapSense_SensingCSD_LL.c ****         CapSense_counterResolution = (uint32)((0x00000001Lu << ptrWdgt->resolution) - 1u) << CapSen
1137:Generated_Source\PSoC4/CapSense_SensingCSD_LL.c ****     #endif /* (CapSense_ENABLE == CapSense_CSDV2) */
1138:Generated_Source\PSoC4/CapSense_SensingCSD_LL.c **** }
1139:Generated_Source\PSoC4/CapSense_SensingCSD_LL.c **** 
1140:Generated_Source\PSoC4/CapSense_SensingCSD_LL.c **** 
1141:Generated_Source\PSoC4/CapSense_SensingCSD_LL.c **** /*******************************************************************************
1142:Generated_Source\PSoC4/CapSense_SensingCSD_LL.c **** * Function Name: CapSense_CSDSetupWidget
1143:Generated_Source\PSoC4/CapSense_SensingCSD_LL.c **** ****************************************************************************//**
1144:Generated_Source\PSoC4/CapSense_SensingCSD_LL.c **** *
1145:Generated_Source\PSoC4/CapSense_SensingCSD_LL.c **** * \brief
1146:Generated_Source\PSoC4/CapSense_SensingCSD_LL.c **** *  Performs hardware and firmware initialization required for scanning sensors
1147:Generated_Source\PSoC4/CapSense_SensingCSD_LL.c **** *  in a specific widget using the CSD sensing method. This function requires using
1148:Generated_Source\PSoC4/CapSense_SensingCSD_LL.c **** *  the CapSense_CSDScan() function to start scanning.
1149:Generated_Source\PSoC4/CapSense_SensingCSD_LL.c **** *
1150:Generated_Source\PSoC4/CapSense_SensingCSD_LL.c **** * \details
1151:Generated_Source\PSoC4/CapSense_SensingCSD_LL.c **** *  \note This function is obsolete and kept for backward compatibility only.
1152:Generated_Source\PSoC4/CapSense_SensingCSD_LL.c **** *  The CapSense_SetupWidget() function should be used instead.
1153:Generated_Source\PSoC4/CapSense_SensingCSD_LL.c **** *
ARM GAS  C:\Users\ADSTRU~1\AppData\Local\Temp\ccLLBSlA.s 			page 24


1154:Generated_Source\PSoC4/CapSense_SensingCSD_LL.c **** *  This function initializes the specific widget common parameters to perform
1155:Generated_Source\PSoC4/CapSense_SensingCSD_LL.c **** *  the CSD scanning. The initialization includes setting up a Modulator and
1156:Generated_Source\PSoC4/CapSense_SensingCSD_LL.c **** *  Sense clock frequency and scanning resolution.
1157:Generated_Source\PSoC4/CapSense_SensingCSD_LL.c **** *
1158:Generated_Source\PSoC4/CapSense_SensingCSD_LL.c **** *  This function does not connect any specific sensors to the scanning hardware,
1159:Generated_Source\PSoC4/CapSense_SensingCSD_LL.c **** *  neither does it start a scanning process. The CapSense_CSDScan()
1160:Generated_Source\PSoC4/CapSense_SensingCSD_LL.c **** *  API must be called after initializing the widget to start scanning.
1161:Generated_Source\PSoC4/CapSense_SensingCSD_LL.c **** *
1162:Generated_Source\PSoC4/CapSense_SensingCSD_LL.c **** *  This function is called when no scanning is in progress. I.e.
1163:Generated_Source\PSoC4/CapSense_SensingCSD_LL.c **** *  CapSense_IsBusy() returns a non-busy status.
1164:Generated_Source\PSoC4/CapSense_SensingCSD_LL.c **** *
1165:Generated_Source\PSoC4/CapSense_SensingCSD_LL.c **** *  This function is called by the CapSense_SetupWidget() API if the
1166:Generated_Source\PSoC4/CapSense_SensingCSD_LL.c **** *  given widget uses the CSD sensing method.
1167:Generated_Source\PSoC4/CapSense_SensingCSD_LL.c **** *
1168:Generated_Source\PSoC4/CapSense_SensingCSD_LL.c **** *  Calling this function directly from the application layer is not
1169:Generated_Source\PSoC4/CapSense_SensingCSD_LL.c **** *  recommended. This function is used to implement only the user's specific
1170:Generated_Source\PSoC4/CapSense_SensingCSD_LL.c **** *  use cases (for faster execution time or pipeline scanning for example).
1171:Generated_Source\PSoC4/CapSense_SensingCSD_LL.c **** *
1172:Generated_Source\PSoC4/CapSense_SensingCSD_LL.c **** * \param  widgetId
1173:Generated_Source\PSoC4/CapSense_SensingCSD_LL.c **** *  Specifies the ID number of the widget to perform hardware and firmware
1174:Generated_Source\PSoC4/CapSense_SensingCSD_LL.c **** *  initialization required for scanning sensors in the specific widget.
1175:Generated_Source\PSoC4/CapSense_SensingCSD_LL.c **** *  A macro for the widget ID can be found in the CapSense Configuration header
1176:Generated_Source\PSoC4/CapSense_SensingCSD_LL.c **** *  file defined as CapSense_<WidgetName>_WDGT_ID.
1177:Generated_Source\PSoC4/CapSense_SensingCSD_LL.c **** *
1178:Generated_Source\PSoC4/CapSense_SensingCSD_LL.c **** *******************************************************************************/
1179:Generated_Source\PSoC4/CapSense_SensingCSD_LL.c **** void CapSense_CSDSetupWidget(uint32 widgetId)
1180:Generated_Source\PSoC4/CapSense_SensingCSD_LL.c **** {
1181:Generated_Source\PSoC4/CapSense_SensingCSD_LL.c ****     CapSense_RAM_WD_BASE_STRUCT const *ptrWdgt = (CapSense_RAM_WD_BASE_STRUCT *)
1182:Generated_Source\PSoC4/CapSense_SensingCSD_LL.c ****                                                 CapSense_dsFlash.wdgtArray[widgetId].ptr2WdgtRam;
1183:Generated_Source\PSoC4/CapSense_SensingCSD_LL.c **** 
1184:Generated_Source\PSoC4/CapSense_SensingCSD_LL.c ****     /* Save widget Id to have assess to it after scanning  */
1185:Generated_Source\PSoC4/CapSense_SensingCSD_LL.c ****     CapSense_widgetIndex = (uint8)widgetId;
1186:Generated_Source\PSoC4/CapSense_SensingCSD_LL.c **** 
1187:Generated_Source\PSoC4/CapSense_SensingCSD_LL.c ****     CapSense_SsSwitchSensingMode(CapSense_SENSE_METHOD_CSD_E);
1188:Generated_Source\PSoC4/CapSense_SensingCSD_LL.c **** 
1189:Generated_Source\PSoC4/CapSense_SensingCSD_LL.c ****     #if (CapSense_ENABLE == CapSense_MULTI_FREQ_SCAN_EN)
1190:Generated_Source\PSoC4/CapSense_SensingCSD_LL.c ****         /* Reset the frequency scan channel if enabled */
1191:Generated_Source\PSoC4/CapSense_SensingCSD_LL.c ****         CapSense_scanFreqIndex = CapSense_FREQ_CHANNEL_0;
1192:Generated_Source\PSoC4/CapSense_SensingCSD_LL.c ****     #endif /* (CapSense_ENABLE == CapSense_MULTI_FREQ_SCAN_EN) */
1193:Generated_Source\PSoC4/CapSense_SensingCSD_LL.c **** 
1194:Generated_Source\PSoC4/CapSense_SensingCSD_LL.c ****     /* Disconnect previous electrode if it has been connected */
1195:Generated_Source\PSoC4/CapSense_SensingCSD_LL.c ****     CapSense_SsCSDElectrodeCheck();
1196:Generated_Source\PSoC4/CapSense_SensingCSD_LL.c **** 
1197:Generated_Source\PSoC4/CapSense_SensingCSD_LL.c ****     /* Initialize IO Sns electrode structure pointer to current widget */
1198:Generated_Source\PSoC4/CapSense_SensingCSD_LL.c ****     CapSense_curSnsIOPtr = (CapSense_FLASH_IO_STRUCT const *)
1199:Generated_Source\PSoC4/CapSense_SensingCSD_LL.c ****                                     CapSense_dsFlash.wdgtArray[CapSense_widgetIndex].ptr2SnsFlash;
1200:Generated_Source\PSoC4/CapSense_SensingCSD_LL.c **** 
1201:Generated_Source\PSoC4/CapSense_SensingCSD_LL.c ****     /* Update status register in Data structure */
1202:Generated_Source\PSoC4/CapSense_SensingCSD_LL.c ****     CapSense_dsRam.status &= ~CapSense_STATUS_WDGT0_MASK;
1203:Generated_Source\PSoC4/CapSense_SensingCSD_LL.c ****     CapSense_dsRam.status |= CapSense_widgetIndex;
1204:Generated_Source\PSoC4/CapSense_SensingCSD_LL.c **** 
1205:Generated_Source\PSoC4/CapSense_SensingCSD_LL.c ****     CapSense_SsCSDCalculateScanDuration(ptrWdgt);
1206:Generated_Source\PSoC4/CapSense_SensingCSD_LL.c ****     #if (((CapSense_DISABLE == CapSense_CSD_COMMON_SNS_CLK_EN) || \
1207:Generated_Source\PSoC4/CapSense_SensingCSD_LL.c ****           (CapSense_CLK_SOURCE_DIRECT != CapSense_CSD_SNS_CLK_SOURCE)) && \
1208:Generated_Source\PSoC4/CapSense_SensingCSD_LL.c ****          ((!(CapSense_CSD_MATRIX_WIDGET_EN || CapSense_CSD_TOUCHPAD_WIDGET_EN)) || \
1209:Generated_Source\PSoC4/CapSense_SensingCSD_LL.c ****           (CapSense_ENABLE == CapSense_CSD_COMMON_SNS_CLK_EN)))
1210:Generated_Source\PSoC4/CapSense_SensingCSD_LL.c ****         CapSense_SsCSDConfigClock();
ARM GAS  C:\Users\ADSTRU~1\AppData\Local\Temp\ccLLBSlA.s 			page 25


1211:Generated_Source\PSoC4/CapSense_SensingCSD_LL.c ****     #endif
1212:Generated_Source\PSoC4/CapSense_SensingCSD_LL.c **** }
1213:Generated_Source\PSoC4/CapSense_SensingCSD_LL.c **** 
1214:Generated_Source\PSoC4/CapSense_SensingCSD_LL.c **** 
1215:Generated_Source\PSoC4/CapSense_SensingCSD_LL.c **** /*******************************************************************************
1216:Generated_Source\PSoC4/CapSense_SensingCSD_LL.c **** * Function Name: CapSense_CSDSetupWidgetExt
1217:Generated_Source\PSoC4/CapSense_SensingCSD_LL.c **** ****************************************************************************//**
1218:Generated_Source\PSoC4/CapSense_SensingCSD_LL.c **** *
1219:Generated_Source\PSoC4/CapSense_SensingCSD_LL.c **** * \brief
1220:Generated_Source\PSoC4/CapSense_SensingCSD_LL.c **** *  Performs extended initialization for the CSD widget and also performs
1221:Generated_Source\PSoC4/CapSense_SensingCSD_LL.c **** *  initialization required for a specific sensor in the widget. This function
1222:Generated_Source\PSoC4/CapSense_SensingCSD_LL.c **** *  requires using the CapSense_CSDScanExt() function to initiate a scan.
1223:Generated_Source\PSoC4/CapSense_SensingCSD_LL.c **** *
1224:Generated_Source\PSoC4/CapSense_SensingCSD_LL.c **** * \details
1225:Generated_Source\PSoC4/CapSense_SensingCSD_LL.c **** *  Performs extended initialization for the CSD widget and also performs
1226:Generated_Source\PSoC4/CapSense_SensingCSD_LL.c **** *  initialization required for a specific sensor in the widget. This function
1227:Generated_Source\PSoC4/CapSense_SensingCSD_LL.c **** *  requires using the CapSense_CSDScanExt() function to initiate a scan.
1228:Generated_Source\PSoC4/CapSense_SensingCSD_LL.c **** *
1229:Generated_Source\PSoC4/CapSense_SensingCSD_LL.c **** *  \note This function is obsolete and kept for backward compatibility only.
1230:Generated_Source\PSoC4/CapSense_SensingCSD_LL.c **** *  The CapSense_SetupWidgetExt() function should be used instead.
1231:Generated_Source\PSoC4/CapSense_SensingCSD_LL.c **** *
1232:Generated_Source\PSoC4/CapSense_SensingCSD_LL.c **** *  This function does the same as CapSense_CSDSetupWidget() and also
1233:Generated_Source\PSoC4/CapSense_SensingCSD_LL.c **** *  does the following tasks:
1234:Generated_Source\PSoC4/CapSense_SensingCSD_LL.c **** *    1. Connects the first sensor of the widget.
1235:Generated_Source\PSoC4/CapSense_SensingCSD_LL.c **** *    2. Configures the IDAC value.
1236:Generated_Source\PSoC4/CapSense_SensingCSD_LL.c **** *    3. Initializes an interrupt callback function to initialize a scan of the
1237:Generated_Source\PSoC4/CapSense_SensingCSD_LL.c **** *  next sensors in a widget.
1238:Generated_Source\PSoC4/CapSense_SensingCSD_LL.c **** *
1239:Generated_Source\PSoC4/CapSense_SensingCSD_LL.c **** *  Once this function is called to initialize a widget and a sensor, the
1240:Generated_Source\PSoC4/CapSense_SensingCSD_LL.c **** *  CapSense_CSDScanExt() function is called to scan the sensor.
1241:Generated_Source\PSoC4/CapSense_SensingCSD_LL.c **** *
1242:Generated_Source\PSoC4/CapSense_SensingCSD_LL.c **** *  This function is called when no scanning is in progress. I.e.
1243:Generated_Source\PSoC4/CapSense_SensingCSD_LL.c **** *  CapSense_IsBusy() returns a non-busy status.
1244:Generated_Source\PSoC4/CapSense_SensingCSD_LL.c **** *
1245:Generated_Source\PSoC4/CapSense_SensingCSD_LL.c **** *  Calling this function directly from the application layer is not
1246:Generated_Source\PSoC4/CapSense_SensingCSD_LL.c **** *  recommended. This function is used to implement only the user's specific
1247:Generated_Source\PSoC4/CapSense_SensingCSD_LL.c **** *  use cases (for faster execution time or pipeline scanning for example).
1248:Generated_Source\PSoC4/CapSense_SensingCSD_LL.c **** *
1249:Generated_Source\PSoC4/CapSense_SensingCSD_LL.c **** * \param widgetId
1250:Generated_Source\PSoC4/CapSense_SensingCSD_LL.c **** *  Specifies the ID number of the widget to perform hardware and firmware
1251:Generated_Source\PSoC4/CapSense_SensingCSD_LL.c **** *  initialization required for scanning the specific sensor in the specific
1252:Generated_Source\PSoC4/CapSense_SensingCSD_LL.c **** *  widget.
1253:Generated_Source\PSoC4/CapSense_SensingCSD_LL.c **** *  A macro for the widget ID can be found in the CapSense Configuration header
1254:Generated_Source\PSoC4/CapSense_SensingCSD_LL.c **** *  file defined as CapSense_<WidgetName>_WDGT_ID.
1255:Generated_Source\PSoC4/CapSense_SensingCSD_LL.c **** *
1256:Generated_Source\PSoC4/CapSense_SensingCSD_LL.c **** * \param sensorId
1257:Generated_Source\PSoC4/CapSense_SensingCSD_LL.c **** *  Specifies the ID number of the sensor within the widget to perform hardware
1258:Generated_Source\PSoC4/CapSense_SensingCSD_LL.c **** *  and firmware initialization required for scanning a specific sensor in a
1259:Generated_Source\PSoC4/CapSense_SensingCSD_LL.c **** *  specific widget.
1260:Generated_Source\PSoC4/CapSense_SensingCSD_LL.c **** *  A macro for the sensor ID within a specified widget can be found in the
1261:Generated_Source\PSoC4/CapSense_SensingCSD_LL.c **** *  CapSense Configuration header file defined as
1262:Generated_Source\PSoC4/CapSense_SensingCSD_LL.c **** *  CapSense_<WidgetName>_SNS<SensorNumber>_ID
1263:Generated_Source\PSoC4/CapSense_SensingCSD_LL.c **** *
1264:Generated_Source\PSoC4/CapSense_SensingCSD_LL.c **** *******************************************************************************/
1265:Generated_Source\PSoC4/CapSense_SensingCSD_LL.c **** void CapSense_CSDSetupWidgetExt(uint32 widgetId, uint32 sensorId)
1266:Generated_Source\PSoC4/CapSense_SensingCSD_LL.c **** {
1267:Generated_Source\PSoC4/CapSense_SensingCSD_LL.c ****     CapSense_RAM_WD_BASE_STRUCT const *ptrWdgt = (CapSense_RAM_WD_BASE_STRUCT *)
ARM GAS  C:\Users\ADSTRU~1\AppData\Local\Temp\ccLLBSlA.s 			page 26


1268:Generated_Source\PSoC4/CapSense_SensingCSD_LL.c ****                                                     CapSense_dsFlash.wdgtArray[widgetId].ptr2WdgtRa
1269:Generated_Source\PSoC4/CapSense_SensingCSD_LL.c **** 
1270:Generated_Source\PSoC4/CapSense_SensingCSD_LL.c ****     /* Save widget and sensor Ids to have access to it after scanning  */
1271:Generated_Source\PSoC4/CapSense_SensingCSD_LL.c ****     CapSense_sensorIndex = (uint8)sensorId;
1272:Generated_Source\PSoC4/CapSense_SensingCSD_LL.c **** 
1273:Generated_Source\PSoC4/CapSense_SensingCSD_LL.c ****     /* Update global pointer to CapSense_RAM_SNS_STRUCT to current sensor  */
1274:Generated_Source\PSoC4/CapSense_SensingCSD_LL.c ****     CapSense_curRamSnsPtr = (CapSense_RAM_SNS_STRUCT *)
1275:Generated_Source\PSoC4/CapSense_SensingCSD_LL.c ****                                               CapSense_dsFlash.wdgtArray[widgetId].ptr2SnsRam
1276:Generated_Source\PSoC4/CapSense_SensingCSD_LL.c ****                                               + CapSense_sensorIndex;
1277:Generated_Source\PSoC4/CapSense_SensingCSD_LL.c **** 
1278:Generated_Source\PSoC4/CapSense_SensingCSD_LL.c ****     CapSense_CSDSetupWidget(widgetId);
1279:Generated_Source\PSoC4/CapSense_SensingCSD_LL.c **** 
1280:Generated_Source\PSoC4/CapSense_SensingCSD_LL.c ****      /* Setup Idac Value */
1281:Generated_Source\PSoC4/CapSense_SensingCSD_LL.c ****     CapSense_SsCSDSetUpIdacs(ptrWdgt);
1282:Generated_Source\PSoC4/CapSense_SensingCSD_LL.c **** 
1283:Generated_Source\PSoC4/CapSense_SensingCSD_LL.c ****     #if (CapSense_ENABLE == CapSense_CSD_GANGED_SNS_EN)
1284:Generated_Source\PSoC4/CapSense_SensingCSD_LL.c ****         /* initialize access pointers for current pointer to widget configuration in Flash */
1285:Generated_Source\PSoC4/CapSense_SensingCSD_LL.c ****         CapSense_curFlashWdgtPtr = &CapSense_dsFlash.wdgtArray[widgetId];
1286:Generated_Source\PSoC4/CapSense_SensingCSD_LL.c ****     #endif /* (CapSense_ENABLE == CapSense_CSD_GANGED_SNS_EN)  */
1287:Generated_Source\PSoC4/CapSense_SensingCSD_LL.c **** 
1288:Generated_Source\PSoC4/CapSense_SensingCSD_LL.c ****     #if (CapSense_ENABLE == CapSense_CSD_GANGED_SNS_EN)
1289:Generated_Source\PSoC4/CapSense_SensingCSD_LL.c ****         CapSense_SsCSDConnectSensorExt(widgetId, sensorId);
1290:Generated_Source\PSoC4/CapSense_SensingCSD_LL.c ****     #else
1291:Generated_Source\PSoC4/CapSense_SensingCSD_LL.c ****         /* Enable sensor */
1292:Generated_Source\PSoC4/CapSense_SensingCSD_LL.c ****         CapSense_curSnsIOPtr += CapSense_sensorIndex;
1293:Generated_Source\PSoC4/CapSense_SensingCSD_LL.c ****         CapSense_CSDConnectSns(CapSense_curSnsIOPtr);
1294:Generated_Source\PSoC4/CapSense_SensingCSD_LL.c ****     #endif /* (CapSense_ENABLE == CapSense_CSD_GANGED_SNS_EN)  */
1295:Generated_Source\PSoC4/CapSense_SensingCSD_LL.c **** 
1296:Generated_Source\PSoC4/CapSense_SensingCSD_LL.c ****     #if (CapSense_ENABLE == CapSense_CSD_GANGED_SNS_EN)
1297:Generated_Source\PSoC4/CapSense_SensingCSD_LL.c ****         /* Save sns pointer */
1298:Generated_Source\PSoC4/CapSense_SensingCSD_LL.c ****         CapSense_curFlashSnsPtr = (CapSense_FLASH_SNS_STRUCT const *)
1299:Generated_Source\PSoC4/CapSense_SensingCSD_LL.c ****                                            CapSense_dsFlash.wdgtArray[CapSense_widgetIndex].ptr2Sns
1300:Generated_Source\PSoC4/CapSense_SensingCSD_LL.c ****                                            CapSense_sensorIndex;
1301:Generated_Source\PSoC4/CapSense_SensingCSD_LL.c ****     #endif /* (CapSense_ENABLE == CapSense_CSD_GANGED_SNS_EN) */
1302:Generated_Source\PSoC4/CapSense_SensingCSD_LL.c **** 
1303:Generated_Source\PSoC4/CapSense_SensingCSD_LL.c ****     CapSense_eleCsdDisconnectFlag = CapSense_DISCONNECT_IO_FLAG;
1304:Generated_Source\PSoC4/CapSense_SensingCSD_LL.c **** 
1305:Generated_Source\PSoC4/CapSense_SensingCSD_LL.c ****     /* Setup ISR handler to single-sensor scan function */
1306:Generated_Source\PSoC4/CapSense_SensingCSD_LL.c ****     CapSense_ISR_StartEx(&CapSense_CSDPostSingleScan);
1307:Generated_Source\PSoC4/CapSense_SensingCSD_LL.c **** }
1308:Generated_Source\PSoC4/CapSense_SensingCSD_LL.c **** 
1309:Generated_Source\PSoC4/CapSense_SensingCSD_LL.c **** /*******************************************************************************
1310:Generated_Source\PSoC4/CapSense_SensingCSD_LL.c **** * Function Name: CapSense_SsCSDStartSample
1311:Generated_Source\PSoC4/CapSense_SensingCSD_LL.c **** ****************************************************************************//**
1312:Generated_Source\PSoC4/CapSense_SensingCSD_LL.c **** *
1313:Generated_Source\PSoC4/CapSense_SensingCSD_LL.c **** * \brief
1314:Generated_Source\PSoC4/CapSense_SensingCSD_LL.c **** *   Starts the CSD conversion.
1315:Generated_Source\PSoC4/CapSense_SensingCSD_LL.c **** *
1316:Generated_Source\PSoC4/CapSense_SensingCSD_LL.c **** * \details
1317:Generated_Source\PSoC4/CapSense_SensingCSD_LL.c **** *   This function assumes that the CSD block is already set up using
1318:Generated_Source\PSoC4/CapSense_SensingCSD_LL.c **** *   the CapSense_CSDSetupWidget API and the sensor port-pin is connected to the CSD
1319:Generated_Source\PSoC4/CapSense_SensingCSD_LL.c **** *   block using CapSense_CSDConnectSns.
1320:Generated_Source\PSoC4/CapSense_SensingCSD_LL.c **** *   For Third-generation HW block the function performs the following tasks:
1321:Generated_Source\PSoC4/CapSense_SensingCSD_LL.c **** *   1. Disconnects the Vref buffer from AMUX;
1322:Generated_Source\PSoC4/CapSense_SensingCSD_LL.c **** *   2. Precharges Cmod;
1323:Generated_Source\PSoC4/CapSense_SensingCSD_LL.c **** *   3. Makes the PreSettling delay to have a stable Vref voltage;
1324:Generated_Source\PSoC4/CapSense_SensingCSD_LL.c **** *   4. Sets the resolution to the Counter register to start scanning.
ARM GAS  C:\Users\ADSTRU~1\AppData\Local\Temp\ccLLBSlA.s 			page 27


1325:Generated_Source\PSoC4/CapSense_SensingCSD_LL.c **** *
1326:Generated_Source\PSoC4/CapSense_SensingCSD_LL.c **** *******************************************************************************/
1327:Generated_Source\PSoC4/CapSense_SensingCSD_LL.c **** void CapSense_SsCSDStartSample(void)
1328:Generated_Source\PSoC4/CapSense_SensingCSD_LL.c **** {
1329:Generated_Source\PSoC4/CapSense_SensingCSD_LL.c ****     #if (CapSense_ENABLE != CapSense_CSDV2)
1330:Generated_Source\PSoC4/CapSense_SensingCSD_LL.c ****         uint8 interruptState;
1331:Generated_Source\PSoC4/CapSense_SensingCSD_LL.c ****     #endif
1332:Generated_Source\PSoC4/CapSense_SensingCSD_LL.c **** 
1333:Generated_Source\PSoC4/CapSense_SensingCSD_LL.c ****     #ifdef CapSense_START_SAMPLE_CALLBACK
1334:Generated_Source\PSoC4/CapSense_SensingCSD_LL.c ****         CapSense_StartSampleCallback(CapSense_widgetIndex, CapSense_sensorIndex);
1335:Generated_Source\PSoC4/CapSense_SensingCSD_LL.c ****     #endif /* CapSense_START_SAMPLE_CALLBACK */
1336:Generated_Source\PSoC4/CapSense_SensingCSD_LL.c **** 
1337:Generated_Source\PSoC4/CapSense_SensingCSD_LL.c ****     #if (CapSense_ENABLE == CapSense_CSDV2)
1338:Generated_Source\PSoC4/CapSense_SensingCSD_LL.c ****         /* Fourth-generation HW block section */
1339:Generated_Source\PSoC4/CapSense_SensingCSD_LL.c **** 
1340:Generated_Source\PSoC4/CapSense_SensingCSD_LL.c ****         /* Disable CSD interrupt to prevent it during coarse initialization */
1341:Generated_Source\PSoC4/CapSense_SensingCSD_LL.c ****         CyIntDisable(CapSense_ISR_NUMBER);
1342:Generated_Source\PSoC4/CapSense_SensingCSD_LL.c **** 
1343:Generated_Source\PSoC4/CapSense_SensingCSD_LL.c ****         /* Enable power to sub-blocks */
1344:Generated_Source\PSoC4/CapSense_SensingCSD_LL.c ****         CY_SET_REG32(CapSense_HSCMP_PTR, CapSense_HSCMP_INIT_MASK);
1345:Generated_Source\PSoC4/CapSense_SensingCSD_LL.c **** 
1346:Generated_Source\PSoC4/CapSense_SensingCSD_LL.c ****         #if (CapSense_ENABLE == CapSense_BLOCK_OFF_AFTER_SCAN_EN)
1347:Generated_Source\PSoC4/CapSense_SensingCSD_LL.c ****             CY_SET_REG32(CapSense_CONFIG_PTR, CapSense_configCsd |
1348:Generated_Source\PSoC4/CapSense_SensingCSD_LL.c ****                                                       CapSense_CONFIG_SENSE_EN_MASK |
1349:Generated_Source\PSoC4/CapSense_SensingCSD_LL.c ****                                                       CapSense_CONFIG_ENABLE_MASK);
1350:Generated_Source\PSoC4/CapSense_SensingCSD_LL.c ****             #if(CapSense_CSD_ANALOG_STARTUP_DELAY_US > 0uL)
1351:Generated_Source\PSoC4/CapSense_SensingCSD_LL.c ****                 CyDelayUs(CapSense_CSD_ANALOG_STARTUP_DELAY_US);
1352:Generated_Source\PSoC4/CapSense_SensingCSD_LL.c ****             #endif /* (CapSense_CSD_ANALOG_STARTUP_DELAY_US > 0uL) */
1353:Generated_Source\PSoC4/CapSense_SensingCSD_LL.c ****         #endif /* (CapSense_ENABLE == CapSense_BLOCK_OFF_AFTER_SCAN_EN) */
1354:Generated_Source\PSoC4/CapSense_SensingCSD_LL.c **** 
1355:Generated_Source\PSoC4/CapSense_SensingCSD_LL.c ****         /* Precharging Cmod and Csh */
1356:Generated_Source\PSoC4/CapSense_SensingCSD_LL.c ****         CapSense_SsCSDCmodPrecharge();
1357:Generated_Source\PSoC4/CapSense_SensingCSD_LL.c **** 
1358:Generated_Source\PSoC4/CapSense_SensingCSD_LL.c ****         /* Trigger Scan */
1359:Generated_Source\PSoC4/CapSense_SensingCSD_LL.c ****         CapSense_SsCSDTriggerScan();
1360:Generated_Source\PSoC4/CapSense_SensingCSD_LL.c **** 
1361:Generated_Source\PSoC4/CapSense_SensingCSD_LL.c ****     #else
1362:Generated_Source\PSoC4/CapSense_SensingCSD_LL.c ****         /* Third-generation HW block section */
1363:Generated_Source\PSoC4/CapSense_SensingCSD_LL.c ****         interruptState = CyEnterCriticalSection();
1364:Generated_Source\PSoC4/CapSense_SensingCSD_LL.c **** 
1365:Generated_Source\PSoC4/CapSense_SensingCSD_LL.c ****         /* Enable CSD block. Disconnect Vref Buffer from AMUX */
1366:Generated_Source\PSoC4/CapSense_SensingCSD_LL.c ****         #if ((CapSense_CSH_PRECHARGE_IO_BUF == CapSense_CSD_CSH_PRECHARGE_SRC) &&\
1367:Generated_Source\PSoC4/CapSense_SensingCSD_LL.c ****              (CapSense_ENABLE == CapSense_CSD_SHIELD_TANK_EN))
1368:Generated_Source\PSoC4/CapSense_SensingCSD_LL.c ****             CY_SET_REG32(CapSense_CONFIG_PTR, CapSense_configCsd | CapSense_CMOD_PRECHARGE_CONFIG_C
1369:Generated_Source\PSoC4/CapSense_SensingCSD_LL.c ****         #else
1370:Generated_Source\PSoC4/CapSense_SensingCSD_LL.c ****             CY_SET_REG32(CapSense_CONFIG_PTR, CapSense_configCsd | CapSense_CTANK_PRECHARGE_CONFIG_
1371:Generated_Source\PSoC4/CapSense_SensingCSD_LL.c ****         #endif
1372:Generated_Source\PSoC4/CapSense_SensingCSD_LL.c **** 
1373:Generated_Source\PSoC4/CapSense_SensingCSD_LL.c ****         /* Restart the clocks. Scan one cycle to reset the flip-flop for Direct clock mode */
1374:Generated_Source\PSoC4/CapSense_SensingCSD_LL.c ****         CapSense_SsCSDClockRestart();
1375:Generated_Source\PSoC4/CapSense_SensingCSD_LL.c **** 
1376:Generated_Source\PSoC4/CapSense_SensingCSD_LL.c ****         /* Precharging Cmod to Vref */
1377:Generated_Source\PSoC4/CapSense_SensingCSD_LL.c ****         CapSense_SsCSDCmodPrecharge();
1378:Generated_Source\PSoC4/CapSense_SensingCSD_LL.c **** 
1379:Generated_Source\PSoC4/CapSense_SensingCSD_LL.c ****         #if (CapSense_CLK_SOURCE_DIRECT != CapSense_CSD_SNS_CLK_SOURCE)
1380:Generated_Source\PSoC4/CapSense_SensingCSD_LL.c ****             /* Set PreSettling delay to skip IDAC glitch before scanning */
1381:Generated_Source\PSoC4/CapSense_SensingCSD_LL.c ****             CyDelayCycles(CapSense_GLITCH_ELIMINATION_CYCLES);
ARM GAS  C:\Users\ADSTRU~1\AppData\Local\Temp\ccLLBSlA.s 			page 28


1382:Generated_Source\PSoC4/CapSense_SensingCSD_LL.c ****         #endif /* (CapSense_CSD_SNS_CLK_SOURCE != CapSense_CLK_SOURCE_DIRECT) */
1383:Generated_Source\PSoC4/CapSense_SensingCSD_LL.c **** 
1384:Generated_Source\PSoC4/CapSense_SensingCSD_LL.c ****         /* Trigger Scan */
1385:Generated_Source\PSoC4/CapSense_SensingCSD_LL.c ****         CapSense_SsCSDTriggerScan();
1386:Generated_Source\PSoC4/CapSense_SensingCSD_LL.c **** 
1387:Generated_Source\PSoC4/CapSense_SensingCSD_LL.c ****         CyExitCriticalSection(interruptState);
1388:Generated_Source\PSoC4/CapSense_SensingCSD_LL.c ****     #endif /* (CapSense_ENABLE == CapSense_CSDV2) */
1389:Generated_Source\PSoC4/CapSense_SensingCSD_LL.c **** }
1390:Generated_Source\PSoC4/CapSense_SensingCSD_LL.c **** 
1391:Generated_Source\PSoC4/CapSense_SensingCSD_LL.c **** 
1392:Generated_Source\PSoC4/CapSense_SensingCSD_LL.c **** /*******************************************************************************
1393:Generated_Source\PSoC4/CapSense_SensingCSD_LL.c **** * Function Name: CapSense_CSDScanExt
1394:Generated_Source\PSoC4/CapSense_SensingCSD_LL.c **** ****************************************************************************//**
1395:Generated_Source\PSoC4/CapSense_SensingCSD_LL.c **** *
1396:Generated_Source\PSoC4/CapSense_SensingCSD_LL.c **** * \brief
1397:Generated_Source\PSoC4/CapSense_SensingCSD_LL.c **** *  Starts the CSD conversion on the preconfigured sensor. This function requires
1398:Generated_Source\PSoC4/CapSense_SensingCSD_LL.c **** *  using the CapSense_CSDSetupWidgetExt() function to set up the a
1399:Generated_Source\PSoC4/CapSense_SensingCSD_LL.c **** *  widget.
1400:Generated_Source\PSoC4/CapSense_SensingCSD_LL.c **** *
1401:Generated_Source\PSoC4/CapSense_SensingCSD_LL.c **** * \details
1402:Generated_Source\PSoC4/CapSense_SensingCSD_LL.c **** *  Starts the CSD conversion on the preconfigured sensor. This function requires
1403:Generated_Source\PSoC4/CapSense_SensingCSD_LL.c **** *  using the CapSense_CSDSetupWidgetExt() function to set up the a
1404:Generated_Source\PSoC4/CapSense_SensingCSD_LL.c **** *  widget.
1405:Generated_Source\PSoC4/CapSense_SensingCSD_LL.c **** *
1406:Generated_Source\PSoC4/CapSense_SensingCSD_LL.c **** *  \note This function is obsolete and kept for backward compatibility only.
1407:Generated_Source\PSoC4/CapSense_SensingCSD_LL.c **** *  The CapSense_ScanExt() function should be used instead.
1408:Generated_Source\PSoC4/CapSense_SensingCSD_LL.c **** *
1409:Generated_Source\PSoC4/CapSense_SensingCSD_LL.c **** *  This function performs single scanning of one sensor in the widget configured
1410:Generated_Source\PSoC4/CapSense_SensingCSD_LL.c **** *  by the CapSense_CSDSetupWidgetExt() function. It does the following
1411:Generated_Source\PSoC4/CapSense_SensingCSD_LL.c **** *  tasks:
1412:Generated_Source\PSoC4/CapSense_SensingCSD_LL.c **** *    1. Sets the busy flag in the CapSense_dsRam structure.
1413:Generated_Source\PSoC4/CapSense_SensingCSD_LL.c **** *    2. Performs the clock-phase alignment of the sense and modulator clocks.
1414:Generated_Source\PSoC4/CapSense_SensingCSD_LL.c **** *    3. Performs the Cmod pre-charging.
1415:Generated_Source\PSoC4/CapSense_SensingCSD_LL.c **** *    4. Starts single scanning.
1416:Generated_Source\PSoC4/CapSense_SensingCSD_LL.c **** *
1417:Generated_Source\PSoC4/CapSense_SensingCSD_LL.c **** *  Calling this function directly from the application layer is not
1418:Generated_Source\PSoC4/CapSense_SensingCSD_LL.c **** *  recommended. This function is used to implement only the user's specific
1419:Generated_Source\PSoC4/CapSense_SensingCSD_LL.c **** *  use cases (for faster execution time or pipeline scanning for example).
1420:Generated_Source\PSoC4/CapSense_SensingCSD_LL.c **** *  This function is called when no scanning is in progress. I.e.
1421:Generated_Source\PSoC4/CapSense_SensingCSD_LL.c **** *  CapSense_IsBusy() returns a non-busy status.
1422:Generated_Source\PSoC4/CapSense_SensingCSD_LL.c **** *
1423:Generated_Source\PSoC4/CapSense_SensingCSD_LL.c **** *  The sensor must be preconfigured by using the
1424:Generated_Source\PSoC4/CapSense_SensingCSD_LL.c **** *  CapSense_CSDSetupWidgetExt() API prior to calling this function.
1425:Generated_Source\PSoC4/CapSense_SensingCSD_LL.c **** *  The sensor remains ready for a next scan if a previous scan was triggered
1426:Generated_Source\PSoC4/CapSense_SensingCSD_LL.c **** *  by using the CapSense_CSDScanExt() function. In this case, calling
1427:Generated_Source\PSoC4/CapSense_SensingCSD_LL.c **** *  CapSense_CSDSetupWidgetExt() is not required every time before the
1428:Generated_Source\PSoC4/CapSense_SensingCSD_LL.c **** *  CapSense_CSDScanExt() function. If a previous scan was triggered in
1429:Generated_Source\PSoC4/CapSense_SensingCSD_LL.c **** *  any other way - CapSense_Scan(), CapSense_ScanAllWidgets() or
1430:Generated_Source\PSoC4/CapSense_SensingCSD_LL.c **** *  CapSense_RunTuner() - (see the CapSense_RunTuner() function
1431:Generated_Source\PSoC4/CapSense_SensingCSD_LL.c **** *  description for more details), the sensor must be preconfigured again by
1432:Generated_Source\PSoC4/CapSense_SensingCSD_LL.c **** *  using the CapSense_CSDSetupWidgetExt() API prior to calling the
1433:Generated_Source\PSoC4/CapSense_SensingCSD_LL.c **** *  CapSense_CSDScanExt() function.
1434:Generated_Source\PSoC4/CapSense_SensingCSD_LL.c **** *
1435:Generated_Source\PSoC4/CapSense_SensingCSD_LL.c **** *  If disconnection of the sensors is required after calling
1436:Generated_Source\PSoC4/CapSense_SensingCSD_LL.c **** *  CapSense_CSDScanExt(), the CapSense_CSDDisconnectSns()
1437:Generated_Source\PSoC4/CapSense_SensingCSD_LL.c **** *  function can be used.
1438:Generated_Source\PSoC4/CapSense_SensingCSD_LL.c **** *
ARM GAS  C:\Users\ADSTRU~1\AppData\Local\Temp\ccLLBSlA.s 			page 29


1439:Generated_Source\PSoC4/CapSense_SensingCSD_LL.c **** *******************************************************************************/
1440:Generated_Source\PSoC4/CapSense_SensingCSD_LL.c **** void CapSense_CSDScanExt(void)
1441:Generated_Source\PSoC4/CapSense_SensingCSD_LL.c **** {
1442:Generated_Source\PSoC4/CapSense_SensingCSD_LL.c ****     #if ((CapSense_DISABLE == CapSense_CSD_COMMON_SNS_CLK_EN) && \
1443:Generated_Source\PSoC4/CapSense_SensingCSD_LL.c ****          (CapSense_CSD_MATRIX_WIDGET_EN || CapSense_CSD_TOUCHPAD_WIDGET_EN))
1444:Generated_Source\PSoC4/CapSense_SensingCSD_LL.c ****         CapSense_RAM_WD_BASE_STRUCT const *ptrWdgt = (CapSense_RAM_WD_BASE_STRUCT *)
1445:Generated_Source\PSoC4/CapSense_SensingCSD_LL.c ****                                                         CapSense_dsFlash.wdgtArray[CapSense_widgetI
1446:Generated_Source\PSoC4/CapSense_SensingCSD_LL.c **** 
1447:Generated_Source\PSoC4/CapSense_SensingCSD_LL.c ****         CapSense_SsCSDCalculateScanDuration(ptrWdgt);
1448:Generated_Source\PSoC4/CapSense_SensingCSD_LL.c ****         CapSense_SsCSDConfigClock();
1449:Generated_Source\PSoC4/CapSense_SensingCSD_LL.c ****     #endif
1450:Generated_Source\PSoC4/CapSense_SensingCSD_LL.c **** 
1451:Generated_Source\PSoC4/CapSense_SensingCSD_LL.c ****     /* Set Start of sensor scan flag */
1452:Generated_Source\PSoC4/CapSense_SensingCSD_LL.c ****     CapSense_dsRam.status |= (CapSense_SW_STS_BUSY | CapSense_WDGT_SW_STS_BUSY);
1453:Generated_Source\PSoC4/CapSense_SensingCSD_LL.c **** 
1454:Generated_Source\PSoC4/CapSense_SensingCSD_LL.c ****     #if (CapSense_ENABLE == CapSense_MULTI_FREQ_SCAN_EN)
1455:Generated_Source\PSoC4/CapSense_SensingCSD_LL.c ****         /* Reset the frequency scan channel if enabled */
1456:Generated_Source\PSoC4/CapSense_SensingCSD_LL.c ****         CapSense_scanFreqIndex = CapSense_FREQ_CHANNEL_0;
1457:Generated_Source\PSoC4/CapSense_SensingCSD_LL.c ****     #endif /* (CapSense_ENABLE == CapSense_MULTI_FREQ_SCAN_EN) */
1458:Generated_Source\PSoC4/CapSense_SensingCSD_LL.c **** 
1459:Generated_Source\PSoC4/CapSense_SensingCSD_LL.c ****     #if (CapSense_ENABLE != CapSense_BLOCK_OFF_AFTER_SCAN_EN) &&\
1460:Generated_Source\PSoC4/CapSense_SensingCSD_LL.c ****         (CapSense_ENABLE == CapSense_CSDV2)
1461:Generated_Source\PSoC4/CapSense_SensingCSD_LL.c ****         #if(CapSense_CSD_ANALOG_STARTUP_DELAY_US > 0uL)
1462:Generated_Source\PSoC4/CapSense_SensingCSD_LL.c ****             CyDelayUs(CapSense_CSD_ANALOG_STARTUP_DELAY_US);
1463:Generated_Source\PSoC4/CapSense_SensingCSD_LL.c ****         #endif /* (CapSense_CSD_ANALOG_STARTUP_DELAY_US > 0uL) */
1464:Generated_Source\PSoC4/CapSense_SensingCSD_LL.c ****     #endif /* (CapSense_ENABLE != CapSense_BLOCK_OFF_AFTER_SCAN_EN) &&\
1465:Generated_Source\PSoC4/CapSense_SensingCSD_LL.c ****               (CapSense_ENABLE == CapSense_CSDV2)*/
1466:Generated_Source\PSoC4/CapSense_SensingCSD_LL.c **** 
1467:Generated_Source\PSoC4/CapSense_SensingCSD_LL.c ****     CapSense_SsCSDStartSample();
1468:Generated_Source\PSoC4/CapSense_SensingCSD_LL.c **** }
1469:Generated_Source\PSoC4/CapSense_SensingCSD_LL.c **** 
1470:Generated_Source\PSoC4/CapSense_SensingCSD_LL.c **** 
1471:Generated_Source\PSoC4/CapSense_SensingCSD_LL.c **** /*******************************************************************************
1472:Generated_Source\PSoC4/CapSense_SensingCSD_LL.c **** * Function Name: CapSense_CSDScan
1473:Generated_Source\PSoC4/CapSense_SensingCSD_LL.c **** ****************************************************************************//**
1474:Generated_Source\PSoC4/CapSense_SensingCSD_LL.c **** *
1475:Generated_Source\PSoC4/CapSense_SensingCSD_LL.c **** * \brief
1476:Generated_Source\PSoC4/CapSense_SensingCSD_LL.c **** *  This function initiates a scan for the sensors of the widget initialized by the
1477:Generated_Source\PSoC4/CapSense_SensingCSD_LL.c **** *  CapSense_CSDSetupWidget() function.
1478:Generated_Source\PSoC4/CapSense_SensingCSD_LL.c **** *
1479:Generated_Source\PSoC4/CapSense_SensingCSD_LL.c **** * \details
1480:Generated_Source\PSoC4/CapSense_SensingCSD_LL.c **** *  This function initiates a scan for the sensors of the widget initialized by the
1481:Generated_Source\PSoC4/CapSense_SensingCSD_LL.c **** *  CapSense_CSDSetupWidget() function.
1482:Generated_Source\PSoC4/CapSense_SensingCSD_LL.c **** *
1483:Generated_Source\PSoC4/CapSense_SensingCSD_LL.c **** *  \note This function is obsolete and kept for backward compatibility only.
1484:Generated_Source\PSoC4/CapSense_SensingCSD_LL.c **** *  The CapSense_Scan() function should be used instead.
1485:Generated_Source\PSoC4/CapSense_SensingCSD_LL.c **** *
1486:Generated_Source\PSoC4/CapSense_SensingCSD_LL.c **** *  This function performs scanning of all the sensors in the widget configured by
1487:Generated_Source\PSoC4/CapSense_SensingCSD_LL.c **** *  the CapSense_CSDSetupWidget() function. It does the following tasks:
1488:Generated_Source\PSoC4/CapSense_SensingCSD_LL.c **** *    1. Connects the first sensor of the widget.
1489:Generated_Source\PSoC4/CapSense_SensingCSD_LL.c **** *    2. Configures the IDAC value.
1490:Generated_Source\PSoC4/CapSense_SensingCSD_LL.c **** *    3. Initializes the interrupt callback function to initialize a scan of
1491:Generated_Source\PSoC4/CapSense_SensingCSD_LL.c **** *       the next sensors in a widget.
1492:Generated_Source\PSoC4/CapSense_SensingCSD_LL.c **** *    4. Starts scanning for the first sensor in the widget.
1493:Generated_Source\PSoC4/CapSense_SensingCSD_LL.c **** *
1494:Generated_Source\PSoC4/CapSense_SensingCSD_LL.c **** *  This function is called by the CapSense_Scan() API if the given
1495:Generated_Source\PSoC4/CapSense_SensingCSD_LL.c **** *  widget uses the CSD sensing method.
ARM GAS  C:\Users\ADSTRU~1\AppData\Local\Temp\ccLLBSlA.s 			page 30


1496:Generated_Source\PSoC4/CapSense_SensingCSD_LL.c **** *
1497:Generated_Source\PSoC4/CapSense_SensingCSD_LL.c **** *  Calling this function directly from the application layer is not
1498:Generated_Source\PSoC4/CapSense_SensingCSD_LL.c **** *  recommended. This function is used to implement only the user's specific
1499:Generated_Source\PSoC4/CapSense_SensingCSD_LL.c **** *  use cases (for faster execution time or pipeline scanning for example).
1500:Generated_Source\PSoC4/CapSense_SensingCSD_LL.c **** *
1501:Generated_Source\PSoC4/CapSense_SensingCSD_LL.c **** *  This function is called when no scanning is in progress. I.e.
1502:Generated_Source\PSoC4/CapSense_SensingCSD_LL.c **** *  CapSense_IsBusy() returns a non-busy status. The widget must be
1503:Generated_Source\PSoC4/CapSense_SensingCSD_LL.c **** *  preconfigured by the CapSense_CSDSetupWidget() function if any other
1504:Generated_Source\PSoC4/CapSense_SensingCSD_LL.c **** *  widget was previously scanned or any other type of the scan functions was used.
1505:Generated_Source\PSoC4/CapSense_SensingCSD_LL.c **** *
1506:Generated_Source\PSoC4/CapSense_SensingCSD_LL.c **** *******************************************************************************/
1507:Generated_Source\PSoC4/CapSense_SensingCSD_LL.c **** void CapSense_CSDScan(void)
1508:Generated_Source\PSoC4/CapSense_SensingCSD_LL.c **** {
1509:Generated_Source\PSoC4/CapSense_SensingCSD_LL.c ****     CapSense_RAM_WD_BASE_STRUCT const *ptrWdgt = (CapSense_RAM_WD_BASE_STRUCT *)
1510:Generated_Source\PSoC4/CapSense_SensingCSD_LL.c ****                                                     CapSense_dsFlash.wdgtArray[CapSense_widgetIndex
1511:Generated_Source\PSoC4/CapSense_SensingCSD_LL.c **** 
1512:Generated_Source\PSoC4/CapSense_SensingCSD_LL.c ****     /* Set all the sensors to inactive state */
1513:Generated_Source\PSoC4/CapSense_SensingCSD_LL.c ****     if(CapSense_dsRam.scanCurrentISC != CapSense_dsRam.scanCsdISC)
1514:Generated_Source\PSoC4/CapSense_SensingCSD_LL.c ****     {
1515:Generated_Source\PSoC4/CapSense_SensingCSD_LL.c ****         CapSense_SsSetAllIOsState((uint32)CapSense_dsRam.scanCsdISC);
1516:Generated_Source\PSoC4/CapSense_SensingCSD_LL.c ****         CapSense_dsRam.scanCurrentISC = CapSense_dsRam.scanCsdISC;
1517:Generated_Source\PSoC4/CapSense_SensingCSD_LL.c ****     }
1518:Generated_Source\PSoC4/CapSense_SensingCSD_LL.c **** 
1519:Generated_Source\PSoC4/CapSense_SensingCSD_LL.c ****      /*
1520:Generated_Source\PSoC4/CapSense_SensingCSD_LL.c ****       * Update CapSense_sensorIndex with the first sensor in
1521:Generated_Source\PSoC4/CapSense_SensingCSD_LL.c ****       * widget to use it in ISR handler to configure the next sensor
1522:Generated_Source\PSoC4/CapSense_SensingCSD_LL.c ****       */
1523:Generated_Source\PSoC4/CapSense_SensingCSD_LL.c ****     CapSense_sensorIndex = 0u;
1524:Generated_Source\PSoC4/CapSense_SensingCSD_LL.c **** 
1525:Generated_Source\PSoC4/CapSense_SensingCSD_LL.c ****     /* Update global pointer to CapSense_RAM_SNS_STRUCT to current sensor  */
1526:Generated_Source\PSoC4/CapSense_SensingCSD_LL.c ****     CapSense_curRamSnsPtr = (CapSense_RAM_SNS_STRUCT *)
1527:Generated_Source\PSoC4/CapSense_SensingCSD_LL.c ****                                               CapSense_dsFlash.wdgtArray[CapSense_widgetIndex].ptr2
1528:Generated_Source\PSoC4/CapSense_SensingCSD_LL.c ****                                               + CapSense_sensorIndex;
1529:Generated_Source\PSoC4/CapSense_SensingCSD_LL.c **** 
1530:Generated_Source\PSoC4/CapSense_SensingCSD_LL.c ****     #if (CapSense_ENABLE == CapSense_MULTI_FREQ_SCAN_EN)
1531:Generated_Source\PSoC4/CapSense_SensingCSD_LL.c ****         /* Reset the frequency scan channel if enabled */
1532:Generated_Source\PSoC4/CapSense_SensingCSD_LL.c ****         CapSense_scanFreqIndex = CapSense_FREQ_CHANNEL_0;
1533:Generated_Source\PSoC4/CapSense_SensingCSD_LL.c ****     #endif /* (CapSense_ENABLE == CapSense_MULTI_FREQ_SCAN_EN) */
1534:Generated_Source\PSoC4/CapSense_SensingCSD_LL.c **** 
1535:Generated_Source\PSoC4/CapSense_SensingCSD_LL.c ****     /* Setup Idac Value */
1536:Generated_Source\PSoC4/CapSense_SensingCSD_LL.c ****    CapSense_SsCSDSetUpIdacs(ptrWdgt);
1537:Generated_Source\PSoC4/CapSense_SensingCSD_LL.c **** 
1538:Generated_Source\PSoC4/CapSense_SensingCSD_LL.c ****     #if (CapSense_ENABLE == CapSense_CSD_GANGED_SNS_EN)
1539:Generated_Source\PSoC4/CapSense_SensingCSD_LL.c ****         /* Check ganged sns flag  */
1540:Generated_Source\PSoC4/CapSense_SensingCSD_LL.c ****         if (CapSense_GANGED_SNS_MASK == (CapSense_dsFlash.wdgtArray[CapSense_widgetIndex].staticCon
1541:Generated_Source\PSoC4/CapSense_SensingCSD_LL.c ****             CapSense_GANGED_SNS_MASK))
1542:Generated_Source\PSoC4/CapSense_SensingCSD_LL.c ****         {
1543:Generated_Source\PSoC4/CapSense_SensingCSD_LL.c ****             /* Setup ISR handler to multiple-sensor scan function with ganged sensors */
1544:Generated_Source\PSoC4/CapSense_SensingCSD_LL.c ****             CapSense_ISR_StartEx(&CapSense_CSDPostMultiScanGanged);
1545:Generated_Source\PSoC4/CapSense_SensingCSD_LL.c ****         }
1546:Generated_Source\PSoC4/CapSense_SensingCSD_LL.c ****         else
1547:Generated_Source\PSoC4/CapSense_SensingCSD_LL.c ****         {
1548:Generated_Source\PSoC4/CapSense_SensingCSD_LL.c ****             /* Set up ISR handler to multiple-sensor scan function without ganged sensors */
1549:Generated_Source\PSoC4/CapSense_SensingCSD_LL.c ****             CapSense_ISR_StartEx(&CapSense_CSDPostMultiScan);
1550:Generated_Source\PSoC4/CapSense_SensingCSD_LL.c ****         }
1551:Generated_Source\PSoC4/CapSense_SensingCSD_LL.c **** 
1552:Generated_Source\PSoC4/CapSense_SensingCSD_LL.c ****         CapSense_SsCSDConnectSensorExt((uint32)CapSense_widgetIndex, (uint32)CapSense_sensorIndex);
ARM GAS  C:\Users\ADSTRU~1\AppData\Local\Temp\ccLLBSlA.s 			page 31


1553:Generated_Source\PSoC4/CapSense_SensingCSD_LL.c ****     #else
1554:Generated_Source\PSoC4/CapSense_SensingCSD_LL.c ****         /* initialize ptr to sensor IO structure to appropriate address */
1555:Generated_Source\PSoC4/CapSense_SensingCSD_LL.c ****         CapSense_curSnsIOPtr = (CapSense_FLASH_IO_STRUCT const *)
1556:Generated_Source\PSoC4/CapSense_SensingCSD_LL.c ****                                         CapSense_dsFlash.wdgtArray[CapSense_widgetIndex].ptr2SnsFla
1557:Generated_Source\PSoC4/CapSense_SensingCSD_LL.c ****                                         + CapSense_sensorIndex;
1558:Generated_Source\PSoC4/CapSense_SensingCSD_LL.c **** 
1559:Generated_Source\PSoC4/CapSense_SensingCSD_LL.c ****         /* Enable sensor */
1560:Generated_Source\PSoC4/CapSense_SensingCSD_LL.c ****         CapSense_CSDConnectSns(CapSense_curSnsIOPtr);
1561:Generated_Source\PSoC4/CapSense_SensingCSD_LL.c **** 
1562:Generated_Source\PSoC4/CapSense_SensingCSD_LL.c ****         /* Set-up ISR handler to multiple-sensor scan function without ganged sensors */
1563:Generated_Source\PSoC4/CapSense_SensingCSD_LL.c ****         CapSense_ISR_StartEx(&CapSense_CSDPostMultiScan);
1564:Generated_Source\PSoC4/CapSense_SensingCSD_LL.c ****     #endif /* (CapSense_ENABLE == CapSense_CSD_GANGED_SNS_EN)  */
1565:Generated_Source\PSoC4/CapSense_SensingCSD_LL.c **** 
1566:Generated_Source\PSoC4/CapSense_SensingCSD_LL.c ****     /* Start scanning */
1567:Generated_Source\PSoC4/CapSense_SensingCSD_LL.c ****     CapSense_CSDScanExt();
1568:Generated_Source\PSoC4/CapSense_SensingCSD_LL.c **** }
1569:Generated_Source\PSoC4/CapSense_SensingCSD_LL.c **** 
1570:Generated_Source\PSoC4/CapSense_SensingCSD_LL.c **** 
1571:Generated_Source\PSoC4/CapSense_SensingCSD_LL.c **** /*******************************************************************************
1572:Generated_Source\PSoC4/CapSense_SensingCSD_LL.c **** * Function Name: CapSense_SsCSDConnectSensorExt
1573:Generated_Source\PSoC4/CapSense_SensingCSD_LL.c **** ****************************************************************************//**
1574:Generated_Source\PSoC4/CapSense_SensingCSD_LL.c **** *
1575:Generated_Source\PSoC4/CapSense_SensingCSD_LL.c **** * \brief
1576:Generated_Source\PSoC4/CapSense_SensingCSD_LL.c **** *  Connects a ganged sensor port-pin to the sensing HW block via the AMUX bus.
1577:Generated_Source\PSoC4/CapSense_SensingCSD_LL.c **** *
1578:Generated_Source\PSoC4/CapSense_SensingCSD_LL.c **** * \details
1579:Generated_Source\PSoC4/CapSense_SensingCSD_LL.c **** *   The function gets the IO configuration registers addresses, their shifts and
1580:Generated_Source\PSoC4/CapSense_SensingCSD_LL.c **** *   masks from the FLASH_IO_STRUCT object. Basing on this data, it updates the HSIOM and
1581:Generated_Source\PSoC4/CapSense_SensingCSD_LL.c **** *   PC registers.
1582:Generated_Source\PSoC4/CapSense_SensingCSD_LL.c **** *
1583:Generated_Source\PSoC4/CapSense_SensingCSD_LL.c **** * \param widgetId
1584:Generated_Source\PSoC4/CapSense_SensingCSD_LL.c **** *  Specifies ID of the widget.
1585:Generated_Source\PSoC4/CapSense_SensingCSD_LL.c **** *
1586:Generated_Source\PSoC4/CapSense_SensingCSD_LL.c **** * \param sensorId
1587:Generated_Source\PSoC4/CapSense_SensingCSD_LL.c **** *  Specifies ID of the sensor in the widget.
1588:Generated_Source\PSoC4/CapSense_SensingCSD_LL.c **** *
1589:Generated_Source\PSoC4/CapSense_SensingCSD_LL.c **** *******************************************************************************/
1590:Generated_Source\PSoC4/CapSense_SensingCSD_LL.c **** void CapSense_SsCSDConnectSensorExt(uint32 widgetId, uint32 sensorId)
1591:Generated_Source\PSoC4/CapSense_SensingCSD_LL.c **** {
1592:Generated_Source\PSoC4/CapSense_SensingCSD_LL.c ****     #if (CapSense_ENABLE == CapSense_CSD_GANGED_SNS_EN)
1593:Generated_Source\PSoC4/CapSense_SensingCSD_LL.c ****         uint32 tempVal;
1594:Generated_Source\PSoC4/CapSense_SensingCSD_LL.c ****     #endif /* (CapSense_ENABLE == CapSense_CSD_GANGED_SNS_EN) */
1595:Generated_Source\PSoC4/CapSense_SensingCSD_LL.c **** 
1596:Generated_Source\PSoC4/CapSense_SensingCSD_LL.c ****     /* initialize ptr to sensor IO structure to appropriate address */
1597:Generated_Source\PSoC4/CapSense_SensingCSD_LL.c ****     CapSense_curSnsIOPtr = (CapSense_FLASH_IO_STRUCT const *)
1598:Generated_Source\PSoC4/CapSense_SensingCSD_LL.c ****                                                       CapSense_dsFlash.wdgtArray[widgetId].ptr2SnsF
1599:Generated_Source\PSoC4/CapSense_SensingCSD_LL.c ****                                                       + sensorId;
1600:Generated_Source\PSoC4/CapSense_SensingCSD_LL.c **** 
1601:Generated_Source\PSoC4/CapSense_SensingCSD_LL.c ****     #if (CapSense_ENABLE == CapSense_CSD_GANGED_SNS_EN)
1602:Generated_Source\PSoC4/CapSense_SensingCSD_LL.c ****         /* Check ganged sns flag  */
1603:Generated_Source\PSoC4/CapSense_SensingCSD_LL.c ****         if (CapSense_GANGED_SNS_MASK ==
1604:Generated_Source\PSoC4/CapSense_SensingCSD_LL.c ****            (CapSense_dsFlash.wdgtArray[widgetId].staticConfig &
1605:Generated_Source\PSoC4/CapSense_SensingCSD_LL.c ****             CapSense_GANGED_SNS_MASK))
1606:Generated_Source\PSoC4/CapSense_SensingCSD_LL.c ****         {
1607:Generated_Source\PSoC4/CapSense_SensingCSD_LL.c ****             /* Get sns pointer */
1608:Generated_Source\PSoC4/CapSense_SensingCSD_LL.c ****             CapSense_curFlashSnsPtr = (CapSense_FLASH_SNS_STRUCT const *)
1609:Generated_Source\PSoC4/CapSense_SensingCSD_LL.c ****                                                CapSense_dsFlash.wdgtArray[widgetId].ptr2SnsFlash +
ARM GAS  C:\Users\ADSTRU~1\AppData\Local\Temp\ccLLBSlA.s 			page 32


1610:Generated_Source\PSoC4/CapSense_SensingCSD_LL.c ****                                                sensorId;
1611:Generated_Source\PSoC4/CapSense_SensingCSD_LL.c **** 
1612:Generated_Source\PSoC4/CapSense_SensingCSD_LL.c ****             /* Get number of ganged pins */
1613:Generated_Source\PSoC4/CapSense_SensingCSD_LL.c ****             tempVal = CapSense_curFlashSnsPtr->numPins;
1614:Generated_Source\PSoC4/CapSense_SensingCSD_LL.c **** 
1615:Generated_Source\PSoC4/CapSense_SensingCSD_LL.c ****             /* Get IO pointer  */
1616:Generated_Source\PSoC4/CapSense_SensingCSD_LL.c ****             CapSense_curSnsIOPtr = &CapSense_ioList[CapSense_curFlashSnsPtr->firstPinId];
1617:Generated_Source\PSoC4/CapSense_SensingCSD_LL.c **** 
1618:Generated_Source\PSoC4/CapSense_SensingCSD_LL.c ****             /* Connect all ganged sensors  */
1619:Generated_Source\PSoC4/CapSense_SensingCSD_LL.c ****             do
1620:Generated_Source\PSoC4/CapSense_SensingCSD_LL.c ****             {
1621:Generated_Source\PSoC4/CapSense_SensingCSD_LL.c ****                 CapSense_CSDConnectSns(CapSense_curSnsIOPtr);
1622:Generated_Source\PSoC4/CapSense_SensingCSD_LL.c ****                 CapSense_curSnsIOPtr++;
1623:Generated_Source\PSoC4/CapSense_SensingCSD_LL.c ****                 tempVal--;
1624:Generated_Source\PSoC4/CapSense_SensingCSD_LL.c ****             } while (0u != tempVal);
1625:Generated_Source\PSoC4/CapSense_SensingCSD_LL.c ****         }
1626:Generated_Source\PSoC4/CapSense_SensingCSD_LL.c ****         else
1627:Generated_Source\PSoC4/CapSense_SensingCSD_LL.c ****         {
1628:Generated_Source\PSoC4/CapSense_SensingCSD_LL.c ****             /* Connect sensor */
1629:Generated_Source\PSoC4/CapSense_SensingCSD_LL.c ****             CapSense_CSDConnectSns(CapSense_curSnsIOPtr);
1630:Generated_Source\PSoC4/CapSense_SensingCSD_LL.c ****         }
1631:Generated_Source\PSoC4/CapSense_SensingCSD_LL.c ****     #else
1632:Generated_Source\PSoC4/CapSense_SensingCSD_LL.c ****         /* Connect sensor */
1633:Generated_Source\PSoC4/CapSense_SensingCSD_LL.c ****         CapSense_CSDConnectSns(CapSense_curSnsIOPtr);
1634:Generated_Source\PSoC4/CapSense_SensingCSD_LL.c ****     #endif /* (CapSense_ENABLE == CapSense_CSD_GANGED_SNS_EN) */
1635:Generated_Source\PSoC4/CapSense_SensingCSD_LL.c **** }
1636:Generated_Source\PSoC4/CapSense_SensingCSD_LL.c **** 
1637:Generated_Source\PSoC4/CapSense_SensingCSD_LL.c **** 
1638:Generated_Source\PSoC4/CapSense_SensingCSD_LL.c **** /*******************************************************************************
1639:Generated_Source\PSoC4/CapSense_SensingCSD_LL.c **** * Function Name: CapSense_SsCSDDisconnectSnsExt
1640:Generated_Source\PSoC4/CapSense_SensingCSD_LL.c **** ****************************************************************************//**
1641:Generated_Source\PSoC4/CapSense_SensingCSD_LL.c **** *
1642:Generated_Source\PSoC4/CapSense_SensingCSD_LL.c **** * \brief
1643:Generated_Source\PSoC4/CapSense_SensingCSD_LL.c **** *  Disconnects a ganged sensor port-pin from the sensing HW block and AMUX bus.
1644:Generated_Source\PSoC4/CapSense_SensingCSD_LL.c **** *  Sets the default state of the un-scanned sensor.
1645:Generated_Source\PSoC4/CapSense_SensingCSD_LL.c **** *
1646:Generated_Source\PSoC4/CapSense_SensingCSD_LL.c **** * \details
1647:Generated_Source\PSoC4/CapSense_SensingCSD_LL.c **** *   The function gets the IO configuration registers addresses, their shifts and
1648:Generated_Source\PSoC4/CapSense_SensingCSD_LL.c **** *   masks from the FLASH_IO_STRUCT object. Basing on this data and Inactive sensor
1649:Generated_Source\PSoC4/CapSense_SensingCSD_LL.c **** *   connection parameter, it updates the HSIOM, PC and DR registers.
1650:Generated_Source\PSoC4/CapSense_SensingCSD_LL.c **** *   The HSIOM register is updated only when the Inactive sensor connection parameter
1651:Generated_Source\PSoC4/CapSense_SensingCSD_LL.c **** *   is set to Shield.
1652:Generated_Source\PSoC4/CapSense_SensingCSD_LL.c **** *
1653:Generated_Source\PSoC4/CapSense_SensingCSD_LL.c **** * \param widgetId
1654:Generated_Source\PSoC4/CapSense_SensingCSD_LL.c **** *  Specifies ID of the widget.
1655:Generated_Source\PSoC4/CapSense_SensingCSD_LL.c **** *
1656:Generated_Source\PSoC4/CapSense_SensingCSD_LL.c **** * \param sensorId
1657:Generated_Source\PSoC4/CapSense_SensingCSD_LL.c **** *  Specifies ID of the sensor in the widget.
1658:Generated_Source\PSoC4/CapSense_SensingCSD_LL.c **** *
1659:Generated_Source\PSoC4/CapSense_SensingCSD_LL.c **** *******************************************************************************/
1660:Generated_Source\PSoC4/CapSense_SensingCSD_LL.c **** void CapSense_SsCSDDisconnectSnsExt(uint32 widgetId, uint32 sensorId)
1661:Generated_Source\PSoC4/CapSense_SensingCSD_LL.c **** {
1662:Generated_Source\PSoC4/CapSense_SensingCSD_LL.c ****     #if (CapSense_ENABLE == CapSense_CSD_GANGED_SNS_EN)
1663:Generated_Source\PSoC4/CapSense_SensingCSD_LL.c ****         uint32 tempVal;
1664:Generated_Source\PSoC4/CapSense_SensingCSD_LL.c ****     #endif /* (CapSense_ENABLE == CapSense_CSD_GANGED_SNS_EN) */
1665:Generated_Source\PSoC4/CapSense_SensingCSD_LL.c **** 
1666:Generated_Source\PSoC4/CapSense_SensingCSD_LL.c ****     /* initialize ptr to sensor IO structure to appropriate address        */
ARM GAS  C:\Users\ADSTRU~1\AppData\Local\Temp\ccLLBSlA.s 			page 33


1667:Generated_Source\PSoC4/CapSense_SensingCSD_LL.c ****     CapSense_curSnsIOPtr = (CapSense_FLASH_IO_STRUCT const *)
1668:Generated_Source\PSoC4/CapSense_SensingCSD_LL.c ****                                                       CapSense_dsFlash.wdgtArray[widgetId].ptr2SnsF
1669:Generated_Source\PSoC4/CapSense_SensingCSD_LL.c ****                                                       + sensorId;
1670:Generated_Source\PSoC4/CapSense_SensingCSD_LL.c **** 
1671:Generated_Source\PSoC4/CapSense_SensingCSD_LL.c ****     #if (CapSense_ENABLE == CapSense_CSD_GANGED_SNS_EN)
1672:Generated_Source\PSoC4/CapSense_SensingCSD_LL.c ****         /* Check ganged sns flag  */
1673:Generated_Source\PSoC4/CapSense_SensingCSD_LL.c ****         if ((CapSense_dsFlash.wdgtArray[widgetId].staticConfig &
1674:Generated_Source\PSoC4/CapSense_SensingCSD_LL.c ****             CapSense_GANGED_SNS_MASK) == CapSense_GANGED_SNS_MASK)
1675:Generated_Source\PSoC4/CapSense_SensingCSD_LL.c ****         {
1676:Generated_Source\PSoC4/CapSense_SensingCSD_LL.c ****             /* Get sns pointer */
1677:Generated_Source\PSoC4/CapSense_SensingCSD_LL.c ****             CapSense_curFlashSnsPtr = (CapSense_FLASH_SNS_STRUCT const *)
1678:Generated_Source\PSoC4/CapSense_SensingCSD_LL.c ****                                                CapSense_dsFlash.wdgtArray[widgetId].ptr2SnsFlash +
1679:Generated_Source\PSoC4/CapSense_SensingCSD_LL.c ****                                                sensorId;
1680:Generated_Source\PSoC4/CapSense_SensingCSD_LL.c **** 
1681:Generated_Source\PSoC4/CapSense_SensingCSD_LL.c ****             /* Get number of ganged pins */
1682:Generated_Source\PSoC4/CapSense_SensingCSD_LL.c ****             tempVal = CapSense_curFlashSnsPtr->numPins;
1683:Generated_Source\PSoC4/CapSense_SensingCSD_LL.c **** 
1684:Generated_Source\PSoC4/CapSense_SensingCSD_LL.c ****             /* Get IO pointer  */
1685:Generated_Source\PSoC4/CapSense_SensingCSD_LL.c ****             CapSense_curSnsIOPtr = &CapSense_ioList[CapSense_curFlashSnsPtr->firstPinId];
1686:Generated_Source\PSoC4/CapSense_SensingCSD_LL.c **** 
1687:Generated_Source\PSoC4/CapSense_SensingCSD_LL.c ****             /* Disconnect all ganged sensors */
1688:Generated_Source\PSoC4/CapSense_SensingCSD_LL.c ****             do
1689:Generated_Source\PSoC4/CapSense_SensingCSD_LL.c ****             {
1690:Generated_Source\PSoC4/CapSense_SensingCSD_LL.c ****                 CapSense_CSDDisconnectSns(CapSense_curSnsIOPtr);
1691:Generated_Source\PSoC4/CapSense_SensingCSD_LL.c ****                 CapSense_curSnsIOPtr++;
1692:Generated_Source\PSoC4/CapSense_SensingCSD_LL.c ****                 tempVal--;
1693:Generated_Source\PSoC4/CapSense_SensingCSD_LL.c ****             } while (0u != tempVal);
1694:Generated_Source\PSoC4/CapSense_SensingCSD_LL.c ****         }
1695:Generated_Source\PSoC4/CapSense_SensingCSD_LL.c ****         else
1696:Generated_Source\PSoC4/CapSense_SensingCSD_LL.c ****         {
1697:Generated_Source\PSoC4/CapSense_SensingCSD_LL.c ****             /* Disconnect ganged sensor */
1698:Generated_Source\PSoC4/CapSense_SensingCSD_LL.c ****             CapSense_CSDDisconnectSns(CapSense_curSnsIOPtr);
1699:Generated_Source\PSoC4/CapSense_SensingCSD_LL.c ****         }
1700:Generated_Source\PSoC4/CapSense_SensingCSD_LL.c ****     #else
1701:Generated_Source\PSoC4/CapSense_SensingCSD_LL.c ****         /* Disconnect ganged sensor */
1702:Generated_Source\PSoC4/CapSense_SensingCSD_LL.c ****         CapSense_CSDDisconnectSns(CapSense_curSnsIOPtr);
1703:Generated_Source\PSoC4/CapSense_SensingCSD_LL.c ****     #endif /* (CapSense_ENABLE == CapSense_CSD_GANGED_SNS_EN) */
1704:Generated_Source\PSoC4/CapSense_SensingCSD_LL.c **** }
1705:Generated_Source\PSoC4/CapSense_SensingCSD_LL.c **** 
1706:Generated_Source\PSoC4/CapSense_SensingCSD_LL.c **** 
1707:Generated_Source\PSoC4/CapSense_SensingCSD_LL.c **** /*******************************************************************************
1708:Generated_Source\PSoC4/CapSense_SensingCSD_LL.c **** * Function Name: CapSense_CSDConnectSns
1709:Generated_Source\PSoC4/CapSense_SensingCSD_LL.c **** ****************************************************************************//**
1710:Generated_Source\PSoC4/CapSense_SensingCSD_LL.c **** *
1711:Generated_Source\PSoC4/CapSense_SensingCSD_LL.c **** * \brief
1712:Generated_Source\PSoC4/CapSense_SensingCSD_LL.c **** *  Connects a port pin used by the sensor to the AMUX bus of the sensing HW block.
1713:Generated_Source\PSoC4/CapSense_SensingCSD_LL.c **** *
1714:Generated_Source\PSoC4/CapSense_SensingCSD_LL.c **** * \details
1715:Generated_Source\PSoC4/CapSense_SensingCSD_LL.c **** *  Connects a port pin used by the sensor to the AMUX bus of the sensing HW block
1716:Generated_Source\PSoC4/CapSense_SensingCSD_LL.c **** *  while a sensor is being scanned. The function ignores the fact if
1717:Generated_Source\PSoC4/CapSense_SensingCSD_LL.c **** *  the sensor is a ganged sensor and connects only a specified pin.
1718:Generated_Source\PSoC4/CapSense_SensingCSD_LL.c **** *
1719:Generated_Source\PSoC4/CapSense_SensingCSD_LL.c **** *  Scanning should be completed before calling this API.
1720:Generated_Source\PSoC4/CapSense_SensingCSD_LL.c **** *
1721:Generated_Source\PSoC4/CapSense_SensingCSD_LL.c **** *  Calling this function directly from the application layer is not
1722:Generated_Source\PSoC4/CapSense_SensingCSD_LL.c **** *  recommended. This function is used to implement only the user's specific
1723:Generated_Source\PSoC4/CapSense_SensingCSD_LL.c **** *  use cases. Functions that perform a setup and scan of a sensor/widget,
ARM GAS  C:\Users\ADSTRU~1\AppData\Local\Temp\ccLLBSlA.s 			page 34


1724:Generated_Source\PSoC4/CapSense_SensingCSD_LL.c **** *  automatically set the required pin states and perform the sensor connection.
1725:Generated_Source\PSoC4/CapSense_SensingCSD_LL.c **** *  They do not take into account changes in the design made by the
1726:Generated_Source\PSoC4/CapSense_SensingCSD_LL.c **** *  CapSense_CSDConnectSns() function.
1727:Generated_Source\PSoC4/CapSense_SensingCSD_LL.c **** *
1728:Generated_Source\PSoC4/CapSense_SensingCSD_LL.c **** * \param  snsAddrPtr
1729:Generated_Source\PSoC4/CapSense_SensingCSD_LL.c **** *  Specifies the pointer to the FLASH_IO_STRUCT object belonging to a sensor
1730:Generated_Source\PSoC4/CapSense_SensingCSD_LL.c **** *  which to be connected to the sensing HW block.
1731:Generated_Source\PSoC4/CapSense_SensingCSD_LL.c **** *
1732:Generated_Source\PSoC4/CapSense_SensingCSD_LL.c **** *******************************************************************************/
1733:Generated_Source\PSoC4/CapSense_SensingCSD_LL.c **** void CapSense_CSDConnectSns(CapSense_FLASH_IO_STRUCT const *snsAddrPtr)
1734:Generated_Source\PSoC4/CapSense_SensingCSD_LL.c **** {
1735:Generated_Source\PSoC4/CapSense_SensingCSD_LL.c ****     uint32 newRegisterValue;
1736:Generated_Source\PSoC4/CapSense_SensingCSD_LL.c ****     uint8  interruptState;
1737:Generated_Source\PSoC4/CapSense_SensingCSD_LL.c ****     uint32 pinModeShift;
1738:Generated_Source\PSoC4/CapSense_SensingCSD_LL.c ****     uint32 pinHSIOMShift;
1739:Generated_Source\PSoC4/CapSense_SensingCSD_LL.c **** 
1740:Generated_Source\PSoC4/CapSense_SensingCSD_LL.c ****     /* Get offsets for sensor */
1741:Generated_Source\PSoC4/CapSense_SensingCSD_LL.c ****     pinModeShift = (uint32)snsAddrPtr->shift;
1742:Generated_Source\PSoC4/CapSense_SensingCSD_LL.c ****     pinHSIOMShift = (uint32)snsAddrPtr->hsiomShift;
1743:Generated_Source\PSoC4/CapSense_SensingCSD_LL.c **** 
1744:Generated_Source\PSoC4/CapSense_SensingCSD_LL.c ****     interruptState = CyEnterCriticalSection();
1745:Generated_Source\PSoC4/CapSense_SensingCSD_LL.c **** 
1746:Generated_Source\PSoC4/CapSense_SensingCSD_LL.c ****     /* Use temporary variable to update registers without multiple writings to them */
1747:Generated_Source\PSoC4/CapSense_SensingCSD_LL.c ****     newRegisterValue = CY_GET_REG32(snsAddrPtr->hsiomPtr);
1748:Generated_Source\PSoC4/CapSense_SensingCSD_LL.c ****     newRegisterValue &= ~(CapSense_HSIOM_SEL_MASK << pinHSIOMShift);
1749:Generated_Source\PSoC4/CapSense_SensingCSD_LL.c ****     newRegisterValue |= (uint32)((uint32)CapSense_HSIOM_SEL_CSD_SENSE << pinHSIOMShift);
1750:Generated_Source\PSoC4/CapSense_SensingCSD_LL.c **** 
1751:Generated_Source\PSoC4/CapSense_SensingCSD_LL.c ****     /* Update port configuration register (drive mode) for sensor */
1752:Generated_Source\PSoC4/CapSense_SensingCSD_LL.c ****     CY_SET_REG32(snsAddrPtr->pcPtr, CY_GET_REG32(snsAddrPtr->pcPtr) & (uint32)~((uint32)CapSense_GP
1753:Generated_Source\PSoC4/CapSense_SensingCSD_LL.c **** 
1754:Generated_Source\PSoC4/CapSense_SensingCSD_LL.c ****     /* Update HSIOM register for sensor */
1755:Generated_Source\PSoC4/CapSense_SensingCSD_LL.c ****     CY_SET_REG32(snsAddrPtr->hsiomPtr, newRegisterValue);
1756:Generated_Source\PSoC4/CapSense_SensingCSD_LL.c **** 
1757:Generated_Source\PSoC4/CapSense_SensingCSD_LL.c ****     CyExitCriticalSection(interruptState);
1758:Generated_Source\PSoC4/CapSense_SensingCSD_LL.c **** }
1759:Generated_Source\PSoC4/CapSense_SensingCSD_LL.c **** 
1760:Generated_Source\PSoC4/CapSense_SensingCSD_LL.c **** 
1761:Generated_Source\PSoC4/CapSense_SensingCSD_LL.c **** /*******************************************************************************
1762:Generated_Source\PSoC4/CapSense_SensingCSD_LL.c **** * Function Name: CapSense_CSDDisconnectSns
1763:Generated_Source\PSoC4/CapSense_SensingCSD_LL.c **** ****************************************************************************//**
1764:Generated_Source\PSoC4/CapSense_SensingCSD_LL.c **** *
1765:Generated_Source\PSoC4/CapSense_SensingCSD_LL.c **** * \brief
1766:Generated_Source\PSoC4/CapSense_SensingCSD_LL.c **** *  Disconnects a sensor port pin from the sensing HW block and the AMUX bus. Sets
1767:Generated_Source\PSoC4/CapSense_SensingCSD_LL.c **** *  the default state of the un-scanned sensor.
1768:Generated_Source\PSoC4/CapSense_SensingCSD_LL.c **** *
1769:Generated_Source\PSoC4/CapSense_SensingCSD_LL.c **** * \details
1770:Generated_Source\PSoC4/CapSense_SensingCSD_LL.c **** *  This function works identically to CapSense_CSDConnectSns() except
1771:Generated_Source\PSoC4/CapSense_SensingCSD_LL.c **** *  it disconnects the specified port-pin used by the sensor.
1772:Generated_Source\PSoC4/CapSense_SensingCSD_LL.c **** *
1773:Generated_Source\PSoC4/CapSense_SensingCSD_LL.c **** *  Calling this function directly from the application layer is not
1774:Generated_Source\PSoC4/CapSense_SensingCSD_LL.c **** *  recommended. This function is used to implement only the user's specific
1775:Generated_Source\PSoC4/CapSense_SensingCSD_LL.c **** *  use cases. Functions that perform a setup and scan of sensor/widget
1776:Generated_Source\PSoC4/CapSense_SensingCSD_LL.c **** *  automatically set the required pin states and perform the sensor connection.
1777:Generated_Source\PSoC4/CapSense_SensingCSD_LL.c **** *  They ignore changes in the design made by the
1778:Generated_Source\PSoC4/CapSense_SensingCSD_LL.c **** *  CapSense_CSDDisconnectSns() function.
1779:Generated_Source\PSoC4/CapSense_SensingCSD_LL.c **** *
1780:Generated_Source\PSoC4/CapSense_SensingCSD_LL.c **** * \param  snsAddrPtr
ARM GAS  C:\Users\ADSTRU~1\AppData\Local\Temp\ccLLBSlA.s 			page 35


1781:Generated_Source\PSoC4/CapSense_SensingCSD_LL.c **** *  Specifies the pointer to the FLASH_IO_STRUCT object belonging to a sensor
1782:Generated_Source\PSoC4/CapSense_SensingCSD_LL.c **** *  which should be disconnected from the sensing HW block.
1783:Generated_Source\PSoC4/CapSense_SensingCSD_LL.c **** *
1784:Generated_Source\PSoC4/CapSense_SensingCSD_LL.c **** *******************************************************************************/
1785:Generated_Source\PSoC4/CapSense_SensingCSD_LL.c **** void CapSense_CSDDisconnectSns(CapSense_FLASH_IO_STRUCT const *snsAddrPtr)
1786:Generated_Source\PSoC4/CapSense_SensingCSD_LL.c **** {
1787:Generated_Source\PSoC4/CapSense_SensingCSD_LL.c ****     uint8  interruptState;
1788:Generated_Source\PSoC4/CapSense_SensingCSD_LL.c ****     uint32 pinHSIOMShift;
1789:Generated_Source\PSoC4/CapSense_SensingCSD_LL.c ****     uint32 pinModeShift;
1790:Generated_Source\PSoC4/CapSense_SensingCSD_LL.c ****     uint32 newPcRegValue;
1791:Generated_Source\PSoC4/CapSense_SensingCSD_LL.c ****     uint32 newHsiomRegValue;
1792:Generated_Source\PSoC4/CapSense_SensingCSD_LL.c **** 
1793:Generated_Source\PSoC4/CapSense_SensingCSD_LL.c ****     pinHSIOMShift = (uint32)snsAddrPtr->hsiomShift;
1794:Generated_Source\PSoC4/CapSense_SensingCSD_LL.c ****     pinModeShift = (uint32)snsAddrPtr->shift;
1795:Generated_Source\PSoC4/CapSense_SensingCSD_LL.c **** 
1796:Generated_Source\PSoC4/CapSense_SensingCSD_LL.c ****     interruptState = CyEnterCriticalSection();
1797:Generated_Source\PSoC4/CapSense_SensingCSD_LL.c **** 
1798:Generated_Source\PSoC4/CapSense_SensingCSD_LL.c ****     newPcRegValue  = CY_GET_REG32(snsAddrPtr->pcPtr);
1799:Generated_Source\PSoC4/CapSense_SensingCSD_LL.c ****     newPcRegValue &= ~(CapSense_GPIO_PC_MASK << pinModeShift);
1800:Generated_Source\PSoC4/CapSense_SensingCSD_LL.c **** 
1801:Generated_Source\PSoC4/CapSense_SensingCSD_LL.c ****     newHsiomRegValue  = CY_GET_REG32(snsAddrPtr->hsiomPtr);
1802:Generated_Source\PSoC4/CapSense_SensingCSD_LL.c ****     newHsiomRegValue &= ~(CapSense_HSIOM_SEL_MASK << pinHSIOMShift);
1803:Generated_Source\PSoC4/CapSense_SensingCSD_LL.c ****     CY_SET_REG32(snsAddrPtr->hsiomPtr, newHsiomRegValue);
1804:Generated_Source\PSoC4/CapSense_SensingCSD_LL.c **** 
1805:Generated_Source\PSoC4/CapSense_SensingCSD_LL.c ****     if(CapSense_SNS_CONNECTION_GROUND == CapSense_dsRam.scanCurrentISC)
1806:Generated_Source\PSoC4/CapSense_SensingCSD_LL.c ****     {
1807:Generated_Source\PSoC4/CapSense_SensingCSD_LL.c ****         newPcRegValue |= (CY_SYS_PINS_DM_STRONG << pinModeShift);
1808:Generated_Source\PSoC4/CapSense_SensingCSD_LL.c ****         CY_SET_REG32(snsAddrPtr->pcPtr, newPcRegValue);
1809:Generated_Source\PSoC4/CapSense_SensingCSD_LL.c ****     }
1810:Generated_Source\PSoC4/CapSense_SensingCSD_LL.c ****     else
1811:Generated_Source\PSoC4/CapSense_SensingCSD_LL.c ****     {
1812:Generated_Source\PSoC4/CapSense_SensingCSD_LL.c ****         newPcRegValue |= (CY_SYS_PINS_DM_ALG_HIZ << pinModeShift);
1813:Generated_Source\PSoC4/CapSense_SensingCSD_LL.c ****         if(CapSense_SNS_CONNECTION_SHIELD == CapSense_dsRam.scanCurrentISC)
1814:Generated_Source\PSoC4/CapSense_SensingCSD_LL.c ****         {
1815:Generated_Source\PSoC4/CapSense_SensingCSD_LL.c ****             /* Connect to Shield */
1816:Generated_Source\PSoC4/CapSense_SensingCSD_LL.c ****             newHsiomRegValue |= (CapSense_HSIOM_SEL_CSD_SHIELD << pinHSIOMShift);
1817:Generated_Source\PSoC4/CapSense_SensingCSD_LL.c ****             CY_SET_REG32(snsAddrPtr->pcPtr, newPcRegValue);
1818:Generated_Source\PSoC4/CapSense_SensingCSD_LL.c ****             CY_SET_REG32(snsAddrPtr->hsiomPtr, newHsiomRegValue);
1819:Generated_Source\PSoC4/CapSense_SensingCSD_LL.c ****         }
1820:Generated_Source\PSoC4/CapSense_SensingCSD_LL.c ****     }
1821:Generated_Source\PSoC4/CapSense_SensingCSD_LL.c ****     /* Set logic 0 to port data register */
1822:Generated_Source\PSoC4/CapSense_SensingCSD_LL.c ****     CY_SET_REG32(snsAddrPtr->drPtr, CY_GET_REG32(snsAddrPtr->drPtr) & (uint32)~(uint32)((uint32)1u 
1823:Generated_Source\PSoC4/CapSense_SensingCSD_LL.c **** 
1824:Generated_Source\PSoC4/CapSense_SensingCSD_LL.c ****     CyExitCriticalSection(interruptState);
1825:Generated_Source\PSoC4/CapSense_SensingCSD_LL.c **** }
1826:Generated_Source\PSoC4/CapSense_SensingCSD_LL.c **** 
1827:Generated_Source\PSoC4/CapSense_SensingCSD_LL.c **** #if ((CapSense_CSD_SS_DIS != CapSense_CSD_AUTOTUNE) || \
1828:Generated_Source\PSoC4/CapSense_SensingCSD_LL.c ****      (CapSense_ENABLE == CapSense_CSD_IDAC_AUTOCAL_EN))
1829:Generated_Source\PSoC4/CapSense_SensingCSD_LL.c ****     /*******************************************************************************
1830:Generated_Source\PSoC4/CapSense_SensingCSD_LL.c ****     * Function Name: CapSense_SsCSDCalibrateCheck
1831:Generated_Source\PSoC4/CapSense_SensingCSD_LL.c ****     ****************************************************************************//**
1832:Generated_Source\PSoC4/CapSense_SensingCSD_LL.c ****     *
1833:Generated_Source\PSoC4/CapSense_SensingCSD_LL.c ****     * \brief
1834:Generated_Source\PSoC4/CapSense_SensingCSD_LL.c ****     *  This internal function checks if the calibration is performed successfully.
1835:Generated_Source\PSoC4/CapSense_SensingCSD_LL.c ****     *
1836:Generated_Source\PSoC4/CapSense_SensingCSD_LL.c ****     * \details
1837:Generated_Source\PSoC4/CapSense_SensingCSD_LL.c ****     *  The function verifies that raw counts are within acceptable range
ARM GAS  C:\Users\ADSTRU~1\AppData\Local\Temp\ccLLBSlA.s 			page 36


1838:Generated_Source\PSoC4/CapSense_SensingCSD_LL.c ****     *  defined by target and calibration error parameters.
1839:Generated_Source\PSoC4/CapSense_SensingCSD_LL.c ****     *
1840:Generated_Source\PSoC4/CapSense_SensingCSD_LL.c ****     * \param widgetId
1841:Generated_Source\PSoC4/CapSense_SensingCSD_LL.c ****     *  The desired widget ID.
1842:Generated_Source\PSoC4/CapSense_SensingCSD_LL.c ****     *
1843:Generated_Source\PSoC4/CapSense_SensingCSD_LL.c ****     * \param target
1844:Generated_Source\PSoC4/CapSense_SensingCSD_LL.c ****     *  Raw count target in percentage.
1845:Generated_Source\PSoC4/CapSense_SensingCSD_LL.c ****     *
1846:Generated_Source\PSoC4/CapSense_SensingCSD_LL.c ****     * \return Returns the status of the operation:
1847:Generated_Source\PSoC4/CapSense_SensingCSD_LL.c ****     *   - Zero     - All the sensors in the widget are calibrated successfully.
1848:Generated_Source\PSoC4/CapSense_SensingCSD_LL.c ****     *   - Non-Zero - Calibration failed for any sensor in the widget.
1849:Generated_Source\PSoC4/CapSense_SensingCSD_LL.c ****     *
1850:Generated_Source\PSoC4/CapSense_SensingCSD_LL.c ****     *******************************************************************************/
1851:Generated_Source\PSoC4/CapSense_SensingCSD_LL.c ****     static cystatus CapSense_SsCSDCalibrateCheck(uint32 widgetId, uint32 target)
1852:Generated_Source\PSoC4/CapSense_SensingCSD_LL.c ****     {
 159              		.loc 1 1852 0
 160              		.cfi_startproc
 161              		@ args = 0, pretend = 0, frame = 8
 162              		@ frame_needed = 0, uses_anonymous_args = 0
 163              	.LVL4:
 164 0000 F0B5     		push	{r4, r5, r6, r7, lr}
 165              		.cfi_def_cfa_offset 20
 166              		.cfi_offset 4, -20
 167              		.cfi_offset 5, -16
 168              		.cfi_offset 6, -12
 169              		.cfi_offset 7, -8
 170              		.cfi_offset 14, -4
 171 0002 4746     		mov	r7, r8
 172 0004 80B4     		push	{r7}
 173              		.cfi_def_cfa_offset 24
 174              		.cfi_offset 8, -24
 175 0006 82B0     		sub	sp, sp, #8
 176              		.cfi_def_cfa_offset 32
 177 0008 0500     		movs	r5, r0
 178              	.LVL5:
1853:Generated_Source\PSoC4/CapSense_SensingCSD_LL.c ****         cystatus calibrateStatus = CYRET_SUCCESS;
1854:Generated_Source\PSoC4/CapSense_SensingCSD_LL.c ****         uint32 rawcount;
1855:Generated_Source\PSoC4/CapSense_SensingCSD_LL.c ****         uint32 snsIndex;
1856:Generated_Source\PSoC4/CapSense_SensingCSD_LL.c ****         uint32 freqChannel;
1857:Generated_Source\PSoC4/CapSense_SensingCSD_LL.c ****         uint32 upperLimit;
1858:Generated_Source\PSoC4/CapSense_SensingCSD_LL.c ****         uint32 lowerLimit;
1859:Generated_Source\PSoC4/CapSense_SensingCSD_LL.c **** 
1860:Generated_Source\PSoC4/CapSense_SensingCSD_LL.c ****         CapSense_FLASH_WD_STRUCT const *ptrFlashWidget = &CapSense_dsFlash.wdgtArray[widgetId];
1861:Generated_Source\PSoC4/CapSense_SensingCSD_LL.c ****         CapSense_RAM_WD_BASE_STRUCT *ptrRamWidget = (CapSense_RAM_WD_BASE_STRUCT *)ptrFlashWidget->
 179              		.loc 1 1861 0
 180 000a 2C23     		movs	r3, #44
 181 000c 4343     		muls	r3, r0
 182 000e 224A     		ldr	r2, .L25
 183 0010 D318     		adds	r3, r2, r3
 184              	.LVL6:
 185 0012 5A68     		ldr	r2, [r3, #4]
 186              	.LVL7:
1862:Generated_Source\PSoC4/CapSense_SensingCSD_LL.c ****         CapSense_RAM_SNS_STRUCT *ptrRamSensor = ptrFlashWidget->ptr2SnsRam;
 187              		.loc 1 1862 0
 188 0014 9C68     		ldr	r4, [r3, #8]
 189              	.LVL8:
1863:Generated_Source\PSoC4/CapSense_SensingCSD_LL.c **** 
ARM GAS  C:\Users\ADSTRU~1\AppData\Local\Temp\ccLLBSlA.s 			page 37


1864:Generated_Source\PSoC4/CapSense_SensingCSD_LL.c ****         /* Calculate acceptable raw count range based on the resolution, target and error */
1865:Generated_Source\PSoC4/CapSense_SensingCSD_LL.c ****         rawcount = (0x00000001Lu << ptrRamWidget->resolution) - 1u;
 190              		.loc 1 1865 0
 191 0016 1388     		ldrh	r3, [r2]
 192              	.LVL9:
 193 0018 0127     		movs	r7, #1
 194 001a 9F40     		lsls	r7, r7, r3
 195 001c 013F     		subs	r7, r7, #1
 196              	.LVL10:
1866:Generated_Source\PSoC4/CapSense_SensingCSD_LL.c ****         lowerLimit = 0u;
1867:Generated_Source\PSoC4/CapSense_SensingCSD_LL.c ****         if (target > CapSense_CSD_CALIBRATION_ERROR)
 197              		.loc 1 1867 0
 198 001e 0A29     		cmp	r1, #10
 199 0020 02D9     		bls	.L20
1868:Generated_Source\PSoC4/CapSense_SensingCSD_LL.c ****         {
1869:Generated_Source\PSoC4/CapSense_SensingCSD_LL.c ****             lowerLimit = target - CapSense_CSD_CALIBRATION_ERROR;
 200              		.loc 1 1869 0
 201 0022 0800     		movs	r0, r1
 202              	.LVL11:
 203 0024 0A38     		subs	r0, r0, #10
 204              	.LVL12:
 205 0026 00E0     		b	.L14
 206              	.LVL13:
 207              	.L20:
1866:Generated_Source\PSoC4/CapSense_SensingCSD_LL.c ****         lowerLimit = 0u;
 208              		.loc 1 1866 0
 209 0028 0020     		movs	r0, #0
 210              	.LVL14:
 211              	.L14:
1870:Generated_Source\PSoC4/CapSense_SensingCSD_LL.c ****         }
1871:Generated_Source\PSoC4/CapSense_SensingCSD_LL.c ****         upperLimit = target + CapSense_CSD_CALIBRATION_ERROR;
 212              		.loc 1 1871 0
 213 002a 0A23     		movs	r3, #10
 214 002c 9846     		mov	r8, r3
 215 002e 8844     		add	r8, r8, r1
 216              	.LVL15:
1872:Generated_Source\PSoC4/CapSense_SensingCSD_LL.c ****         if (upperLimit > CapSense_PERCENTAGE_100)
 217              		.loc 1 1872 0
 218 0030 4346     		mov	r3, r8
 219 0032 642B     		cmp	r3, #100
 220 0034 01D9     		bls	.L15
1873:Generated_Source\PSoC4/CapSense_SensingCSD_LL.c ****         {
1874:Generated_Source\PSoC4/CapSense_SensingCSD_LL.c ****             upperLimit = CapSense_PERCENTAGE_100;
 221              		.loc 1 1874 0
 222 0036 6423     		movs	r3, #100
 223 0038 9846     		mov	r8, r3
 224              	.LVL16:
 225              	.L15:
1875:Generated_Source\PSoC4/CapSense_SensingCSD_LL.c ****         }
1876:Generated_Source\PSoC4/CapSense_SensingCSD_LL.c ****         lowerLimit = (rawcount * lowerLimit) / CapSense_PERCENTAGE_100;
 226              		.loc 1 1876 0
 227 003a 7843     		muls	r0, r7
 228              	.LVL17:
 229 003c 6421     		movs	r1, #100
 230              	.LVL18:
 231 003e FFF7FEFF 		bl	__aeabi_uidiv
 232              	.LVL19:
ARM GAS  C:\Users\ADSTRU~1\AppData\Local\Temp\ccLLBSlA.s 			page 38


 233 0042 0600     		movs	r6, r0
 234              	.LVL20:
1877:Generated_Source\PSoC4/CapSense_SensingCSD_LL.c ****         upperLimit = (rawcount * upperLimit) / CapSense_PERCENTAGE_100;
 235              		.loc 1 1877 0
 236 0044 4046     		mov	r0, r8
 237              	.LVL21:
 238 0046 7843     		muls	r0, r7
 239 0048 6421     		movs	r1, #100
 240 004a FFF7FEFF 		bl	__aeabi_uidiv
 241              	.LVL22:
 242 004e 0200     		movs	r2, r0
 243              	.LVL23:
1878:Generated_Source\PSoC4/CapSense_SensingCSD_LL.c **** 
1879:Generated_Source\PSoC4/CapSense_SensingCSD_LL.c ****         /* Check if raw count is in the defined range */
1880:Generated_Source\PSoC4/CapSense_SensingCSD_LL.c ****         for(snsIndex = 0u; snsIndex < ptrFlashWidget->totalNumSns; snsIndex++)
 244              		.loc 1 1880 0
 245 0050 0027     		movs	r7, #0
 246              	.LVL24:
1853:Generated_Source\PSoC4/CapSense_SensingCSD_LL.c ****         uint32 rawcount;
 247              		.loc 1 1853 0
 248 0052 0023     		movs	r3, #0
 249 0054 0193     		str	r3, [sp, #4]
 250              		.loc 1 1880 0
 251 0056 13E0     		b	.L16
 252              	.LVL25:
 253              	.L18:
1881:Generated_Source\PSoC4/CapSense_SensingCSD_LL.c ****         {
1882:Generated_Source\PSoC4/CapSense_SensingCSD_LL.c ****             for(freqChannel = CapSense_NUM_SCAN_FREQS; freqChannel-- > 0u;)
1883:Generated_Source\PSoC4/CapSense_SensingCSD_LL.c ****             {
1884:Generated_Source\PSoC4/CapSense_SensingCSD_LL.c ****                 rawcount = ptrRamSensor->raw[freqChannel];
 254              		.loc 1 1884 0
 255 0058 4B00     		lsls	r3, r1, #1
 256 005a 185B     		ldrh	r0, [r3, r4]
 257              	.LVL26:
1885:Generated_Source\PSoC4/CapSense_SensingCSD_LL.c ****                 if ((rawcount < lowerLimit) || (rawcount > upperLimit))
 258              		.loc 1 1885 0
 259 005c 8642     		cmp	r6, r0
 260 005e 08D8     		bhi	.L22
1882:Generated_Source\PSoC4/CapSense_SensingCSD_LL.c ****             {
 261              		.loc 1 1882 0 discriminator 1
 262 0060 0B00     		movs	r3, r1
 263              		.loc 1 1885 0 discriminator 1
 264 0062 8242     		cmp	r2, r0
 265 0064 01D2     		bcs	.L19
 266 0066 07E0     		b	.L23
 267              	.LVL27:
 268              	.L24:
 269 0068 0123     		movs	r3, #1
 270              	.L19:
 271              	.LVL28:
1882:Generated_Source\PSoC4/CapSense_SensingCSD_LL.c ****             {
 272              		.loc 1 1882 0 discriminator 1
 273 006a 591E     		subs	r1, r3, #1
 274              	.LVL29:
 275 006c 002B     		cmp	r3, #0
 276 006e F3D1     		bne	.L18
 277 0070 04E0     		b	.L17
ARM GAS  C:\Users\ADSTRU~1\AppData\Local\Temp\ccLLBSlA.s 			page 39


 278              	.LVL30:
 279              	.L22:
1886:Generated_Source\PSoC4/CapSense_SensingCSD_LL.c ****                 {
1887:Generated_Source\PSoC4/CapSense_SensingCSD_LL.c ****                     calibrateStatus = CYRET_BAD_DATA;
 280              		.loc 1 1887 0
 281 0072 0623     		movs	r3, #6
 282 0074 0193     		str	r3, [sp, #4]
 283              	.LVL31:
 284 0076 01E0     		b	.L17
 285              	.LVL32:
 286              	.L23:
 287 0078 0623     		movs	r3, #6
 288 007a 0193     		str	r3, [sp, #4]
 289              	.LVL33:
 290              	.L17:
1888:Generated_Source\PSoC4/CapSense_SensingCSD_LL.c ****                     break;
1889:Generated_Source\PSoC4/CapSense_SensingCSD_LL.c ****                 }
1890:Generated_Source\PSoC4/CapSense_SensingCSD_LL.c ****             }
1891:Generated_Source\PSoC4/CapSense_SensingCSD_LL.c ****             ptrRamSensor++;
 291              		.loc 1 1891 0 discriminator 2
 292 007c 0A34     		adds	r4, r4, #10
 293              	.LVL34:
1880:Generated_Source\PSoC4/CapSense_SensingCSD_LL.c ****         {
 294              		.loc 1 1880 0 discriminator 2
 295 007e 0137     		adds	r7, r7, #1
 296              	.LVL35:
 297              	.L16:
1880:Generated_Source\PSoC4/CapSense_SensingCSD_LL.c ****         {
 298              		.loc 1 1880 0 is_stmt 0 discriminator 1
 299 0080 2C23     		movs	r3, #44
 300 0082 6B43     		muls	r3, r5
 301 0084 0449     		ldr	r1, .L25
 302 0086 CB18     		adds	r3, r1, r3
 303 0088 1B8B     		ldrh	r3, [r3, #24]
 304 008a 9F42     		cmp	r7, r3
 305 008c ECD3     		bcc	.L24
1892:Generated_Source\PSoC4/CapSense_SensingCSD_LL.c ****         }
1893:Generated_Source\PSoC4/CapSense_SensingCSD_LL.c ****         return (calibrateStatus);
1894:Generated_Source\PSoC4/CapSense_SensingCSD_LL.c ****     }
 306              		.loc 1 1894 0 is_stmt 1
 307 008e 0198     		ldr	r0, [sp, #4]
 308 0090 02B0     		add	sp, sp, #8
 309              		@ sp needed
 310              	.LVL36:
 311              	.LVL37:
 312              	.LVL38:
 313              	.LVL39:
 314 0092 04BC     		pop	{r2}
 315 0094 9046     		mov	r8, r2
 316 0096 F0BD     		pop	{r4, r5, r6, r7, pc}
 317              	.L26:
 318              		.align	2
 319              	.L25:
 320 0098 00000000 		.word	CapSense_dsFlash
 321              		.cfi_endproc
 322              	.LFE19:
 323              		.size	CapSense_SsCSDCalibrateCheck, .-CapSense_SsCSDCalibrateCheck
ARM GAS  C:\Users\ADSTRU~1\AppData\Local\Temp\ccLLBSlA.s 			page 40


 324              		.section	.text.CapSense_SsCSDSwitchIdacGain,"ax",%progbits
 325              		.align	2
 326              		.code	16
 327              		.thumb_func
 328              		.type	CapSense_SsCSDSwitchIdacGain, %function
 329              	CapSense_SsCSDSwitchIdacGain:
 330              	.LFB20:
1895:Generated_Source\PSoC4/CapSense_SensingCSD_LL.c **** 
1896:Generated_Source\PSoC4/CapSense_SensingCSD_LL.c **** 
1897:Generated_Source\PSoC4/CapSense_SensingCSD_LL.c ****     #if (CapSense_ENABLE == CapSense_CSD_IDAC_AUTO_GAIN_EN)
1898:Generated_Source\PSoC4/CapSense_SensingCSD_LL.c ****         /*******************************************************************************
1899:Generated_Source\PSoC4/CapSense_SensingCSD_LL.c ****         * Function Name: CapSense_SsCSDSwitchIdacGain
1900:Generated_Source\PSoC4/CapSense_SensingCSD_LL.c ****         ****************************************************************************//**
1901:Generated_Source\PSoC4/CapSense_SensingCSD_LL.c ****         *
1902:Generated_Source\PSoC4/CapSense_SensingCSD_LL.c ****         * \brief
1903:Generated_Source\PSoC4/CapSense_SensingCSD_LL.c ****         *  This internal function switches to the lower IDAC gain is possible.
1904:Generated_Source\PSoC4/CapSense_SensingCSD_LL.c ****         *
1905:Generated_Source\PSoC4/CapSense_SensingCSD_LL.c ****         * \details
1906:Generated_Source\PSoC4/CapSense_SensingCSD_LL.c ****         *  This internal function switches to the lower IDAC gain is possible.
1907:Generated_Source\PSoC4/CapSense_SensingCSD_LL.c ****         *  Conditions of switching to the lower IDAC gains:
1908:Generated_Source\PSoC4/CapSense_SensingCSD_LL.c ****         *  1. The current IDAC gain is not the lowest one.
1909:Generated_Source\PSoC4/CapSense_SensingCSD_LL.c ****         *  2. The maximum IDAC at gain switching will not be out of range.
1910:Generated_Source\PSoC4/CapSense_SensingCSD_LL.c ****         *  3. The minimum IDAC is still below the acceptable range.
1911:Generated_Source\PSoC4/CapSense_SensingCSD_LL.c ****         *
1912:Generated_Source\PSoC4/CapSense_SensingCSD_LL.c ****         * \param ptrFlashWidget
1913:Generated_Source\PSoC4/CapSense_SensingCSD_LL.c ****         *  Specifies the pointer to a widget.
1914:Generated_Source\PSoC4/CapSense_SensingCSD_LL.c ****         *
1915:Generated_Source\PSoC4/CapSense_SensingCSD_LL.c ****         * \return Returns the status of the operation:
1916:Generated_Source\PSoC4/CapSense_SensingCSD_LL.c ****         *   - Zero     - Gain switching is not needed.
1917:Generated_Source\PSoC4/CapSense_SensingCSD_LL.c ****         *   - Non-Zero - Gain was switched to the lower one.
1918:Generated_Source\PSoC4/CapSense_SensingCSD_LL.c ****         *
1919:Generated_Source\PSoC4/CapSense_SensingCSD_LL.c ****         *******************************************************************************/
1920:Generated_Source\PSoC4/CapSense_SensingCSD_LL.c ****         static uint32 CapSense_SsCSDSwitchIdacGain(CapSense_FLASH_WD_STRUCT const *ptrFlashWidget)
1921:Generated_Source\PSoC4/CapSense_SensingCSD_LL.c ****         {
 331              		.loc 1 1921 0
 332              		.cfi_startproc
 333              		@ args = 0, pretend = 0, frame = 0
 334              		@ frame_needed = 0, uses_anonymous_args = 0
 335              	.LVL40:
 336 0000 F8B5     		push	{r3, r4, r5, r6, r7, lr}
 337              		.cfi_def_cfa_offset 24
 338              		.cfi_offset 3, -24
 339              		.cfi_offset 4, -20
 340              		.cfi_offset 5, -16
 341              		.cfi_offset 6, -12
 342              		.cfi_offset 7, -8
 343              		.cfi_offset 14, -4
 344 0002 4F46     		mov	r7, r9
 345 0004 4646     		mov	r6, r8
 346 0006 C0B4     		push	{r6, r7}
 347              		.cfi_def_cfa_offset 32
 348              		.cfi_offset 8, -32
 349              		.cfi_offset 9, -28
 350 0008 0700     		movs	r7, r0
 351              	.LVL41:
1922:Generated_Source\PSoC4/CapSense_SensingCSD_LL.c ****             uint32 ratio;
1923:Generated_Source\PSoC4/CapSense_SensingCSD_LL.c ****             uint32 maxIdac;
ARM GAS  C:\Users\ADSTRU~1\AppData\Local\Temp\ccLLBSlA.s 			page 41


1924:Generated_Source\PSoC4/CapSense_SensingCSD_LL.c ****             uint32 minIdac;
1925:Generated_Source\PSoC4/CapSense_SensingCSD_LL.c ****             uint32 status = 0u;
1926:Generated_Source\PSoC4/CapSense_SensingCSD_LL.c ****             uint32 freqChannel;
1927:Generated_Source\PSoC4/CapSense_SensingCSD_LL.c ****             uint32 gainIndex;
1928:Generated_Source\PSoC4/CapSense_SensingCSD_LL.c **** 
1929:Generated_Source\PSoC4/CapSense_SensingCSD_LL.c ****             CapSense_RAM_WD_BASE_STRUCT *ptrRamWidget = (CapSense_RAM_WD_BASE_STRUCT *)ptrFlashWidg
 352              		.loc 1 1929 0
 353 000a 4668     		ldr	r6, [r0, #4]
 354              	.LVL42:
1930:Generated_Source\PSoC4/CapSense_SensingCSD_LL.c ****             #if (CapSense_ENABLE == CapSense_CSD_IDAC_COMP_EN)
1931:Generated_Source\PSoC4/CapSense_SensingCSD_LL.c ****                 uint32 snsIndex;
1932:Generated_Source\PSoC4/CapSense_SensingCSD_LL.c ****                 CapSense_RAM_SNS_STRUCT *ptrRamSensor = ptrFlashWidget->ptr2SnsRam;
 355              		.loc 1 1932 0
 356 000c 8468     		ldr	r4, [r0, #8]
 357              	.LVL43:
1933:Generated_Source\PSoC4/CapSense_SensingCSD_LL.c ****             #endif
1934:Generated_Source\PSoC4/CapSense_SensingCSD_LL.c **** 
1935:Generated_Source\PSoC4/CapSense_SensingCSD_LL.c ****             gainIndex = ptrRamWidget->idacGainIndex;
 358              		.loc 1 1935 0
 359 000e B57A     		ldrb	r5, [r6, #10]
 360 0010 A846     		mov	r8, r5
 361              	.LVL44:
1936:Generated_Source\PSoC4/CapSense_SensingCSD_LL.c **** 
1937:Generated_Source\PSoC4/CapSense_SensingCSD_LL.c ****             /* Find maximum and minimum IDACs */
1938:Generated_Source\PSoC4/CapSense_SensingCSD_LL.c ****             maxIdac = 0u;
1939:Generated_Source\PSoC4/CapSense_SensingCSD_LL.c ****             minIdac = CapSense_CSD_CAL_IDAC_MAX_VALUE;
1940:Generated_Source\PSoC4/CapSense_SensingCSD_LL.c ****             for(freqChannel = CapSense_NUM_SCAN_FREQS; freqChannel-- > 0u;)
 362              		.loc 1 1940 0
 363 0012 0123     		movs	r3, #1
1939:Generated_Source\PSoC4/CapSense_SensingCSD_LL.c ****             for(freqChannel = CapSense_NUM_SCAN_FREQS; freqChannel-- > 0u;)
 364              		.loc 1 1939 0
 365 0014 7F20     		movs	r0, #127
 366              	.LVL45:
1938:Generated_Source\PSoC4/CapSense_SensingCSD_LL.c ****             minIdac = CapSense_CSD_CAL_IDAC_MAX_VALUE;
 367              		.loc 1 1938 0
 368 0016 0022     		movs	r2, #0
 369 0018 9146     		mov	r9, r2
 370              		.loc 1 1940 0
 371 001a 08E0     		b	.L28
 372              	.LVL46:
 373              	.L31:
1941:Generated_Source\PSoC4/CapSense_SensingCSD_LL.c ****             {
1942:Generated_Source\PSoC4/CapSense_SensingCSD_LL.c ****                 if (maxIdac < ptrRamWidget->idacMod[freqChannel])
 374              		.loc 1 1942 0
 375 001c B318     		adds	r3, r6, r2
 376 001e 5B7A     		ldrb	r3, [r3, #9]
 377 0020 9945     		cmp	r9, r3
 378 0022 00D2     		bcs	.L29
1943:Generated_Source\PSoC4/CapSense_SensingCSD_LL.c ****                 {
1944:Generated_Source\PSoC4/CapSense_SensingCSD_LL.c ****                     maxIdac = ptrRamWidget->idacMod[freqChannel];
 379              		.loc 1 1944 0
 380 0024 9946     		mov	r9, r3
 381              	.LVL47:
 382              	.L29:
1945:Generated_Source\PSoC4/CapSense_SensingCSD_LL.c ****                 }
1946:Generated_Source\PSoC4/CapSense_SensingCSD_LL.c ****                 if (minIdac > ptrRamWidget->idacMod[freqChannel])
 383              		.loc 1 1946 0
ARM GAS  C:\Users\ADSTRU~1\AppData\Local\Temp\ccLLBSlA.s 			page 42


 384 0026 9842     		cmp	r0, r3
 385 0028 00D9     		bls	.L30
1947:Generated_Source\PSoC4/CapSense_SensingCSD_LL.c ****                 {
1948:Generated_Source\PSoC4/CapSense_SensingCSD_LL.c ****                     minIdac = ptrRamWidget->idacMod[freqChannel];
 386              		.loc 1 1948 0
 387 002a 1800     		movs	r0, r3
 388              	.LVL48:
 389              	.L30:
 390 002c 1300     		movs	r3, r2
 391              	.LVL49:
 392              	.L28:
1940:Generated_Source\PSoC4/CapSense_SensingCSD_LL.c ****             {
 393              		.loc 1 1940 0 discriminator 1
 394 002e 5A1E     		subs	r2, r3, #1
 395              	.LVL50:
 396 0030 002B     		cmp	r3, #0
 397 0032 F3D1     		bne	.L31
 398 0034 0021     		movs	r1, #0
 399 0036 0CE0     		b	.L32
 400              	.LVL51:
 401              	.L34:
1949:Generated_Source\PSoC4/CapSense_SensingCSD_LL.c ****                 }
1950:Generated_Source\PSoC4/CapSense_SensingCSD_LL.c ****                 #if (CapSense_CSD_MATRIX_WIDGET_EN || CapSense_CSD_TOUCHPAD_WIDGET_EN)
1951:Generated_Source\PSoC4/CapSense_SensingCSD_LL.c ****                     if ((CapSense_WD_TOUCHPAD_E == CapSense_GET_WIDGET_TYPE(ptrFlashWidget)) ||
1952:Generated_Source\PSoC4/CapSense_SensingCSD_LL.c ****                         (CapSense_WD_MATRIX_BUTTON_E == CapSense_GET_WIDGET_TYPE(ptrFlashWidget)))
1953:Generated_Source\PSoC4/CapSense_SensingCSD_LL.c ****                     {
1954:Generated_Source\PSoC4/CapSense_SensingCSD_LL.c ****                         if (maxIdac < ptrRamWidget->rowIdacMod[freqChannel])
1955:Generated_Source\PSoC4/CapSense_SensingCSD_LL.c ****                         {
1956:Generated_Source\PSoC4/CapSense_SensingCSD_LL.c ****                             maxIdac = ptrRamWidget->rowIdacMod[freqChannel];
1957:Generated_Source\PSoC4/CapSense_SensingCSD_LL.c ****                         }
1958:Generated_Source\PSoC4/CapSense_SensingCSD_LL.c ****                         if (minIdac > ptrRamWidget->rowIdacMod[freqChannel])
1959:Generated_Source\PSoC4/CapSense_SensingCSD_LL.c ****                         {
1960:Generated_Source\PSoC4/CapSense_SensingCSD_LL.c ****                             minIdac = ptrRamWidget->rowIdacMod[freqChannel];
1961:Generated_Source\PSoC4/CapSense_SensingCSD_LL.c ****                         }
1962:Generated_Source\PSoC4/CapSense_SensingCSD_LL.c ****                     }
1963:Generated_Source\PSoC4/CapSense_SensingCSD_LL.c ****                 #endif
1964:Generated_Source\PSoC4/CapSense_SensingCSD_LL.c ****             }
1965:Generated_Source\PSoC4/CapSense_SensingCSD_LL.c ****             #if (CapSense_ENABLE == CapSense_CSD_IDAC_COMP_EN)
1966:Generated_Source\PSoC4/CapSense_SensingCSD_LL.c ****                 for(snsIndex = 0u; snsIndex < ptrFlashWidget->totalNumSns; snsIndex++)
1967:Generated_Source\PSoC4/CapSense_SensingCSD_LL.c ****                 {
1968:Generated_Source\PSoC4/CapSense_SensingCSD_LL.c ****                     for(freqChannel = CapSense_NUM_SCAN_FREQS; freqChannel-- > 0u;)
1969:Generated_Source\PSoC4/CapSense_SensingCSD_LL.c ****                     {
1970:Generated_Source\PSoC4/CapSense_SensingCSD_LL.c ****                         if (minIdac > ptrRamSensor->idacComp[freqChannel])
 402              		.loc 1 1970 0
 403 0038 A318     		adds	r3, r4, r2
 404 003a 5B7A     		ldrb	r3, [r3, #9]
 405 003c 9842     		cmp	r0, r3
 406 003e 00D9     		bls	.L33
1971:Generated_Source\PSoC4/CapSense_SensingCSD_LL.c ****                         {
1972:Generated_Source\PSoC4/CapSense_SensingCSD_LL.c ****                             minIdac = ptrRamSensor->idacComp[freqChannel];
 407              		.loc 1 1972 0
 408 0040 1800     		movs	r0, r3
 409              	.LVL52:
 410              	.L33:
 411 0042 1300     		movs	r3, r2
 412 0044 00E0     		b	.L35
 413              	.LVL53:
ARM GAS  C:\Users\ADSTRU~1\AppData\Local\Temp\ccLLBSlA.s 			page 43


 414              	.L40:
 415 0046 0123     		movs	r3, #1
 416              	.LVL54:
 417              	.L35:
1968:Generated_Source\PSoC4/CapSense_SensingCSD_LL.c ****                     {
 418              		.loc 1 1968 0 discriminator 1
 419 0048 5A1E     		subs	r2, r3, #1
 420              	.LVL55:
 421 004a 002B     		cmp	r3, #0
 422 004c F4D1     		bne	.L34
1973:Generated_Source\PSoC4/CapSense_SensingCSD_LL.c ****                         }
1974:Generated_Source\PSoC4/CapSense_SensingCSD_LL.c ****                     }
1975:Generated_Source\PSoC4/CapSense_SensingCSD_LL.c ****                     ptrRamSensor++;
 423              		.loc 1 1975 0 discriminator 2
 424 004e 0A34     		adds	r4, r4, #10
 425              	.LVL56:
1966:Generated_Source\PSoC4/CapSense_SensingCSD_LL.c ****                 {
 426              		.loc 1 1966 0 discriminator 2
 427 0050 0131     		adds	r1, r1, #1
 428              	.LVL57:
 429              	.L32:
1966:Generated_Source\PSoC4/CapSense_SensingCSD_LL.c ****                 {
 430              		.loc 1 1966 0 is_stmt 0 discriminator 1
 431 0052 3B8B     		ldrh	r3, [r7, #24]
 432 0054 9942     		cmp	r1, r3
 433 0056 F6D3     		bcc	.L40
1976:Generated_Source\PSoC4/CapSense_SensingCSD_LL.c ****                 }
1977:Generated_Source\PSoC4/CapSense_SensingCSD_LL.c ****             #endif
1978:Generated_Source\PSoC4/CapSense_SensingCSD_LL.c **** 
1979:Generated_Source\PSoC4/CapSense_SensingCSD_LL.c ****             /* Check gain switch conditions */
1980:Generated_Source\PSoC4/CapSense_SensingCSD_LL.c ****             if (gainIndex != 0u)
 434              		.loc 1 1980 0 is_stmt 1
 435 0058 4346     		mov	r3, r8
 436 005a 002B     		cmp	r3, #0
 437 005c 13D0     		beq	.L41
 438              	.LVL58:
1981:Generated_Source\PSoC4/CapSense_SensingCSD_LL.c ****             {
1982:Generated_Source\PSoC4/CapSense_SensingCSD_LL.c ****                 if (minIdac < CapSense_CSD_IDAC_MIN)
 439              		.loc 1 1982 0
 440 005e 1328     		cmp	r0, #19
 441 0060 13D8     		bhi	.L42
1983:Generated_Source\PSoC4/CapSense_SensingCSD_LL.c ****                 {
1984:Generated_Source\PSoC4/CapSense_SensingCSD_LL.c ****                     ratio = CapSense_idacGainTable[gainIndex].gainValue /
 442              		.loc 1 1984 0
 443 0062 0D49     		ldr	r1, .L44
 444              	.LVL59:
 445 0064 EA00     		lsls	r2, r5, #3
 446              	.LVL60:
 447 0066 8A18     		adds	r2, r1, r2
 448 0068 5068     		ldr	r0, [r2, #4]
 449              	.LVL61:
1985:Generated_Source\PSoC4/CapSense_SensingCSD_LL.c ****                             CapSense_idacGainTable[gainIndex - 1u].gainValue;
 450              		.loc 1 1985 0
 451 006a 6B1E     		subs	r3, r5, #1
 452              	.LVL62:
 453 006c DB00     		lsls	r3, r3, #3
 454 006e CB18     		adds	r3, r1, r3
ARM GAS  C:\Users\ADSTRU~1\AppData\Local\Temp\ccLLBSlA.s 			page 44


 455 0070 5968     		ldr	r1, [r3, #4]
1984:Generated_Source\PSoC4/CapSense_SensingCSD_LL.c ****                             CapSense_idacGainTable[gainIndex - 1u].gainValue;
 456              		.loc 1 1984 0
 457 0072 FFF7FEFF 		bl	__aeabi_uidiv
 458              	.LVL63:
1986:Generated_Source\PSoC4/CapSense_SensingCSD_LL.c ****                     if ((maxIdac * ratio) < CapSense_CSD_CAL_IDAC_MAX_VALUE)
 459              		.loc 1 1986 0
 460 0076 4F46     		mov	r7, r9
 461              	.LVL64:
 462 0078 4743     		muls	r7, r0
 463 007a 7E2F     		cmp	r7, #126
 464 007c 07D8     		bhi	.L43
1987:Generated_Source\PSoC4/CapSense_SensingCSD_LL.c ****                     {
1988:Generated_Source\PSoC4/CapSense_SensingCSD_LL.c ****                         /* Switch to lower idac gain */
1989:Generated_Source\PSoC4/CapSense_SensingCSD_LL.c ****                         ptrRamWidget->idacGainIndex--;
 465              		.loc 1 1989 0
 466 007e 013D     		subs	r5, r5, #1
 467              	.LVL65:
 468 0080 B572     		strb	r5, [r6, #10]
 469              	.LVL66:
1990:Generated_Source\PSoC4/CapSense_SensingCSD_LL.c ****                         status = 1u;
 470              		.loc 1 1990 0
 471 0082 0120     		movs	r0, #1
 472              	.LVL67:
 473 0084 04E0     		b	.L36
 474              	.LVL68:
 475              	.L41:
1925:Generated_Source\PSoC4/CapSense_SensingCSD_LL.c ****             uint32 freqChannel;
 476              		.loc 1 1925 0
 477 0086 0020     		movs	r0, #0
 478              	.LVL69:
 479 0088 02E0     		b	.L36
 480              	.LVL70:
 481              	.L42:
 482 008a 0020     		movs	r0, #0
 483              	.LVL71:
 484 008c 00E0     		b	.L36
 485              	.LVL72:
 486              	.L43:
 487 008e 0020     		movs	r0, #0
 488              	.LVL73:
 489              	.L36:
1991:Generated_Source\PSoC4/CapSense_SensingCSD_LL.c ****                     }
1992:Generated_Source\PSoC4/CapSense_SensingCSD_LL.c ****                 }
1993:Generated_Source\PSoC4/CapSense_SensingCSD_LL.c ****             }
1994:Generated_Source\PSoC4/CapSense_SensingCSD_LL.c **** 
1995:Generated_Source\PSoC4/CapSense_SensingCSD_LL.c ****             return (status);
1996:Generated_Source\PSoC4/CapSense_SensingCSD_LL.c ****         }
 490              		.loc 1 1996 0
 491              		@ sp needed
 492              	.LVL74:
 493              	.LVL75:
 494              	.LVL76:
 495              	.LVL77:
 496 0090 0CBC     		pop	{r2, r3}
 497 0092 9046     		mov	r8, r2
 498 0094 9946     		mov	r9, r3
ARM GAS  C:\Users\ADSTRU~1\AppData\Local\Temp\ccLLBSlA.s 			page 45


 499 0096 F8BD     		pop	{r3, r4, r5, r6, r7, pc}
 500              	.L45:
 501              		.align	2
 502              	.L44:
 503 0098 00000000 		.word	CapSense_idacGainTable
 504              		.cfi_endproc
 505              	.LFE20:
 506              		.size	CapSense_SsCSDSwitchIdacGain, .-CapSense_SsCSDSwitchIdacGain
 507              		.section	.text.CapSense_SsCSDNormalizeIdac,"ax",%progbits
 508              		.align	2
 509              		.code	16
 510              		.thumb_func
 511              		.type	CapSense_SsCSDNormalizeIdac, %function
 512              	CapSense_SsCSDNormalizeIdac:
 513              	.LFB21:
1997:Generated_Source\PSoC4/CapSense_SensingCSD_LL.c ****     #endif /* (CapSense_ENABLE == CapSense_CSD_IDAC_AUTO_GAIN_EN) */
1998:Generated_Source\PSoC4/CapSense_SensingCSD_LL.c **** 
1999:Generated_Source\PSoC4/CapSense_SensingCSD_LL.c **** 
2000:Generated_Source\PSoC4/CapSense_SensingCSD_LL.c ****     #if (CapSense_ENABLE == CapSense_CSD_IDAC_COMP_EN)
2001:Generated_Source\PSoC4/CapSense_SensingCSD_LL.c ****         /*******************************************************************************
2002:Generated_Source\PSoC4/CapSense_SensingCSD_LL.c ****         * Function Name: CapSense_SsCSDNormalizeIdac
2003:Generated_Source\PSoC4/CapSense_SensingCSD_LL.c ****         ****************************************************************************//**
2004:Generated_Source\PSoC4/CapSense_SensingCSD_LL.c ****         *
2005:Generated_Source\PSoC4/CapSense_SensingCSD_LL.c ****         * \brief
2006:Generated_Source\PSoC4/CapSense_SensingCSD_LL.c ****         *  This function normalizes compensation IDAC.
2007:Generated_Source\PSoC4/CapSense_SensingCSD_LL.c ****         *
2008:Generated_Source\PSoC4/CapSense_SensingCSD_LL.c ****         * \details
2009:Generated_Source\PSoC4/CapSense_SensingCSD_LL.c ****         *  This function normalizes compensation IDAC.
2010:Generated_Source\PSoC4/CapSense_SensingCSD_LL.c ****         *
2011:Generated_Source\PSoC4/CapSense_SensingCSD_LL.c ****         * \param ptrFlashWidget
2012:Generated_Source\PSoC4/CapSense_SensingCSD_LL.c ****         *  Specifies the pointer to a widget.
2013:Generated_Source\PSoC4/CapSense_SensingCSD_LL.c ****         *
2014:Generated_Source\PSoC4/CapSense_SensingCSD_LL.c ****         * \param target
2015:Generated_Source\PSoC4/CapSense_SensingCSD_LL.c ****         *  Raw count target in percentage.
2016:Generated_Source\PSoC4/CapSense_SensingCSD_LL.c ****         *
2017:Generated_Source\PSoC4/CapSense_SensingCSD_LL.c ****         *******************************************************************************/
2018:Generated_Source\PSoC4/CapSense_SensingCSD_LL.c ****         static void CapSense_SsCSDNormalizeIdac(CapSense_FLASH_WD_STRUCT const *ptrFlashWidget, uin
2019:Generated_Source\PSoC4/CapSense_SensingCSD_LL.c ****         {
 514              		.loc 1 2019 0
 515              		.cfi_startproc
 516              		@ args = 0, pretend = 0, frame = 8
 517              		@ frame_needed = 0, uses_anonymous_args = 0
 518              	.LVL78:
 519 0000 F0B5     		push	{r4, r5, r6, r7, lr}
 520              		.cfi_def_cfa_offset 20
 521              		.cfi_offset 4, -20
 522              		.cfi_offset 5, -16
 523              		.cfi_offset 6, -12
 524              		.cfi_offset 7, -8
 525              		.cfi_offset 14, -4
 526 0002 5F46     		mov	r7, fp
 527 0004 5646     		mov	r6, r10
 528 0006 4D46     		mov	r5, r9
 529 0008 E0B4     		push	{r5, r6, r7}
 530              		.cfi_def_cfa_offset 32
 531              		.cfi_offset 9, -32
 532              		.cfi_offset 10, -28
ARM GAS  C:\Users\ADSTRU~1\AppData\Local\Temp\ccLLBSlA.s 			page 46


 533              		.cfi_offset 11, -24
 534 000a 82B0     		sub	sp, sp, #8
 535              		.cfi_def_cfa_offset 40
 536 000c 0700     		movs	r7, r0
 537 000e 8A46     		mov	r10, r1
2020:Generated_Source\PSoC4/CapSense_SensingCSD_LL.c ****             uint32 snsIndex;
2021:Generated_Source\PSoC4/CapSense_SensingCSD_LL.c ****             uint32 freqChannel;
2022:Generated_Source\PSoC4/CapSense_SensingCSD_LL.c ****             uint32 maxIdac;
2023:Generated_Source\PSoC4/CapSense_SensingCSD_LL.c ****             uint32 minIdac;
2024:Generated_Source\PSoC4/CapSense_SensingCSD_LL.c ****             uint32 minRaw;
2025:Generated_Source\PSoC4/CapSense_SensingCSD_LL.c ****             uint32 maxRawLevel;
2026:Generated_Source\PSoC4/CapSense_SensingCSD_LL.c ****             uint32 rawLevel;
2027:Generated_Source\PSoC4/CapSense_SensingCSD_LL.c ****             uint32 iMod;
2028:Generated_Source\PSoC4/CapSense_SensingCSD_LL.c **** 
2029:Generated_Source\PSoC4/CapSense_SensingCSD_LL.c ****             CapSense_RAM_WD_BASE_STRUCT *ptrRamWidget = (CapSense_RAM_WD_BASE_STRUCT *)ptrFlashWidg
 538              		.loc 1 2029 0
 539 0010 4368     		ldr	r3, [r0, #4]
 540 0012 9B46     		mov	fp, r3
 541              	.LVL79:
2030:Generated_Source\PSoC4/CapSense_SensingCSD_LL.c ****             CapSense_RAM_SNS_STRUCT *ptrRamSensor;
2031:Generated_Source\PSoC4/CapSense_SensingCSD_LL.c **** 
2032:Generated_Source\PSoC4/CapSense_SensingCSD_LL.c ****             /* Calculate raw count level based on resolution and target */
2033:Generated_Source\PSoC4/CapSense_SensingCSD_LL.c ****             maxRawLevel = (0x00000001Lu << ptrRamWidget->resolution) - 1u;
 542              		.loc 1 2033 0
 543 0014 1B88     		ldrh	r3, [r3]
 544              	.LVL80:
 545 0016 0122     		movs	r2, #1
 546 0018 9A40     		lsls	r2, r2, r3
 547 001a 1300     		movs	r3, r2
 548 001c 013B     		subs	r3, r3, #1
 549 001e 0193     		str	r3, [sp, #4]
 550              	.LVL81:
2034:Generated_Source\PSoC4/CapSense_SensingCSD_LL.c **** 
2035:Generated_Source\PSoC4/CapSense_SensingCSD_LL.c ****             /*
2036:Generated_Source\PSoC4/CapSense_SensingCSD_LL.c ****             * IDAC Normalization is performed separately for each multi-frequency channel
2037:Generated_Source\PSoC4/CapSense_SensingCSD_LL.c ****             * and separately for row and column
2038:Generated_Source\PSoC4/CapSense_SensingCSD_LL.c ****             */
2039:Generated_Source\PSoC4/CapSense_SensingCSD_LL.c ****             for(freqChannel = CapSense_NUM_SCAN_FREQS; freqChannel-- > 0u;)
 551              		.loc 1 2039 0
 552 0020 0123     		movs	r3, #1
 553              	.LVL82:
 554 0022 4AE0     		b	.L47
 555              	.LVL83:
 556              	.L56:
2040:Generated_Source\PSoC4/CapSense_SensingCSD_LL.c ****             {
2041:Generated_Source\PSoC4/CapSense_SensingCSD_LL.c ****                 /* Find maximum and minimum IDACs */
2042:Generated_Source\PSoC4/CapSense_SensingCSD_LL.c ****                 maxIdac = ptrRamWidget->idacMod[freqChannel];
 557              		.loc 1 2042 0
 558 0024 5B46     		mov	r3, fp
 559 0026 5B19     		adds	r3, r3, r5
 560 0028 5B7A     		ldrb	r3, [r3, #9]
 561 002a 9946     		mov	r9, r3
 562              	.LVL84:
2043:Generated_Source\PSoC4/CapSense_SensingCSD_LL.c ****                 minIdac = ptrRamWidget->idacMod[freqChannel];
2044:Generated_Source\PSoC4/CapSense_SensingCSD_LL.c ****                 ptrRamSensor = ptrFlashWidget->ptr2SnsRam;
 563              		.loc 1 2044 0
 564 002c BB68     		ldr	r3, [r7, #8]
ARM GAS  C:\Users\ADSTRU~1\AppData\Local\Temp\ccLLBSlA.s 			page 47


 565              	.LVL85:
2045:Generated_Source\PSoC4/CapSense_SensingCSD_LL.c ****                 minRaw = ptrRamSensor->raw[freqChannel];
 566              		.loc 1 2045 0
 567 002e 6A00     		lsls	r2, r5, #1
 568 0030 D05A     		ldrh	r0, [r2, r3]
 569              	.LVL86:
2043:Generated_Source\PSoC4/CapSense_SensingCSD_LL.c ****                 minIdac = ptrRamWidget->idacMod[freqChannel];
 570              		.loc 1 2043 0
 571 0032 4C46     		mov	r4, r9
2046:Generated_Source\PSoC4/CapSense_SensingCSD_LL.c ****                 for(snsIndex = 0u; snsIndex < ptrFlashWidget->numCols; snsIndex++)
 572              		.loc 1 2046 0
 573 0034 0022     		movs	r2, #0
 574 0036 08E0     		b	.L48
 575              	.LVL87:
 576              	.L50:
2047:Generated_Source\PSoC4/CapSense_SensingCSD_LL.c ****                 {
2048:Generated_Source\PSoC4/CapSense_SensingCSD_LL.c ****                     if (minIdac > ptrRamSensor->idacComp[freqChannel])
 577              		.loc 1 2048 0
 578 0038 5919     		adds	r1, r3, r5
 579 003a 497A     		ldrb	r1, [r1, #9]
 580 003c 8C42     		cmp	r4, r1
 581 003e 02D9     		bls	.L49
 582              	.LVL88:
2049:Generated_Source\PSoC4/CapSense_SensingCSD_LL.c ****                     {
2050:Generated_Source\PSoC4/CapSense_SensingCSD_LL.c ****                         minIdac = ptrRamSensor->idacComp[freqChannel];
2051:Generated_Source\PSoC4/CapSense_SensingCSD_LL.c ****                         minRaw = ptrRamSensor->raw[freqChannel];
 583              		.loc 1 2051 0
 584 0040 6800     		lsls	r0, r5, #1
 585              	.LVL89:
 586 0042 C05A     		ldrh	r0, [r0, r3]
 587              	.LVL90:
2050:Generated_Source\PSoC4/CapSense_SensingCSD_LL.c ****                         minRaw = ptrRamSensor->raw[freqChannel];
 588              		.loc 1 2050 0
 589 0044 0C00     		movs	r4, r1
 590              	.LVL91:
 591              	.L49:
2052:Generated_Source\PSoC4/CapSense_SensingCSD_LL.c ****                     }
2053:Generated_Source\PSoC4/CapSense_SensingCSD_LL.c ****                     ptrRamSensor++;
 592              		.loc 1 2053 0 discriminator 2
 593 0046 0A33     		adds	r3, r3, #10
 594              	.LVL92:
2046:Generated_Source\PSoC4/CapSense_SensingCSD_LL.c ****                 {
 595              		.loc 1 2046 0 discriminator 2
 596 0048 0132     		adds	r2, r2, #1
 597              	.LVL93:
 598              	.L48:
2046:Generated_Source\PSoC4/CapSense_SensingCSD_LL.c ****                 {
 599              		.loc 1 2046 0 is_stmt 0 discriminator 1
 600 004a F97E     		ldrb	r1, [r7, #27]
 601 004c 8A42     		cmp	r2, r1
 602 004e F3D3     		bcc	.L50
2054:Generated_Source\PSoC4/CapSense_SensingCSD_LL.c ****                 }
2055:Generated_Source\PSoC4/CapSense_SensingCSD_LL.c **** 
2056:Generated_Source\PSoC4/CapSense_SensingCSD_LL.c ****                 /* Define new modulator IDAC */
2057:Generated_Source\PSoC4/CapSense_SensingCSD_LL.c ****                 rawLevel = ((minRaw * CapSense_PERCENTAGE_100) / maxRawLevel) + CapSense_PERCENTAGE
 603              		.loc 1 2057 0 is_stmt 1
 604 0050 6423     		movs	r3, #100
ARM GAS  C:\Users\ADSTRU~1\AppData\Local\Temp\ccLLBSlA.s 			page 48


 605              	.LVL94:
 606 0052 5843     		muls	r0, r3
 607              	.LVL95:
 608 0054 0199     		ldr	r1, [sp, #4]
 609 0056 FFF7FEFF 		bl	__aeabi_uidiv
 610              	.LVL96:
 611 005a 6430     		adds	r0, r0, #100
 612              	.LVL97:
2058:Generated_Source\PSoC4/CapSense_SensingCSD_LL.c ****                 iMod = (rawLevel * minIdac) / target;
 613              		.loc 1 2058 0
 614 005c 6043     		muls	r0, r4
 615              	.LVL98:
 616 005e 5146     		mov	r1, r10
 617 0060 FFF7FEFF 		bl	__aeabi_uidiv
 618              	.LVL99:
2059:Generated_Source\PSoC4/CapSense_SensingCSD_LL.c **** 
2060:Generated_Source\PSoC4/CapSense_SensingCSD_LL.c ****                 if (iMod > maxIdac)
 619              		.loc 1 2060 0
 620 0064 8145     		cmp	r9, r0
 621 0066 00D3     		bcc	.L51
2058:Generated_Source\PSoC4/CapSense_SensingCSD_LL.c ****                 iMod = (rawLevel * minIdac) / target;
 622              		.loc 1 2058 0
 623 0068 8146     		mov	r9, r0
 624              	.LVL100:
 625              	.L51:
2061:Generated_Source\PSoC4/CapSense_SensingCSD_LL.c ****                 {
2062:Generated_Source\PSoC4/CapSense_SensingCSD_LL.c ****                     iMod = maxIdac;
2063:Generated_Source\PSoC4/CapSense_SensingCSD_LL.c ****                 }
2064:Generated_Source\PSoC4/CapSense_SensingCSD_LL.c ****                 ptrRamWidget->idacMod[freqChannel] = (uint8)iMod;
 626              		.loc 1 2064 0
 627 006a 5B46     		mov	r3, fp
 628 006c 5B19     		adds	r3, r3, r5
 629 006e 4A46     		mov	r2, r9
 630 0070 5A72     		strb	r2, [r3, #9]
2065:Generated_Source\PSoC4/CapSense_SensingCSD_LL.c **** 
2066:Generated_Source\PSoC4/CapSense_SensingCSD_LL.c ****                 /* Re-calculate compensation IDAC */
2067:Generated_Source\PSoC4/CapSense_SensingCSD_LL.c ****                 ptrRamSensor = ptrFlashWidget->ptr2SnsRam;
 631              		.loc 1 2067 0
 632 0072 BC68     		ldr	r4, [r7, #8]
 633              	.LVL101:
2068:Generated_Source\PSoC4/CapSense_SensingCSD_LL.c ****                 for(snsIndex = 0u; snsIndex < ptrFlashWidget->numCols; snsIndex++)
 634              		.loc 1 2068 0
 635 0074 0026     		movs	r6, #0
 636 0076 1CE0     		b	.L52
 637              	.LVL102:
 638              	.L55:
2069:Generated_Source\PSoC4/CapSense_SensingCSD_LL.c ****                 {
2070:Generated_Source\PSoC4/CapSense_SensingCSD_LL.c ****                     rawLevel = (((ptrRamSensor->raw[freqChannel] * CapSense_PERCENTAGE_100) / maxRa
 639              		.loc 1 2070 0
 640 0078 6B00     		lsls	r3, r5, #1
 641 007a 185B     		ldrh	r0, [r3, r4]
 642 007c 6423     		movs	r3, #100
 643 007e 5843     		muls	r0, r3
 644 0080 0199     		ldr	r1, [sp, #4]
 645 0082 FFF7FEFF 		bl	__aeabi_uidiv
 646              	.LVL103:
 647 0086 6430     		adds	r0, r0, #100
ARM GAS  C:\Users\ADSTRU~1\AppData\Local\Temp\ccLLBSlA.s 			page 49


2071:Generated_Source\PSoC4/CapSense_SensingCSD_LL.c ****                         CapSense_PERCENTAGE_100) * ptrRamSensor->idacComp[freqChannel];
 648              		.loc 1 2071 0
 649 0088 6319     		adds	r3, r4, r5
 650 008a 5B7A     		ldrb	r3, [r3, #9]
2070:Generated_Source\PSoC4/CapSense_SensingCSD_LL.c ****                         CapSense_PERCENTAGE_100) * ptrRamSensor->idacComp[freqChannel];
 651              		.loc 1 2070 0
 652 008c 5843     		muls	r0, r3
 653              	.LVL104:
2072:Generated_Source\PSoC4/CapSense_SensingCSD_LL.c ****                     if (rawLevel < (iMod * target))
 654              		.loc 1 2072 0
 655 008e 5346     		mov	r3, r10
 656 0090 4A46     		mov	r2, r9
 657 0092 5343     		muls	r3, r2
 658 0094 9842     		cmp	r0, r3
 659 0096 03D2     		bcs	.L53
 660              	.LVL105:
2073:Generated_Source\PSoC4/CapSense_SensingCSD_LL.c ****                     {
2074:Generated_Source\PSoC4/CapSense_SensingCSD_LL.c ****                         ptrRamSensor->idacComp[freqChannel] = 0u;
 661              		.loc 1 2074 0
 662 0098 6319     		adds	r3, r4, r5
 663 009a 0022     		movs	r2, #0
 664              	.LVL106:
 665 009c 5A72     		strb	r2, [r3, #9]
 666 009e 06E0     		b	.L54
 667              	.LVL107:
 668              	.L53:
2075:Generated_Source\PSoC4/CapSense_SensingCSD_LL.c ****                     }
2076:Generated_Source\PSoC4/CapSense_SensingCSD_LL.c ****                     else
2077:Generated_Source\PSoC4/CapSense_SensingCSD_LL.c ****                     {
2078:Generated_Source\PSoC4/CapSense_SensingCSD_LL.c ****                         ptrRamSensor->idacComp[freqChannel] = (uint8)(((rawLevel - (iMod * target))
 669              		.loc 1 2078 0
 670 00a0 C01A     		subs	r0, r0, r3
 671              	.LVL108:
 672 00a2 3230     		adds	r0, r0, #50
2079:Generated_Source\PSoC4/CapSense_SensingCSD_LL.c ****                             (CapSense_PERCENTAGE_100 >> 1u)) / CapSense_PERCENTAGE_100);
 673              		.loc 1 2079 0
 674 00a4 6421     		movs	r1, #100
 675 00a6 FFF7FEFF 		bl	__aeabi_uidiv
 676              	.LVL109:
2078:Generated_Source\PSoC4/CapSense_SensingCSD_LL.c ****                             (CapSense_PERCENTAGE_100 >> 1u)) / CapSense_PERCENTAGE_100);
 677              		.loc 1 2078 0
 678 00aa 6319     		adds	r3, r4, r5
 679 00ac 5872     		strb	r0, [r3, #9]
 680              	.L54:
2080:Generated_Source\PSoC4/CapSense_SensingCSD_LL.c ****                     }
2081:Generated_Source\PSoC4/CapSense_SensingCSD_LL.c ****                     ptrRamSensor++;
 681              		.loc 1 2081 0 discriminator 2
 682 00ae 0A34     		adds	r4, r4, #10
 683              	.LVL110:
2068:Generated_Source\PSoC4/CapSense_SensingCSD_LL.c ****                 {
 684              		.loc 1 2068 0 discriminator 2
 685 00b0 0136     		adds	r6, r6, #1
 686              	.LVL111:
 687              	.L52:
2068:Generated_Source\PSoC4/CapSense_SensingCSD_LL.c ****                 {
 688              		.loc 1 2068 0 is_stmt 0 discriminator 1
 689 00b2 FB7E     		ldrb	r3, [r7, #27]
ARM GAS  C:\Users\ADSTRU~1\AppData\Local\Temp\ccLLBSlA.s 			page 50


 690 00b4 9E42     		cmp	r6, r3
 691 00b6 DFD3     		bcc	.L55
2039:Generated_Source\PSoC4/CapSense_SensingCSD_LL.c ****             {
 692              		.loc 1 2039 0 is_stmt 1
 693 00b8 2B00     		movs	r3, r5
 694              	.LVL112:
 695              	.L47:
2039:Generated_Source\PSoC4/CapSense_SensingCSD_LL.c ****             {
 696              		.loc 1 2039 0 is_stmt 0 discriminator 1
 697 00ba 5D1E     		subs	r5, r3, #1
 698              	.LVL113:
 699 00bc 002B     		cmp	r3, #0
 700 00be B1D1     		bne	.L56
2082:Generated_Source\PSoC4/CapSense_SensingCSD_LL.c ****                 }
2083:Generated_Source\PSoC4/CapSense_SensingCSD_LL.c **** 
2084:Generated_Source\PSoC4/CapSense_SensingCSD_LL.c ****                 #if (CapSense_CSD_MATRIX_WIDGET_EN || CapSense_CSD_TOUCHPAD_WIDGET_EN)
2085:Generated_Source\PSoC4/CapSense_SensingCSD_LL.c ****                     if ((CapSense_WD_TOUCHPAD_E == CapSense_GET_WIDGET_TYPE(ptrFlashWidget)) ||
2086:Generated_Source\PSoC4/CapSense_SensingCSD_LL.c ****                         (CapSense_WD_MATRIX_BUTTON_E == CapSense_GET_WIDGET_TYPE(ptrFlashWidget)))
2087:Generated_Source\PSoC4/CapSense_SensingCSD_LL.c ****                     {
2088:Generated_Source\PSoC4/CapSense_SensingCSD_LL.c ****                         /* Find maximum and minimum IDACs */
2089:Generated_Source\PSoC4/CapSense_SensingCSD_LL.c ****                         maxIdac = ptrRamWidget->rowIdacMod[freqChannel];
2090:Generated_Source\PSoC4/CapSense_SensingCSD_LL.c ****                         minIdac = ptrRamWidget->rowIdacMod[freqChannel];
2091:Generated_Source\PSoC4/CapSense_SensingCSD_LL.c ****                         ptrRamSensor = &(ptrFlashWidget->ptr2SnsRam[ptrFlashWidget->numCols]);
2092:Generated_Source\PSoC4/CapSense_SensingCSD_LL.c ****                         minRaw = ptrRamSensor->raw[freqChannel];
2093:Generated_Source\PSoC4/CapSense_SensingCSD_LL.c ****                         for(snsIndex = ptrFlashWidget->numCols; snsIndex < ptrFlashWidget->totalNum
2094:Generated_Source\PSoC4/CapSense_SensingCSD_LL.c ****                         {
2095:Generated_Source\PSoC4/CapSense_SensingCSD_LL.c ****                             if (minIdac > ptrRamSensor->idacComp[freqChannel])
2096:Generated_Source\PSoC4/CapSense_SensingCSD_LL.c ****                             {
2097:Generated_Source\PSoC4/CapSense_SensingCSD_LL.c ****                                 minIdac = ptrRamSensor->idacComp[freqChannel];
2098:Generated_Source\PSoC4/CapSense_SensingCSD_LL.c ****                                 minRaw = ptrRamSensor->raw[freqChannel];
2099:Generated_Source\PSoC4/CapSense_SensingCSD_LL.c ****                             }
2100:Generated_Source\PSoC4/CapSense_SensingCSD_LL.c ****                             ptrRamSensor++;
2101:Generated_Source\PSoC4/CapSense_SensingCSD_LL.c ****                         }
2102:Generated_Source\PSoC4/CapSense_SensingCSD_LL.c **** 
2103:Generated_Source\PSoC4/CapSense_SensingCSD_LL.c ****                         /* Define new modulator IDAC */
2104:Generated_Source\PSoC4/CapSense_SensingCSD_LL.c ****                         rawLevel = ((minRaw * CapSense_PERCENTAGE_100) / maxRawLevel) + CapSense_PE
2105:Generated_Source\PSoC4/CapSense_SensingCSD_LL.c ****                         iMod = (rawLevel * minIdac) / target;
2106:Generated_Source\PSoC4/CapSense_SensingCSD_LL.c **** 
2107:Generated_Source\PSoC4/CapSense_SensingCSD_LL.c ****                         if (iMod > maxIdac)
2108:Generated_Source\PSoC4/CapSense_SensingCSD_LL.c ****                         {
2109:Generated_Source\PSoC4/CapSense_SensingCSD_LL.c ****                             iMod = maxIdac;
2110:Generated_Source\PSoC4/CapSense_SensingCSD_LL.c ****                         }
2111:Generated_Source\PSoC4/CapSense_SensingCSD_LL.c ****                         ptrRamWidget->rowIdacMod[freqChannel] = (uint8)iMod;
2112:Generated_Source\PSoC4/CapSense_SensingCSD_LL.c **** 
2113:Generated_Source\PSoC4/CapSense_SensingCSD_LL.c ****                         /* Re-calculate compensation IDAC */
2114:Generated_Source\PSoC4/CapSense_SensingCSD_LL.c ****                         ptrRamSensor = &(ptrFlashWidget->ptr2SnsRam[ptrFlashWidget->numCols]);
2115:Generated_Source\PSoC4/CapSense_SensingCSD_LL.c ****                         for(snsIndex = 0u; snsIndex < ptrFlashWidget->numRows; snsIndex++)
2116:Generated_Source\PSoC4/CapSense_SensingCSD_LL.c ****                         {
2117:Generated_Source\PSoC4/CapSense_SensingCSD_LL.c ****                             rawLevel = (((ptrRamSensor->raw[freqChannel] * CapSense_PERCENTAGE_100)
2118:Generated_Source\PSoC4/CapSense_SensingCSD_LL.c ****                                 CapSense_PERCENTAGE_100) * ptrRamSensor->idacComp[freqChannel];
2119:Generated_Source\PSoC4/CapSense_SensingCSD_LL.c ****                             if (rawLevel < (iMod * target))
2120:Generated_Source\PSoC4/CapSense_SensingCSD_LL.c ****                             {
2121:Generated_Source\PSoC4/CapSense_SensingCSD_LL.c ****                                 ptrRamSensor->idacComp[freqChannel] = 0u;
2122:Generated_Source\PSoC4/CapSense_SensingCSD_LL.c ****                             }
2123:Generated_Source\PSoC4/CapSense_SensingCSD_LL.c ****                             else
2124:Generated_Source\PSoC4/CapSense_SensingCSD_LL.c ****                             {
2125:Generated_Source\PSoC4/CapSense_SensingCSD_LL.c ****                                 ptrRamSensor->idacComp[freqChannel] = (uint8)(((rawLevel - (iMod * 
ARM GAS  C:\Users\ADSTRU~1\AppData\Local\Temp\ccLLBSlA.s 			page 51


2126:Generated_Source\PSoC4/CapSense_SensingCSD_LL.c ****                                     (CapSense_PERCENTAGE_100 >> 1u)) / CapSense_PERCENTAGE_100);
2127:Generated_Source\PSoC4/CapSense_SensingCSD_LL.c ****                             }
2128:Generated_Source\PSoC4/CapSense_SensingCSD_LL.c ****                             ptrRamSensor++;
2129:Generated_Source\PSoC4/CapSense_SensingCSD_LL.c ****                         }
2130:Generated_Source\PSoC4/CapSense_SensingCSD_LL.c ****                     }
2131:Generated_Source\PSoC4/CapSense_SensingCSD_LL.c ****                 #endif
2132:Generated_Source\PSoC4/CapSense_SensingCSD_LL.c ****             }
2133:Generated_Source\PSoC4/CapSense_SensingCSD_LL.c ****         }
 701              		.loc 1 2133 0 is_stmt 1
 702 00c0 02B0     		add	sp, sp, #8
 703              		@ sp needed
 704              	.LVL114:
 705              	.LVL115:
 706              	.LVL116:
 707              	.LVL117:
 708 00c2 1CBC     		pop	{r2, r3, r4}
 709 00c4 9146     		mov	r9, r2
 710 00c6 9A46     		mov	r10, r3
 711 00c8 A346     		mov	fp, r4
 712 00ca F0BD     		pop	{r4, r5, r6, r7, pc}
 713              		.cfi_endproc
 714              	.LFE21:
 715              		.size	CapSense_SsCSDNormalizeIdac, .-CapSense_SsCSDNormalizeIdac
 716              		.section	.text.CapSense_SsCSDInitialize,"ax",%progbits
 717              		.align	2
 718              		.global	CapSense_SsCSDInitialize
 719              		.code	16
 720              		.thumb_func
 721              		.type	CapSense_SsCSDInitialize, %function
 722              	CapSense_SsCSDInitialize:
 723              	.LFB4:
 525:Generated_Source\PSoC4/CapSense_SensingCSD_LL.c ****     #if (CapSense_ENABLE == CapSense_CSDV2)
 724              		.loc 1 525 0
 725              		.cfi_startproc
 726              		@ args = 0, pretend = 0, frame = 0
 727              		@ frame_needed = 0, uses_anonymous_args = 0
 728 0000 F8B5     		push	{r3, r4, r5, r6, r7, lr}
 729              		.cfi_def_cfa_offset 24
 730              		.cfi_offset 3, -24
 731              		.cfi_offset 4, -20
 732              		.cfi_offset 5, -16
 733              		.cfi_offset 6, -12
 734              		.cfi_offset 7, -8
 735              		.cfi_offset 14, -4
 531:Generated_Source\PSoC4/CapSense_SensingCSD_LL.c ****     {
 736              		.loc 1 531 0
 737 0002 334B     		ldr	r3, .L59
 738 0004 6D22     		movs	r2, #109
 739 0006 9A5C     		ldrb	r2, [r3, r2]
 740 0008 6C21     		movs	r1, #108
 741 000a 585C     		ldrb	r0, [r3, r1]
 742 000c 8242     		cmp	r2, r0
 743 000e 06D0     		beq	.L58
 533:Generated_Source\PSoC4/CapSense_SensingCSD_LL.c ****         CapSense_dsRam.scanCurrentISC = CapSense_dsRam.scanCsdISC;
 744              		.loc 1 533 0
 745 0010 FFF7FEFF 		bl	CapSense_SsSetAllIOsState
 746              	.LVL118:
ARM GAS  C:\Users\ADSTRU~1\AppData\Local\Temp\ccLLBSlA.s 			page 52


 534:Generated_Source\PSoC4/CapSense_SensingCSD_LL.c ****     }
 747              		.loc 1 534 0
 748 0014 2E4B     		ldr	r3, .L59
 749 0016 6C22     		movs	r2, #108
 750 0018 995C     		ldrb	r1, [r3, r2]
 751 001a 0132     		adds	r2, r2, #1
 752 001c 9954     		strb	r1, [r3, r2]
 753              	.L58:
 551:Generated_Source\PSoC4/CapSense_SensingCSD_LL.c **** 
 754              		.loc 1 551 0
 755 001e 0120     		movs	r0, #1
 756 0020 FFF7FEFF 		bl	CapSense_DischargeExtCapacitors
 757              	.LVL119:
 554:Generated_Source\PSoC4/CapSense_SensingCSD_LL.c **** 
 758              		.loc 1 554 0
 759 0024 C022     		movs	r2, #192
 760 0026 1203     		lsls	r2, r2, #12
 761 0028 2A4B     		ldr	r3, .L59+4
 762 002a 1A60     		str	r2, [r3]
 557:Generated_Source\PSoC4/CapSense_SensingCSD_LL.c ****         newRegValue |= CapSense_DEFAULT_SW_REFGEN_SEL;
 763              		.loc 1 557 0
 764 002c 2A4D     		ldr	r5, .L59+8
 765 002e 2B68     		ldr	r3, [r5]
 766              	.LVL120:
 558:Generated_Source\PSoC4/CapSense_SensingCSD_LL.c **** 
 767              		.loc 1 558 0
 768 0030 2A4E     		ldr	r6, .L59+12
 769 0032 3343     		orrs	r3, r6
 770              	.LVL121:
 560:Generated_Source\PSoC4/CapSense_SensingCSD_LL.c ****         CY_SET_REG32(CapSense_INTR_SET_PTR,         CapSense_DEFAULT_CSD_INTR_SET);
 771              		.loc 1 560 0
 772 0034 2B60     		str	r3, [r5]
 561:Generated_Source\PSoC4/CapSense_SensingCSD_LL.c ****         CY_SET_REG32(CapSense_SW_FW_TANK_SEL_PTR,   CapSense_DEFAULT_CSD_SW_FW_TANK_SEL);
 773              		.loc 1 561 0
 774 0036 0024     		movs	r4, #0
 775 0038 294B     		ldr	r3, .L59+16
 776              	.LVL122:
 777 003a 1C60     		str	r4, [r3]
 778              	.LVL123:
 562:Generated_Source\PSoC4/CapSense_SensingCSD_LL.c ****         CY_SET_REG32(CapSense_SW_DSI_SEL_PTR,       CapSense_DEFAULT_CSD_SW_DSI_SEL);
 779              		.loc 1 562 0
 780 003c 294B     		ldr	r3, .L59+20
 781 003e 1C60     		str	r4, [r3]
 563:Generated_Source\PSoC4/CapSense_SensingCSD_LL.c ****         CY_SET_REG32(CapSense_ADC_CTL_PTR,          CapSense_DEFAULT_CSD_ADC_CTL);
 782              		.loc 1 563 0
 783 0040 0122     		movs	r2, #1
 784 0042 294B     		ldr	r3, .L59+24
 785 0044 1A60     		str	r2, [r3]
 564:Generated_Source\PSoC4/CapSense_SensingCSD_LL.c ****         CY_SET_REG32(CapSense_AMBUF_PTR,            CapSense_AMBUF_PWR_MODE_OFF);
 786              		.loc 1 564 0
 787 0046 294B     		ldr	r3, .L59+28
 788 0048 1C60     		str	r4, [r3]
 565:Generated_Source\PSoC4/CapSense_SensingCSD_LL.c ****         CY_SET_REG32(CapSense_SW_SHIELD_SEL_PTR,    CapSense_DEFAULT_SW_SHIELD_SEL);
 789              		.loc 1 565 0
 790 004a 294B     		ldr	r3, .L59+32
 791 004c 1C60     		str	r4, [r3]
 566:Generated_Source\PSoC4/CapSense_SensingCSD_LL.c ****         CY_SET_REG32(CapSense_SW_HS_P_SEL_PTR,      CapSense_DEFAULT_SW_HS_P_SEL);
ARM GAS  C:\Users\ADSTRU~1\AppData\Local\Temp\ccLLBSlA.s 			page 53


 792              		.loc 1 566 0
 793 004e 294B     		ldr	r3, .L59+36
 794 0050 1C60     		str	r4, [r3]
 567:Generated_Source\PSoC4/CapSense_SensingCSD_LL.c ****         CY_SET_REG32(CapSense_SW_HS_N_SEL_PTR,      CapSense_DEFAULT_SW_HS_N_SEL);
 795              		.loc 1 567 0
 796 0052 294B     		ldr	r3, .L59+40
 797 0054 1C60     		str	r4, [r3]
 568:Generated_Source\PSoC4/CapSense_SensingCSD_LL.c ****         CY_SET_REG32(CapSense_HSCMP_PTR,            CapSense_DEFAULT_HSCMP_CFG);
 798              		.loc 1 568 0
 799 0056 294F     		ldr	r7, .L59+44
 800 0058 3C60     		str	r4, [r7]
 569:Generated_Source\PSoC4/CapSense_SensingCSD_LL.c **** 
 801              		.loc 1 569 0
 802 005a 294B     		ldr	r3, .L59+48
 803 005c 1C60     		str	r4, [r3]
 572:Generated_Source\PSoC4/CapSense_SensingCSD_LL.c ****                     (uint32)(CapSense_HSIOM_SEL_AMUXA << CapSense_CMOD_HSIOM_SHIFT));
 804              		.loc 1 572 0
 805 005e C022     		movs	r2, #192
 806 0060 D201     		lsls	r2, r2, #7
 807 0062 F021     		movs	r1, #240
 808 0064 0902     		lsls	r1, r1, #8
 809 0066 2748     		ldr	r0, .L59+52
 810 0068 FFF7FEFF 		bl	CapSense_WriteBitsSafe
 811              	.LVL124:
 576:Generated_Source\PSoC4/CapSense_SensingCSD_LL.c **** 
 812              		.loc 1 576 0
 813 006c 0022     		movs	r2, #0
 814 006e 0821     		movs	r1, #8
 815 0070 2548     		ldr	r0, .L59+56
 816 0072 FFF7FEFF 		bl	CapSense_WriteBitsSafe
 817              	.LVL125:
 579:Generated_Source\PSoC4/CapSense_SensingCSD_LL.c ****         newRegValue |= CapSense_SW_BYP_SEL_SW_BYA_MASK;
 818              		.loc 1 579 0
 819 0076 254A     		ldr	r2, .L59+60
 820 0078 1368     		ldr	r3, [r2]
 821              	.LVL126:
 580:Generated_Source\PSoC4/CapSense_SensingCSD_LL.c ****         CY_SET_REG32(CapSense_SW_BYP_SEL_PTR, newRegValue);
 822              		.loc 1 580 0
 823 007a 8021     		movs	r1, #128
 824 007c 4901     		lsls	r1, r1, #5
 825 007e 0B43     		orrs	r3, r1
 826              	.LVL127:
 581:Generated_Source\PSoC4/CapSense_SensingCSD_LL.c **** 
 827              		.loc 1 581 0
 828 0080 1360     		str	r3, [r2]
 589:Generated_Source\PSoC4/CapSense_SensingCSD_LL.c ****         #endif /* (CapSense_CSD__CMOD_PAD == CapSense_CMOD_CONNECTION) */
 829              		.loc 1 589 0
 830 0082 1022     		movs	r2, #16
 831 0084 224B     		ldr	r3, .L59+64
 832              	.LVL128:
 833 0086 1A60     		str	r2, [r3]
 834              	.LVL129:
 604:Generated_Source\PSoC4/CapSense_SensingCSD_LL.c ****             newRegValue |= CapSense_SW_REFGEN_SEL_SW_SGR_MASK | CapSense_SW_REFGEN_SEL_SW_IAIB_MASK
 835              		.loc 1 604 0
 836 0088 2B68     		ldr	r3, [r5]
 837              	.LVL130:
 605:Generated_Source\PSoC4/CapSense_SensingCSD_LL.c ****             CY_SET_REG32(CapSense_SW_REFGEN_SEL_PTR, newRegValue);
ARM GAS  C:\Users\ADSTRU~1\AppData\Local\Temp\ccLLBSlA.s 			page 54


 838              		.loc 1 605 0
 839 008a 3343     		orrs	r3, r6
 840              	.LVL131:
 606:Generated_Source\PSoC4/CapSense_SensingCSD_LL.c ****         #else
 841              		.loc 1 606 0
 842 008c 2B60     		str	r3, [r5]
 615:Generated_Source\PSoC4/CapSense_SensingCSD_LL.c **** 
 843              		.loc 1 615 0
 844 008e 8023     		movs	r3, #128
 845              	.LVL132:
 846 0090 5B04     		lsls	r3, r3, #17
 847 0092 204A     		ldr	r2, .L59+68
 848 0094 1360     		str	r3, [r2]
 849              	.LVL133:
 642:Generated_Source\PSoC4/CapSense_SensingCSD_LL.c **** 
 850              		.loc 1 642 0
 851 0096 2049     		ldr	r1, .L59+72
 852 0098 204A     		ldr	r2, .L59+76
 853 009a 1160     		str	r1, [r2]
 655:Generated_Source\PSoC4/CapSense_SensingCSD_LL.c ****             #endif /* (CapSense_ENABLE == CapSense_CSD_SHIELD_EN) */
 854              		.loc 1 655 0
 855 009c 204A     		ldr	r2, .L59+80
 856 009e 1460     		str	r4, [r2]
 659:Generated_Source\PSoC4/CapSense_SensingCSD_LL.c ****         #endif /* (CapSense_2000_MV > CapSense_CYDEV_VDDA_MV) */
 857              		.loc 1 659 0
 858 00a0 3B60     		str	r3, [r7]
 663:Generated_Source\PSoC4/CapSense_SensingCSD_LL.c **** 
 859              		.loc 1 663 0
 860 00a2 FFF7FEFF 		bl	CapSense_SsCSDConfigIDACs
 861              	.LVL134:
 666:Generated_Source\PSoC4/CapSense_SensingCSD_LL.c **** 
 862              		.loc 1 666 0
 863 00a6 0A4B     		ldr	r3, .L59
 864 00a8 187F     		ldrb	r0, [r3, #28]
 865 00aa FFF7FEFF 		bl	CapSense_SsSetModClkClockDivider
 866              	.LVL135:
 674:Generated_Source\PSoC4/CapSense_SensingCSD_LL.c **** 
 867              		.loc 1 674 0
 868 00ae FFF7FEFF 		bl	CapSense_SsCSDSetFilterDelay
 869              	.LVL136:
 678:Generated_Source\PSoC4/CapSense_SensingCSD_LL.c ****                                                       CapSense_CONFIG_SENSE_EN_MASK |
 870              		.loc 1 678 0
 871 00b2 1C4B     		ldr	r3, .L59+84
 872 00b4 1B68     		ldr	r3, [r3]
 873 00b6 1C4A     		ldr	r2, .L59+88
 874 00b8 1343     		orrs	r3, r2
 875 00ba 1C4A     		ldr	r2, .L59+92
 876 00bc 1360     		str	r3, [r2]
 684:Generated_Source\PSoC4/CapSense_SensingCSD_LL.c **** 
 877              		.loc 1 684 0
 878 00be 0F22     		movs	r2, #15
 879 00c0 1B4B     		ldr	r3, .L59+96
 880 00c2 1A60     		str	r2, [r3]
 687:Generated_Source\PSoC4/CapSense_SensingCSD_LL.c **** 
 881              		.loc 1 687 0
 882 00c4 1B4B     		ldr	r3, .L59+100
 883 00c6 1C60     		str	r4, [r3]
ARM GAS  C:\Users\ADSTRU~1\AppData\Local\Temp\ccLLBSlA.s 			page 55


 690:Generated_Source\PSoC4/CapSense_SensingCSD_LL.c **** 
 884              		.loc 1 690 0
 885 00c8 053A     		subs	r2, r2, #5
 886 00ca 1B4B     		ldr	r3, .L59+104
 887 00cc 1A60     		str	r2, [r3]
 718:Generated_Source\PSoC4/CapSense_SensingCSD_LL.c **** 
 888              		.loc 1 718 0
 889              		@ sp needed
 890 00ce F8BD     		pop	{r3, r4, r5, r6, r7, pc}
 891              	.L60:
 892              		.align	2
 893              	.L59:
 894 00d0 00000000 		.word	CapSense_dsRam
 895 00d4 04020B40 		.word	1074463236
 896 00d8 A8020B40 		.word	1074463400
 897 00dc 01000010 		.word	268435457
 898 00e0 F4000B40 		.word	1074462964
 899 00e4 B4020B40 		.word	1074463412
 900 00e8 C0020B40 		.word	1074463424
 901 00ec 20030B40 		.word	1074463520
 902 00f0 84010B40 		.word	1074463108
 903 00f4 88020B40 		.word	1074463368
 904 00f8 80020B40 		.word	1074463360
 905 00fc 84020B40 		.word	1074463364
 906 0100 80010B40 		.word	1074463104
 907 0104 00040240 		.word	1073873920
 908 0108 00040440 		.word	1074004992
 909 010c 94020B40 		.word	1074463380
 910 0110 A0020B40 		.word	1074463392
 911 0114 A4020B40 		.word	1074463396
 912 0118 41120000 		.word	4673
 913 011c 88010B40 		.word	1074463112
 914 0120 90020B40 		.word	1074463376
 915 0124 00000000 		.word	.LANCHOR0
 916 0128 00100080 		.word	-2147479552
 917 012c 00000B40 		.word	1074462720
 918 0130 00030B40 		.word	1074463488
 919 0134 F0010B40 		.word	1074463216
 920 0138 10030B40 		.word	1074463504
 921              		.cfi_endproc
 922              	.LFE4:
 923              		.size	CapSense_SsCSDInitialize, .-CapSense_SsCSDInitialize
 924              		.section	.text.CapSense_SsCSDSetUpIdacs,"ax",%progbits
 925              		.align	2
 926              		.global	CapSense_SsCSDSetUpIdacs
 927              		.code	16
 928              		.thumb_func
 929              		.type	CapSense_SsCSDSetUpIdacs, %function
 930              	CapSense_SsCSDSetUpIdacs:
 931              	.LFB6:
 799:Generated_Source\PSoC4/CapSense_SensingCSD_LL.c ****     uint8 interruptState;
 932              		.loc 1 799 0
 933              		.cfi_startproc
 934              		@ args = 0, pretend = 0, frame = 0
 935              		@ frame_needed = 0, uses_anonymous_args = 0
 936              	.LVL137:
 937 0000 F8B5     		push	{r3, r4, r5, r6, r7, lr}
ARM GAS  C:\Users\ADSTRU~1\AppData\Local\Temp\ccLLBSlA.s 			page 56


 938              		.cfi_def_cfa_offset 24
 939              		.cfi_offset 3, -24
 940              		.cfi_offset 4, -20
 941              		.cfi_offset 5, -16
 942              		.cfi_offset 6, -12
 943              		.cfi_offset 7, -8
 944              		.cfi_offset 14, -4
 945 0002 0700     		movs	r7, r0
 804:Generated_Source\PSoC4/CapSense_SensingCSD_LL.c **** 
 946              		.loc 1 804 0
 947 0004 837A     		ldrb	r3, [r0, #10]
 948 0006 DB00     		lsls	r3, r3, #3
 949 0008 0F4A     		ldr	r2, .L62
 950 000a 9D58     		ldr	r5, [r3, r2]
 951              	.LVL138:
 812:Generated_Source\PSoC4/CapSense_SensingCSD_LL.c **** 
 952              		.loc 1 812 0
 953 000c FFF7FEFF 		bl	CyEnterCriticalSection
 954              	.LVL139:
 815:Generated_Source\PSoC4/CapSense_SensingCSD_LL.c **** 
 955              		.loc 1 815 0
 956 0010 0E4B     		ldr	r3, .L62+4
 957 0012 1A68     		ldr	r2, [r3]
 958              	.LVL140:
 818:Generated_Source\PSoC4/CapSense_SensingCSD_LL.c **** 
 959              		.loc 1 818 0
 960 0014 0E4C     		ldr	r4, .L62+8
 961 0016 2240     		ands	r2, r4
 962              	.LVL141:
 831:Generated_Source\PSoC4/CapSense_SensingCSD_LL.c ****         #endif /* (CapSense_CSD_MATRIX_WIDGET_EN | CapSense_CSD_TOUCHPAD_WIDGET_EN) */
 963              		.loc 1 831 0
 964 0018 0E49     		ldr	r1, .L62+12
 965 001a 0E78     		ldrb	r6, [r1]
 966 001c BF19     		adds	r7, r7, r6
 967              	.LVL142:
 968 001e 797A     		ldrb	r1, [r7, #9]
 969 0020 0A43     		orrs	r2, r1
 970              	.LVL143:
 833:Generated_Source\PSoC4/CapSense_SensingCSD_LL.c **** 
 971              		.loc 1 833 0
 972 0022 2A43     		orrs	r2, r5
 973              	.LVL144:
 836:Generated_Source\PSoC4/CapSense_SensingCSD_LL.c ****         CyExitCriticalSection(interruptState);
 974              		.loc 1 836 0
 975 0024 1A60     		str	r2, [r3]
 837:Generated_Source\PSoC4/CapSense_SensingCSD_LL.c **** 
 976              		.loc 1 837 0
 977 0026 FFF7FEFF 		bl	CyExitCriticalSection
 978              	.LVL145:
 840:Generated_Source\PSoC4/CapSense_SensingCSD_LL.c ****             /* Get IDACB Value */
 979              		.loc 1 840 0
 980 002a FFF7FEFF 		bl	CyEnterCriticalSection
 981              	.LVL146:
 842:Generated_Source\PSoC4/CapSense_SensingCSD_LL.c **** 
 982              		.loc 1 842 0
 983 002e 0A49     		ldr	r1, .L62+16
 984 0030 0B68     		ldr	r3, [r1]
ARM GAS  C:\Users\ADSTRU~1\AppData\Local\Temp\ccLLBSlA.s 			page 57


 985              	.LVL147:
 845:Generated_Source\PSoC4/CapSense_SensingCSD_LL.c **** 
 986              		.loc 1 845 0
 987 0032 2340     		ands	r3, r4
 988              	.LVL148:
 848:Generated_Source\PSoC4/CapSense_SensingCSD_LL.c ****             idacBRegValue |= idacGain;
 989              		.loc 1 848 0
 990 0034 094A     		ldr	r2, .L62+20
 991 0036 1268     		ldr	r2, [r2]
 992 0038 9619     		adds	r6, r2, r6
 993 003a 727A     		ldrb	r2, [r6, #9]
 994 003c 1343     		orrs	r3, r2
 995              	.LVL149:
 849:Generated_Source\PSoC4/CapSense_SensingCSD_LL.c **** 
 996              		.loc 1 849 0
 997 003e 2B43     		orrs	r3, r5
 998              	.LVL150:
 852:Generated_Source\PSoC4/CapSense_SensingCSD_LL.c ****             CyExitCriticalSection(interruptState);
 999              		.loc 1 852 0
 1000 0040 0B60     		str	r3, [r1]
 853:Generated_Source\PSoC4/CapSense_SensingCSD_LL.c ****         #endif /* (CapSense_ENABLE == CapSense_CSD_IDAC_COMP_EN) */
 1001              		.loc 1 853 0
 1002 0042 FFF7FEFF 		bl	CyExitCriticalSection
 1003              	.LVL151:
 897:Generated_Source\PSoC4/CapSense_SensingCSD_LL.c **** 
 1004              		.loc 1 897 0
 1005              		@ sp needed
 1006              	.LVL152:
 1007 0046 F8BD     		pop	{r3, r4, r5, r6, r7, pc}
 1008              	.L63:
 1009              		.align	2
 1010              	.L62:
 1011 0048 00000000 		.word	CapSense_idacGainTable
 1012 004c C0010B40 		.word	1074463168
 1013 0050 80FF3FFC 		.word	-62914688
 1014 0054 00000000 		.word	CapSense_scanFreqIndex
 1015 0058 C4010B40 		.word	1074463172
 1016 005c 00000000 		.word	CapSense_curRamSnsPtr
 1017              		.cfi_endproc
 1018              	.LFE6:
 1019              		.size	CapSense_SsCSDSetUpIdacs, .-CapSense_SsCSDSetUpIdacs
 1020              		.section	.text.CapSense_SsCSDGetNumberOfConversions,"ax",%progbits
 1021              		.align	2
 1022              		.global	CapSense_SsCSDGetNumberOfConversions
 1023              		.code	16
 1024              		.thumb_func
 1025              		.type	CapSense_SsCSDGetNumberOfConversions, %function
 1026              	CapSense_SsCSDGetNumberOfConversions:
 1027              	.LFB7:
 921:Generated_Source\PSoC4/CapSense_SensingCSD_LL.c ****         uint32 conversionsNum;
 1028              		.loc 1 921 0
 1029              		.cfi_startproc
 1030              		@ args = 0, pretend = 0, frame = 0
 1031              		@ frame_needed = 0, uses_anonymous_args = 0
 1032              	.LVL153:
 1033 0000 10B5     		push	{r4, lr}
 1034              		.cfi_def_cfa_offset 8
ARM GAS  C:\Users\ADSTRU~1\AppData\Local\Temp\ccLLBSlA.s 			page 58


 1035              		.cfi_offset 4, -8
 1036              		.cfi_offset 14, -4
 1037 0002 0300     		movs	r3, r0
 1038 0004 1400     		movs	r4, r2
 928:Generated_Source\PSoC4/CapSense_SensingCSD_LL.c **** 
 1039              		.loc 1 928 0
 1040 0006 0120     		movs	r0, #1
 1041              	.LVL154:
 1042 0008 8840     		lsls	r0, r0, r1
 1043              	.LVL155:
 957:Generated_Source\PSoC4/CapSense_SensingCSD_LL.c ****             {
 1044              		.loc 1 957 0
 1045 000a 1029     		cmp	r1, #16
 1046 000c 00D1     		bne	.L65
 959:Generated_Source\PSoC4/CapSense_SensingCSD_LL.c ****             }
 1047              		.loc 1 959 0
 1048 000e 1D38     		subs	r0, r0, #29
 1049              	.LVL156:
 1050              	.L65:
 963:Generated_Source\PSoC4/CapSense_SensingCSD_LL.c ****         {
 1051              		.loc 1 963 0
 1052 0010 002B     		cmp	r3, #0
 1053 0012 02D0     		beq	.L66
 965:Generated_Source\PSoC4/CapSense_SensingCSD_LL.c ****         }
 1054              		.loc 1 965 0
 1055 0014 1900     		movs	r1, r3
 1056              	.LVL157:
 1057 0016 FFF7FEFF 		bl	__aeabi_uidiv
 1058              	.LVL158:
 1059              	.L66:
 971:Generated_Source\PSoC4/CapSense_SensingCSD_LL.c ****         {
 1060              		.loc 1 971 0
 1061 001a 053C     		subs	r4, r4, #5
 1062              	.LVL159:
 1063 001c 012C     		cmp	r4, #1
 1064 001e 00D8     		bhi	.L67
 976:Generated_Source\PSoC4/CapSense_SensingCSD_LL.c ****                 break;
 1065              		.loc 1 976 0
 1066 0020 4008     		lsrs	r0, r0, #1
 1067              	.LVL160:
 1068              	.L67:
 986:Generated_Source\PSoC4/CapSense_SensingCSD_LL.c ****     }
 1069              		.loc 1 986 0
 1070 0022 0028     		cmp	r0, #0
 1071 0024 00D1     		bne	.L69
 1072 0026 0130     		adds	r0, r0, #1
 1073              	.LVL161:
 1074              	.L69:
 987:Generated_Source\PSoC4/CapSense_SensingCSD_LL.c **** #endif /* (CapSense_ENABLE == CapSense_CSDV2) */
 1075              		.loc 1 987 0 discriminator 4
 1076              		@ sp needed
 1077              	.LVL162:
 1078 0028 10BD     		pop	{r4, pc}
 1079              		.cfi_endproc
 1080              	.LFE7:
 1081              		.size	CapSense_SsCSDGetNumberOfConversions, .-CapSense_SsCSDGetNumberOfConversions
 1082 002a C046     		.section	.text.CapSense_SsCSDConfigClock,"ax",%progbits
ARM GAS  C:\Users\ADSTRU~1\AppData\Local\Temp\ccLLBSlA.s 			page 59


 1083              		.align	2
 1084              		.global	CapSense_SsCSDConfigClock
 1085              		.code	16
 1086              		.thumb_func
 1087              		.type	CapSense_SsCSDConfigClock, %function
 1088              	CapSense_SsCSDConfigClock:
 1089              	.LFB8:
1003:Generated_Source\PSoC4/CapSense_SensingCSD_LL.c ****     uint32 snsClkDivider;
 1090              		.loc 1 1003 0
 1091              		.cfi_startproc
 1092              		@ args = 0, pretend = 0, frame = 0
 1093              		@ frame_needed = 0, uses_anonymous_args = 0
 1094 0000 10B5     		push	{r4, lr}
 1095              		.cfi_def_cfa_offset 8
 1096              		.cfi_offset 4, -8
 1097              		.cfi_offset 14, -4
1009:Generated_Source\PSoC4/CapSense_SensingCSD_LL.c **** 
 1098              		.loc 1 1009 0
 1099 0002 0D4B     		ldr	r3, .L76
 1100 0004 1B78     		ldrb	r3, [r3]
1008:Generated_Source\PSoC4/CapSense_SensingCSD_LL.c ****              CapSense_dsFlash.wdgtArray[CapSense_widgetIndex].ptr2WdgtRam;
 1101              		.loc 1 1008 0
 1102 0006 2C22     		movs	r2, #44
 1103 0008 5343     		muls	r3, r2
 1104 000a 0C4A     		ldr	r2, .L76+4
 1105 000c D318     		adds	r3, r2, r3
 1106 000e 5B68     		ldr	r3, [r3, #4]
 1107              	.LVL163:
1026:Generated_Source\PSoC4/CapSense_SensingCSD_LL.c ****         #endif /* (CapSense_CSD_MATRIX_WIDGET_EN || CapSense_CSD_TOUCHPAD_WIDGET_EN) */
 1108              		.loc 1 1026 0
 1109 0010 9989     		ldrh	r1, [r3, #12]
 1110              	.LVL164:
1042:Generated_Source\PSoC4/CapSense_SensingCSD_LL.c ****     #endif /* (CapSense_CSD_MATRIX_WIDGET_EN || CapSense_CSD_TOUCHPAD_WIDGET_EN) */
 1111              		.loc 1 1042 0
 1112 0012 9B7B     		ldrb	r3, [r3, #14]
 1113              	.LVL165:
1046:Generated_Source\PSoC4/CapSense_SensingCSD_LL.c **** 
 1114              		.loc 1 1046 0
 1115 0014 1804     		lsls	r0, r3, #16
 1116              	.LVL166:
1049:Generated_Source\PSoC4/CapSense_SensingCSD_LL.c ****             (CapSense_CLK_SOURCE_PRS12 == snsClkSrc))
 1117              		.loc 1 1049 0
 1118 0016 5A1F     		subs	r2, r3, #5
 1119 0018 012A     		cmp	r2, #1
 1120 001a 02D8     		bhi	.L72
1052:Generated_Source\PSoC4/CapSense_SensingCSD_LL.c ****         }
 1121              		.loc 1 1052 0
 1122 001c 8022     		movs	r2, #128
 1123 001e 9204     		lsls	r2, r2, #18
 1124 0020 1043     		orrs	r0, r2
 1125              	.LVL167:
 1126              	.L72:
1062:Generated_Source\PSoC4/CapSense_SensingCSD_LL.c ****             {
 1127              		.loc 1 1062 0
 1128 0022 053B     		subs	r3, r3, #5
 1129              	.LVL168:
 1130 0024 DBB2     		uxtb	r3, r3
ARM GAS  C:\Users\ADSTRU~1\AppData\Local\Temp\ccLLBSlA.s 			page 60


 1131              	.LVL169:
 1132 0026 012B     		cmp	r3, #1
 1133 0028 02D8     		bhi	.L73
1067:Generated_Source\PSoC4/CapSense_SensingCSD_LL.c ****                 if (snsClkDivider == 0u)
 1134              		.loc 1 1067 0
 1135 002a 4908     		lsrs	r1, r1, #1
 1136              	.LVL170:
1068:Generated_Source\PSoC4/CapSense_SensingCSD_LL.c ****                 {
 1137              		.loc 1 1068 0
 1138 002c 00D1     		bne	.L73
1070:Generated_Source\PSoC4/CapSense_SensingCSD_LL.c ****                 }
 1139              		.loc 1 1070 0
 1140 002e 0131     		adds	r1, r1, #1
 1141              	.LVL171:
 1142              	.L73:
1081:Generated_Source\PSoC4/CapSense_SensingCSD_LL.c **** }
 1143              		.loc 1 1081 0
 1144 0030 FFF7FEFF 		bl	CapSense_SsCSDSetModeSnsClockDivider
 1145              	.LVL172:
1082:Generated_Source\PSoC4/CapSense_SensingCSD_LL.c **** 
 1146              		.loc 1 1082 0
 1147              		@ sp needed
 1148 0034 10BD     		pop	{r4, pc}
 1149              	.L77:
 1150 0036 C046     		.align	2
 1151              	.L76:
 1152 0038 00000000 		.word	CapSense_widgetIndex
 1153 003c 00000000 		.word	CapSense_dsFlash
 1154              		.cfi_endproc
 1155              	.LFE8:
 1156              		.size	CapSense_SsCSDConfigClock, .-CapSense_SsCSDConfigClock
 1157              		.section	.text.CapSense_SsCSDCalculateScanDuration,"ax",%progbits
 1158              		.align	2
 1159              		.global	CapSense_SsCSDCalculateScanDuration
 1160              		.code	16
 1161              		.thumb_func
 1162              		.type	CapSense_SsCSDCalculateScanDuration, %function
 1163              	CapSense_SsCSDCalculateScanDuration:
 1164              	.LFB9:
1106:Generated_Source\PSoC4/CapSense_SensingCSD_LL.c ****     #if (CapSense_ENABLE == CapSense_CSDV2)
 1165              		.loc 1 1106 0
 1166              		.cfi_startproc
 1167              		@ args = 0, pretend = 0, frame = 0
 1168              		@ frame_needed = 0, uses_anonymous_args = 0
 1169              	.LVL173:
 1170 0000 10B5     		push	{r4, lr}
 1171              		.cfi_def_cfa_offset 8
 1172              		.cfi_offset 4, -8
 1173              		.cfi_offset 14, -4
 1174 0002 0300     		movs	r3, r0
1126:Generated_Source\PSoC4/CapSense_SensingCSD_LL.c ****             #endif /* (CapSense_CSD_MATRIX_WIDGET_EN || CapSense_CSD_TOUCHPAD_WIDGET_EN) */
 1175              		.loc 1 1126 0
 1176 0004 8089     		ldrh	r0, [r0, #12]
 1177              	.LVL174:
1130:Generated_Source\PSoC4/CapSense_SensingCSD_LL.c **** 
 1178              		.loc 1 1130 0
 1179 0006 1988     		ldrh	r1, [r3]
ARM GAS  C:\Users\ADSTRU~1\AppData\Local\Temp\ccLLBSlA.s 			page 61


 1180 0008 9A7B     		ldrb	r2, [r3, #14]
 1181 000a FFF7FEFF 		bl	CapSense_SsCSDGetNumberOfConversions
 1182              	.LVL175:
1133:Generated_Source\PSoC4/CapSense_SensingCSD_LL.c ****     #else
 1183              		.loc 1 1133 0
 1184 000e 0004     		lsls	r0, r0, #16
 1185              	.LVL176:
 1186 0010 000C     		lsrs	r0, r0, #16
 1187 0012 014B     		ldr	r3, .L79
 1188 0014 1860     		str	r0, [r3]
1138:Generated_Source\PSoC4/CapSense_SensingCSD_LL.c **** 
 1189              		.loc 1 1138 0
 1190              		@ sp needed
 1191 0016 10BD     		pop	{r4, pc}
 1192              	.L80:
 1193              		.align	2
 1194              	.L79:
 1195 0018 14030B40 		.word	1074463508
 1196              		.cfi_endproc
 1197              	.LFE9:
 1198              		.size	CapSense_SsCSDCalculateScanDuration, .-CapSense_SsCSDCalculateScanDuration
 1199              		.section	.text.CapSense_SsCSDStartSample,"ax",%progbits
 1200              		.align	2
 1201              		.global	CapSense_SsCSDStartSample
 1202              		.code	16
 1203              		.thumb_func
 1204              		.type	CapSense_SsCSDStartSample, %function
 1205              	CapSense_SsCSDStartSample:
 1206              	.LFB12:
1328:Generated_Source\PSoC4/CapSense_SensingCSD_LL.c ****     #if (CapSense_ENABLE != CapSense_CSDV2)
 1207              		.loc 1 1328 0
 1208              		.cfi_startproc
 1209              		@ args = 0, pretend = 0, frame = 0
 1210              		@ frame_needed = 0, uses_anonymous_args = 0
 1211 0000 10B5     		push	{r4, lr}
 1212              		.cfi_def_cfa_offset 8
 1213              		.cfi_offset 4, -8
 1214              		.cfi_offset 14, -4
1341:Generated_Source\PSoC4/CapSense_SensingCSD_LL.c **** 
 1215              		.loc 1 1341 0
 1216 0002 0A20     		movs	r0, #10
 1217 0004 FFF7FEFF 		bl	CyIntDisable
 1218              	.LVL177:
1344:Generated_Source\PSoC4/CapSense_SensingCSD_LL.c **** 
 1219              		.loc 1 1344 0
 1220 0008 0122     		movs	r2, #1
 1221 000a 2D4B     		ldr	r3, .L89
 1222 000c 1A60     		str	r2, [r3]
 1223              	.LBB6:
 1224              	.LBB7:
2134:Generated_Source\PSoC4/CapSense_SensingCSD_LL.c ****     #endif
2135:Generated_Source\PSoC4/CapSense_SensingCSD_LL.c **** 
2136:Generated_Source\PSoC4/CapSense_SensingCSD_LL.c **** 
2137:Generated_Source\PSoC4/CapSense_SensingCSD_LL.c ****     /*******************************************************************************
2138:Generated_Source\PSoC4/CapSense_SensingCSD_LL.c ****     * Function Name: CapSense_SsCSDCalibrate
2139:Generated_Source\PSoC4/CapSense_SensingCSD_LL.c ****     ****************************************************************************//**
2140:Generated_Source\PSoC4/CapSense_SensingCSD_LL.c ****     *
ARM GAS  C:\Users\ADSTRU~1\AppData\Local\Temp\ccLLBSlA.s 			page 62


2141:Generated_Source\PSoC4/CapSense_SensingCSD_LL.c ****     * \brief
2142:Generated_Source\PSoC4/CapSense_SensingCSD_LL.c ****     *  Implements IDAC calibration for a desired widget using successive
2143:Generated_Source\PSoC4/CapSense_SensingCSD_LL.c ****     *  approximation algorithm.
2144:Generated_Source\PSoC4/CapSense_SensingCSD_LL.c ****     *
2145:Generated_Source\PSoC4/CapSense_SensingCSD_LL.c ****     * \details
2146:Generated_Source\PSoC4/CapSense_SensingCSD_LL.c ****     *  Implements IDAC calibration for a desired widget using successive
2147:Generated_Source\PSoC4/CapSense_SensingCSD_LL.c ****     *  approximation algorithm. It supports any type of CSD widgets, and works
2148:Generated_Source\PSoC4/CapSense_SensingCSD_LL.c ****     *  with multi-frequency scan and compensation IDAC features enabled.
2149:Generated_Source\PSoC4/CapSense_SensingCSD_LL.c ****     *
2150:Generated_Source\PSoC4/CapSense_SensingCSD_LL.c ****     *  As result of function operation, the modulator IDAC that corresponds to the
2151:Generated_Source\PSoC4/CapSense_SensingCSD_LL.c ****     *  sensor with the highest capacitance (the biggest modulator IDAC) is stored
2152:Generated_Source\PSoC4/CapSense_SensingCSD_LL.c ****     *  into widget data structure. If it is dual-axis widget type (touchpad or matrix
2153:Generated_Source\PSoC4/CapSense_SensingCSD_LL.c ****     *  buttons) or if multi-frequency scan feature is enabled then the maximum
2154:Generated_Source\PSoC4/CapSense_SensingCSD_LL.c ****     *  modulator IDAC found separately for each multi-frequency channel and for
2155:Generated_Source\PSoC4/CapSense_SensingCSD_LL.c ****     *  rows/columns.
2156:Generated_Source\PSoC4/CapSense_SensingCSD_LL.c ****     *
2157:Generated_Source\PSoC4/CapSense_SensingCSD_LL.c ****     *  If compensation IDAC is enabled, then it preserves IDAC value of
2158:Generated_Source\PSoC4/CapSense_SensingCSD_LL.c ****     *  single-sensor calibration. In dual IDAC mode each sensor was calibrated with
2159:Generated_Source\PSoC4/CapSense_SensingCSD_LL.c ****     *  equal values of modulator and compensation IDAC.
2160:Generated_Source\PSoC4/CapSense_SensingCSD_LL.c ****     *
2161:Generated_Source\PSoC4/CapSense_SensingCSD_LL.c ****     *  After IDACs were found each sensor scanned again to get real raw count stored
2162:Generated_Source\PSoC4/CapSense_SensingCSD_LL.c ****     *  in sensor structure.
2163:Generated_Source\PSoC4/CapSense_SensingCSD_LL.c ****     *
2164:Generated_Source\PSoC4/CapSense_SensingCSD_LL.c ****     * \param widgetId
2165:Generated_Source\PSoC4/CapSense_SensingCSD_LL.c ****     *  Specifies the ID number of the CSD widget to calibrate its raw count.
2166:Generated_Source\PSoC4/CapSense_SensingCSD_LL.c ****     *  A macro for the widget ID can be found in the
2167:Generated_Source\PSoC4/CapSense_SensingCSD_LL.c ****     *  CapSense Configuration header file defined as
2168:Generated_Source\PSoC4/CapSense_SensingCSD_LL.c ****     *  CapSense_<WidgetName>_WDGT_ID.
2169:Generated_Source\PSoC4/CapSense_SensingCSD_LL.c ****     *
2170:Generated_Source\PSoC4/CapSense_SensingCSD_LL.c ****     * \param target
2171:Generated_Source\PSoC4/CapSense_SensingCSD_LL.c ****     *  Specifies the calibration target in percentages of the maximum raw count.
2172:Generated_Source\PSoC4/CapSense_SensingCSD_LL.c ****     *
2173:Generated_Source\PSoC4/CapSense_SensingCSD_LL.c ****     *******************************************************************************/
2174:Generated_Source\PSoC4/CapSense_SensingCSD_LL.c ****     static void CapSense_SsCSDCalibrate(uint32 widgetId, uint32 target)
2175:Generated_Source\PSoC4/CapSense_SensingCSD_LL.c ****     {
2176:Generated_Source\PSoC4/CapSense_SensingCSD_LL.c ****         uint32 snsIndex;
2177:Generated_Source\PSoC4/CapSense_SensingCSD_LL.c ****         uint32 freqChannel;
2178:Generated_Source\PSoC4/CapSense_SensingCSD_LL.c ****         uint32 calMask;
2179:Generated_Source\PSoC4/CapSense_SensingCSD_LL.c ****         uint32 temp;
2180:Generated_Source\PSoC4/CapSense_SensingCSD_LL.c ****         uint32 watchdogCounter;
2181:Generated_Source\PSoC4/CapSense_SensingCSD_LL.c **** 
2182:Generated_Source\PSoC4/CapSense_SensingCSD_LL.c ****         uint8 *ptrIdacMod;
2183:Generated_Source\PSoC4/CapSense_SensingCSD_LL.c ****         uint8 *ptrMaxIdac;
2184:Generated_Source\PSoC4/CapSense_SensingCSD_LL.c **** 
2185:Generated_Source\PSoC4/CapSense_SensingCSD_LL.c ****         uint8 maxIdac[CapSense_NUM_SCAN_FREQS];
2186:Generated_Source\PSoC4/CapSense_SensingCSD_LL.c **** 
2187:Generated_Source\PSoC4/CapSense_SensingCSD_LL.c ****         #if (CapSense_CSD_MATRIX_WIDGET_EN || CapSense_CSD_TOUCHPAD_WIDGET_EN)
2188:Generated_Source\PSoC4/CapSense_SensingCSD_LL.c ****             uint8 maxRowIdac[CapSense_NUM_SCAN_FREQS];
2189:Generated_Source\PSoC4/CapSense_SensingCSD_LL.c ****             uint32 dualWidgetType = 0u;
2190:Generated_Source\PSoC4/CapSense_SensingCSD_LL.c ****         #endif
2191:Generated_Source\PSoC4/CapSense_SensingCSD_LL.c **** 
2192:Generated_Source\PSoC4/CapSense_SensingCSD_LL.c ****         CapSense_RAM_SNS_STRUCT *ptrRamSensor;
2193:Generated_Source\PSoC4/CapSense_SensingCSD_LL.c ****         CapSense_FLASH_WD_STRUCT const *ptrFlashWidget = &CapSense_dsFlash.wdgtArray[widgetId];
2194:Generated_Source\PSoC4/CapSense_SensingCSD_LL.c ****         CapSense_RAM_WD_BASE_STRUCT *ptrRamWidget = (CapSense_RAM_WD_BASE_STRUCT *)ptrFlashWidget->
2195:Generated_Source\PSoC4/CapSense_SensingCSD_LL.c **** 
2196:Generated_Source\PSoC4/CapSense_SensingCSD_LL.c ****         ptrIdacMod = &ptrRamWidget->idacMod[0u];
2197:Generated_Source\PSoC4/CapSense_SensingCSD_LL.c ****         ptrMaxIdac = &maxIdac[0u];
ARM GAS  C:\Users\ADSTRU~1\AppData\Local\Temp\ccLLBSlA.s 			page 63


2198:Generated_Source\PSoC4/CapSense_SensingCSD_LL.c **** 
2199:Generated_Source\PSoC4/CapSense_SensingCSD_LL.c ****         for(freqChannel = CapSense_NUM_SCAN_FREQS; freqChannel-- > 0u;)
2200:Generated_Source\PSoC4/CapSense_SensingCSD_LL.c ****         {
2201:Generated_Source\PSoC4/CapSense_SensingCSD_LL.c ****             maxIdac[freqChannel] = 0u;
2202:Generated_Source\PSoC4/CapSense_SensingCSD_LL.c ****             #if (CapSense_CSD_MATRIX_WIDGET_EN || CapSense_CSD_TOUCHPAD_WIDGET_EN)
2203:Generated_Source\PSoC4/CapSense_SensingCSD_LL.c ****                 maxRowIdac[freqChannel] = 0u;
2204:Generated_Source\PSoC4/CapSense_SensingCSD_LL.c ****             #endif
2205:Generated_Source\PSoC4/CapSense_SensingCSD_LL.c ****         }
2206:Generated_Source\PSoC4/CapSense_SensingCSD_LL.c **** 
2207:Generated_Source\PSoC4/CapSense_SensingCSD_LL.c ****         /* Calculate raw count level based on resolution and target */
2208:Generated_Source\PSoC4/CapSense_SensingCSD_LL.c ****         temp = (((0x00000001Lu << ptrRamWidget->resolution) - 1u) * target) / CapSense_PERCENTAGE_1
2209:Generated_Source\PSoC4/CapSense_SensingCSD_LL.c **** 
2210:Generated_Source\PSoC4/CapSense_SensingCSD_LL.c ****         #if (CapSense_CSD_MATRIX_WIDGET_EN || CapSense_CSD_TOUCHPAD_WIDGET_EN)
2211:Generated_Source\PSoC4/CapSense_SensingCSD_LL.c ****             if ((CapSense_WD_TOUCHPAD_E == CapSense_GET_WIDGET_TYPE(ptrFlashWidget)) ||
2212:Generated_Source\PSoC4/CapSense_SensingCSD_LL.c ****                 (CapSense_WD_MATRIX_BUTTON_E == CapSense_GET_WIDGET_TYPE(ptrFlashWidget)))
2213:Generated_Source\PSoC4/CapSense_SensingCSD_LL.c ****             {
2214:Generated_Source\PSoC4/CapSense_SensingCSD_LL.c ****                 dualWidgetType = 1u;
2215:Generated_Source\PSoC4/CapSense_SensingCSD_LL.c ****             }
2216:Generated_Source\PSoC4/CapSense_SensingCSD_LL.c ****         #endif
2217:Generated_Source\PSoC4/CapSense_SensingCSD_LL.c **** 
2218:Generated_Source\PSoC4/CapSense_SensingCSD_LL.c ****         /* Loop through the widget sensors */
2219:Generated_Source\PSoC4/CapSense_SensingCSD_LL.c ****         for(snsIndex = 0u; snsIndex < ptrFlashWidget->totalNumSns; snsIndex++)
2220:Generated_Source\PSoC4/CapSense_SensingCSD_LL.c ****         {
2221:Generated_Source\PSoC4/CapSense_SensingCSD_LL.c ****             #if (CapSense_CSD_MATRIX_WIDGET_EN || CapSense_CSD_TOUCHPAD_WIDGET_EN)
2222:Generated_Source\PSoC4/CapSense_SensingCSD_LL.c ****                 if (snsIndex == ptrFlashWidget->numCols)
2223:Generated_Source\PSoC4/CapSense_SensingCSD_LL.c ****                 {
2224:Generated_Source\PSoC4/CapSense_SensingCSD_LL.c ****                     if (0u != dualWidgetType)
2225:Generated_Source\PSoC4/CapSense_SensingCSD_LL.c ****                     {
2226:Generated_Source\PSoC4/CapSense_SensingCSD_LL.c ****                         ptrIdacMod = &ptrRamWidget->rowIdacMod[0u];
2227:Generated_Source\PSoC4/CapSense_SensingCSD_LL.c ****                         ptrMaxIdac = &maxRowIdac[0u];
2228:Generated_Source\PSoC4/CapSense_SensingCSD_LL.c ****                     }
2229:Generated_Source\PSoC4/CapSense_SensingCSD_LL.c ****                 }
2230:Generated_Source\PSoC4/CapSense_SensingCSD_LL.c ****             #endif
2231:Generated_Source\PSoC4/CapSense_SensingCSD_LL.c **** 
2232:Generated_Source\PSoC4/CapSense_SensingCSD_LL.c ****             ptrRamSensor = &((ptrFlashWidget->ptr2SnsRam)[snsIndex]);
2233:Generated_Source\PSoC4/CapSense_SensingCSD_LL.c **** 
2234:Generated_Source\PSoC4/CapSense_SensingCSD_LL.c ****             /* Set default IDAC code */
2235:Generated_Source\PSoC4/CapSense_SensingCSD_LL.c ****             calMask = CapSense_CSD_CAL_MIDDLE_VALUE;
2236:Generated_Source\PSoC4/CapSense_SensingCSD_LL.c ****             for(freqChannel = CapSense_NUM_SCAN_FREQS; freqChannel-- > 0u;)
2237:Generated_Source\PSoC4/CapSense_SensingCSD_LL.c ****             {
2238:Generated_Source\PSoC4/CapSense_SensingCSD_LL.c ****                 ptrIdacMod[freqChannel] = CapSense_CSD_CAL_MIDDLE_VALUE;
2239:Generated_Source\PSoC4/CapSense_SensingCSD_LL.c ****                 #if (CapSense_ENABLE == CapSense_CSD_IDAC_COMP_EN)
2240:Generated_Source\PSoC4/CapSense_SensingCSD_LL.c ****                     ptrRamSensor->idacComp[freqChannel] = ptrIdacMod[freqChannel];
2241:Generated_Source\PSoC4/CapSense_SensingCSD_LL.c ****                 #endif
2242:Generated_Source\PSoC4/CapSense_SensingCSD_LL.c ****             }
2243:Generated_Source\PSoC4/CapSense_SensingCSD_LL.c **** 
2244:Generated_Source\PSoC4/CapSense_SensingCSD_LL.c ****             /* Loop through IDAC code */
2245:Generated_Source\PSoC4/CapSense_SensingCSD_LL.c ****             do
2246:Generated_Source\PSoC4/CapSense_SensingCSD_LL.c ****             {
2247:Generated_Source\PSoC4/CapSense_SensingCSD_LL.c ****                 /* Need to configure HW block with each IDAC change */
2248:Generated_Source\PSoC4/CapSense_SensingCSD_LL.c ****                 CapSense_CSDSetupWidgetExt(widgetId, snsIndex);
2249:Generated_Source\PSoC4/CapSense_SensingCSD_LL.c **** 
2250:Generated_Source\PSoC4/CapSense_SensingCSD_LL.c ****                 #if (CapSense_ENABLE == CapSense_CSDV2)
2251:Generated_Source\PSoC4/CapSense_SensingCSD_LL.c ****                     CapSense_DischargeExtCapacitors(CapSense_EXT_CAP_DISCHARGE_TIME);
2252:Generated_Source\PSoC4/CapSense_SensingCSD_LL.c ****                 #endif
2253:Generated_Source\PSoC4/CapSense_SensingCSD_LL.c **** 
2254:Generated_Source\PSoC4/CapSense_SensingCSD_LL.c ****                 /* Scan sensor */
ARM GAS  C:\Users\ADSTRU~1\AppData\Local\Temp\ccLLBSlA.s 			page 64


2255:Generated_Source\PSoC4/CapSense_SensingCSD_LL.c ****                 CapSense_CSDScanExt();
2256:Generated_Source\PSoC4/CapSense_SensingCSD_LL.c **** 
2257:Generated_Source\PSoC4/CapSense_SensingCSD_LL.c ****                 watchdogCounter = CapSense_CSD_CALIBR_WATCHDOG_CYCLES_NUM;
2258:Generated_Source\PSoC4/CapSense_SensingCSD_LL.c ****                 while (((CapSense_dsRam.status & CapSense_SW_STS_BUSY) != 0u) && (0uL != watchdogCo
2259:Generated_Source\PSoC4/CapSense_SensingCSD_LL.c ****                 {
2260:Generated_Source\PSoC4/CapSense_SensingCSD_LL.c ****                     watchdogCounter--;
2261:Generated_Source\PSoC4/CapSense_SensingCSD_LL.c ****                 }
2262:Generated_Source\PSoC4/CapSense_SensingCSD_LL.c **** 
2263:Generated_Source\PSoC4/CapSense_SensingCSD_LL.c ****                 /* Update IDAC based on scan result */
2264:Generated_Source\PSoC4/CapSense_SensingCSD_LL.c ****                 for(freqChannel = CapSense_NUM_SCAN_FREQS; freqChannel-- > 0u;)
2265:Generated_Source\PSoC4/CapSense_SensingCSD_LL.c ****                 {
2266:Generated_Source\PSoC4/CapSense_SensingCSD_LL.c ****                     if (ptrRamSensor->raw[freqChannel] < temp)
2267:Generated_Source\PSoC4/CapSense_SensingCSD_LL.c ****                     {
2268:Generated_Source\PSoC4/CapSense_SensingCSD_LL.c ****                         ptrIdacMod[freqChannel] &= (uint8)(~calMask);
2269:Generated_Source\PSoC4/CapSense_SensingCSD_LL.c ****                     }
2270:Generated_Source\PSoC4/CapSense_SensingCSD_LL.c ****                 }
2271:Generated_Source\PSoC4/CapSense_SensingCSD_LL.c **** 
2272:Generated_Source\PSoC4/CapSense_SensingCSD_LL.c ****                 /* Switch to the lower IDAC mask */
2273:Generated_Source\PSoC4/CapSense_SensingCSD_LL.c ****                 calMask >>= 1u;
2274:Generated_Source\PSoC4/CapSense_SensingCSD_LL.c ****                 for(freqChannel = CapSense_NUM_SCAN_FREQS; freqChannel-- > 0u;)
2275:Generated_Source\PSoC4/CapSense_SensingCSD_LL.c ****                 {
2276:Generated_Source\PSoC4/CapSense_SensingCSD_LL.c ****                     ptrIdacMod[freqChannel] |= (uint8)calMask;
2277:Generated_Source\PSoC4/CapSense_SensingCSD_LL.c ****                     #if (CapSense_ENABLE == CapSense_CSD_IDAC_COMP_EN)
2278:Generated_Source\PSoC4/CapSense_SensingCSD_LL.c ****                         ptrRamSensor->idacComp[freqChannel] = ptrIdacMod[freqChannel];
2279:Generated_Source\PSoC4/CapSense_SensingCSD_LL.c ****                     #endif
2280:Generated_Source\PSoC4/CapSense_SensingCSD_LL.c ****                     if (0u == calMask)
2281:Generated_Source\PSoC4/CapSense_SensingCSD_LL.c ****                     {
2282:Generated_Source\PSoC4/CapSense_SensingCSD_LL.c ****                         if (0u == ptrIdacMod[freqChannel])
2283:Generated_Source\PSoC4/CapSense_SensingCSD_LL.c ****                         {
2284:Generated_Source\PSoC4/CapSense_SensingCSD_LL.c ****                             ptrIdacMod[freqChannel] = 1u;
2285:Generated_Source\PSoC4/CapSense_SensingCSD_LL.c ****                             #if (CapSense_ENABLE == CapSense_CSD_IDAC_COMP_EN)
2286:Generated_Source\PSoC4/CapSense_SensingCSD_LL.c ****                                 ptrRamSensor->idacComp[freqChannel] = ptrIdacMod[freqChannel];
2287:Generated_Source\PSoC4/CapSense_SensingCSD_LL.c ****                             #endif
2288:Generated_Source\PSoC4/CapSense_SensingCSD_LL.c ****                         }
2289:Generated_Source\PSoC4/CapSense_SensingCSD_LL.c ****                     }
2290:Generated_Source\PSoC4/CapSense_SensingCSD_LL.c ****                 }
2291:Generated_Source\PSoC4/CapSense_SensingCSD_LL.c ****             }
2292:Generated_Source\PSoC4/CapSense_SensingCSD_LL.c ****             while (calMask != 0u);
2293:Generated_Source\PSoC4/CapSense_SensingCSD_LL.c **** 
2294:Generated_Source\PSoC4/CapSense_SensingCSD_LL.c ****             for(freqChannel = CapSense_NUM_SCAN_FREQS; freqChannel-- > 0u;)
2295:Generated_Source\PSoC4/CapSense_SensingCSD_LL.c ****             {
2296:Generated_Source\PSoC4/CapSense_SensingCSD_LL.c ****                 if (ptrMaxIdac[freqChannel] < ptrIdacMod[freqChannel])
2297:Generated_Source\PSoC4/CapSense_SensingCSD_LL.c ****                 {
2298:Generated_Source\PSoC4/CapSense_SensingCSD_LL.c ****                     ptrMaxIdac[freqChannel] = ptrIdacMod[freqChannel];
2299:Generated_Source\PSoC4/CapSense_SensingCSD_LL.c ****                 }
2300:Generated_Source\PSoC4/CapSense_SensingCSD_LL.c ****             }
2301:Generated_Source\PSoC4/CapSense_SensingCSD_LL.c **** 
2302:Generated_Source\PSoC4/CapSense_SensingCSD_LL.c ****             /* Perform scan again to get real raw count if IDAC was changed at the last iteration *
2303:Generated_Source\PSoC4/CapSense_SensingCSD_LL.c ****             CapSense_CSDSetupWidgetExt(widgetId, snsIndex);
2304:Generated_Source\PSoC4/CapSense_SensingCSD_LL.c ****             CapSense_CSDScanExt();
2305:Generated_Source\PSoC4/CapSense_SensingCSD_LL.c **** 
2306:Generated_Source\PSoC4/CapSense_SensingCSD_LL.c ****             watchdogCounter = CapSense_CSD_CALIBR_WATCHDOG_CYCLES_NUM;
2307:Generated_Source\PSoC4/CapSense_SensingCSD_LL.c ****             while (((CapSense_dsRam.status & CapSense_SW_STS_BUSY) != 0u) && (0uL != watchdogCounte
2308:Generated_Source\PSoC4/CapSense_SensingCSD_LL.c ****             {
2309:Generated_Source\PSoC4/CapSense_SensingCSD_LL.c ****                 watchdogCounter--;
2310:Generated_Source\PSoC4/CapSense_SensingCSD_LL.c ****             }
2311:Generated_Source\PSoC4/CapSense_SensingCSD_LL.c ****         }
ARM GAS  C:\Users\ADSTRU~1\AppData\Local\Temp\ccLLBSlA.s 			page 65


2312:Generated_Source\PSoC4/CapSense_SensingCSD_LL.c **** 
2313:Generated_Source\PSoC4/CapSense_SensingCSD_LL.c ****         for(freqChannel = CapSense_NUM_SCAN_FREQS; freqChannel-- > 0u;)
2314:Generated_Source\PSoC4/CapSense_SensingCSD_LL.c ****         {
2315:Generated_Source\PSoC4/CapSense_SensingCSD_LL.c ****             ptrRamWidget->idacMod[freqChannel] = maxIdac[freqChannel];
2316:Generated_Source\PSoC4/CapSense_SensingCSD_LL.c ****             #if (CapSense_CSD_MATRIX_WIDGET_EN || CapSense_CSD_TOUCHPAD_WIDGET_EN)
2317:Generated_Source\PSoC4/CapSense_SensingCSD_LL.c ****                 if (0u != dualWidgetType)
2318:Generated_Source\PSoC4/CapSense_SensingCSD_LL.c ****                 {
2319:Generated_Source\PSoC4/CapSense_SensingCSD_LL.c ****                     ptrRamWidget->rowIdacMod[freqChannel] = maxRowIdac[freqChannel];
2320:Generated_Source\PSoC4/CapSense_SensingCSD_LL.c **** 
2321:Generated_Source\PSoC4/CapSense_SensingCSD_LL.c ****                     #if (CapSense_ENABLE == CapSense_CSD_COL_ROW_IDAC_ALIGNMENT_EN)
2322:Generated_Source\PSoC4/CapSense_SensingCSD_LL.c ****                         #if (CapSense_ENABLE == CapSense_CSD_COMMON_SNS_CLK_EN)
2323:Generated_Source\PSoC4/CapSense_SensingCSD_LL.c ****                             if (ptrRamWidget->idacMod[freqChannel] < ptrRamWidget->rowIdacMod[freqC
2324:Generated_Source\PSoC4/CapSense_SensingCSD_LL.c ****                             {
2325:Generated_Source\PSoC4/CapSense_SensingCSD_LL.c ****                                 temp = ptrRamWidget->rowIdacMod[freqChannel];
2326:Generated_Source\PSoC4/CapSense_SensingCSD_LL.c ****                                 if (temp > CapSense_CSD_CAL_IDAC_MAX_VALUE)
2327:Generated_Source\PSoC4/CapSense_SensingCSD_LL.c ****                                 {
2328:Generated_Source\PSoC4/CapSense_SensingCSD_LL.c ****                                     temp = CapSense_CSD_CAL_IDAC_MAX_VALUE;
2329:Generated_Source\PSoC4/CapSense_SensingCSD_LL.c ****                                 }
2330:Generated_Source\PSoC4/CapSense_SensingCSD_LL.c ****                                 ptrRamWidget->idacMod[freqChannel] = (uint8)temp;
2331:Generated_Source\PSoC4/CapSense_SensingCSD_LL.c ****                             }
2332:Generated_Source\PSoC4/CapSense_SensingCSD_LL.c ****                             else
2333:Generated_Source\PSoC4/CapSense_SensingCSD_LL.c ****                             {
2334:Generated_Source\PSoC4/CapSense_SensingCSD_LL.c ****                                 temp = ptrRamWidget->idacMod[freqChannel];
2335:Generated_Source\PSoC4/CapSense_SensingCSD_LL.c ****                                 if (temp > CapSense_CSD_CAL_IDAC_MAX_VALUE)
2336:Generated_Source\PSoC4/CapSense_SensingCSD_LL.c ****                                 {
2337:Generated_Source\PSoC4/CapSense_SensingCSD_LL.c ****                                     temp = CapSense_CSD_CAL_IDAC_MAX_VALUE;
2338:Generated_Source\PSoC4/CapSense_SensingCSD_LL.c ****                                 }
2339:Generated_Source\PSoC4/CapSense_SensingCSD_LL.c ****                                 ptrRamWidget->rowIdacMod[freqChannel] = (uint8)temp;
2340:Generated_Source\PSoC4/CapSense_SensingCSD_LL.c ****                             }
2341:Generated_Source\PSoC4/CapSense_SensingCSD_LL.c ****                         #else
2342:Generated_Source\PSoC4/CapSense_SensingCSD_LL.c ****                             if (((uint32)ptrRamWidget->idacMod[freqChannel] * ptrRamWidget->snsClk)
2343:Generated_Source\PSoC4/CapSense_SensingCSD_LL.c ****                                 ((uint32)ptrRamWidget->rowIdacMod[freqChannel] * ptrRamWidget->rowS
2344:Generated_Source\PSoC4/CapSense_SensingCSD_LL.c ****                             {
2345:Generated_Source\PSoC4/CapSense_SensingCSD_LL.c ****                                 temp = ((uint32)ptrRamWidget->rowIdacMod[freqChannel] *
2346:Generated_Source\PSoC4/CapSense_SensingCSD_LL.c ****                                                 ptrRamWidget->rowSnsClk) / ptrRamWidget->snsClk;
2347:Generated_Source\PSoC4/CapSense_SensingCSD_LL.c ****                                 if (temp > CapSense_CSD_CAL_IDAC_MAX_VALUE)
2348:Generated_Source\PSoC4/CapSense_SensingCSD_LL.c ****                                 {
2349:Generated_Source\PSoC4/CapSense_SensingCSD_LL.c ****                                     temp = CapSense_CSD_CAL_IDAC_MAX_VALUE;
2350:Generated_Source\PSoC4/CapSense_SensingCSD_LL.c ****                                 }
2351:Generated_Source\PSoC4/CapSense_SensingCSD_LL.c ****                                 ptrRamWidget->idacMod[freqChannel] = (uint8)temp;
2352:Generated_Source\PSoC4/CapSense_SensingCSD_LL.c ****                             }
2353:Generated_Source\PSoC4/CapSense_SensingCSD_LL.c ****                             else
2354:Generated_Source\PSoC4/CapSense_SensingCSD_LL.c ****                             {
2355:Generated_Source\PSoC4/CapSense_SensingCSD_LL.c ****                                 temp = ((uint32)ptrRamWidget->idacMod[freqChannel] *
2356:Generated_Source\PSoC4/CapSense_SensingCSD_LL.c ****                                                 ptrRamWidget->snsClk) / ptrRamWidget->rowSnsClk;
2357:Generated_Source\PSoC4/CapSense_SensingCSD_LL.c ****                                 if (temp > CapSense_CSD_CAL_IDAC_MAX_VALUE)
2358:Generated_Source\PSoC4/CapSense_SensingCSD_LL.c ****                                 {
2359:Generated_Source\PSoC4/CapSense_SensingCSD_LL.c ****                                     temp = CapSense_CSD_CAL_IDAC_MAX_VALUE;
2360:Generated_Source\PSoC4/CapSense_SensingCSD_LL.c ****                                 }
2361:Generated_Source\PSoC4/CapSense_SensingCSD_LL.c ****                                 ptrRamWidget->rowIdacMod[freqChannel] = (uint8)temp;
2362:Generated_Source\PSoC4/CapSense_SensingCSD_LL.c ****                             }
2363:Generated_Source\PSoC4/CapSense_SensingCSD_LL.c ****                         #endif
2364:Generated_Source\PSoC4/CapSense_SensingCSD_LL.c ****                     #endif
2365:Generated_Source\PSoC4/CapSense_SensingCSD_LL.c ****                 }
2366:Generated_Source\PSoC4/CapSense_SensingCSD_LL.c ****             #endif
2367:Generated_Source\PSoC4/CapSense_SensingCSD_LL.c ****         }
2368:Generated_Source\PSoC4/CapSense_SensingCSD_LL.c ****     }
ARM GAS  C:\Users\ADSTRU~1\AppData\Local\Temp\ccLLBSlA.s 			page 66


2369:Generated_Source\PSoC4/CapSense_SensingCSD_LL.c **** 
2370:Generated_Source\PSoC4/CapSense_SensingCSD_LL.c **** 
2371:Generated_Source\PSoC4/CapSense_SensingCSD_LL.c ****     /*******************************************************************************
2372:Generated_Source\PSoC4/CapSense_SensingCSD_LL.c ****     * Function Name: CapSense_CSDCalibrateWidget
2373:Generated_Source\PSoC4/CapSense_SensingCSD_LL.c ****     ****************************************************************************//**
2374:Generated_Source\PSoC4/CapSense_SensingCSD_LL.c ****     *
2375:Generated_Source\PSoC4/CapSense_SensingCSD_LL.c ****     * \brief
2376:Generated_Source\PSoC4/CapSense_SensingCSD_LL.c ****     *  Executes the IDAC calibration for all the sensors in the widget specified in
2377:Generated_Source\PSoC4/CapSense_SensingCSD_LL.c ****     *  the input.
2378:Generated_Source\PSoC4/CapSense_SensingCSD_LL.c ****     *
2379:Generated_Source\PSoC4/CapSense_SensingCSD_LL.c ****     * \details
2380:Generated_Source\PSoC4/CapSense_SensingCSD_LL.c ****     *  Executes the IDAC calibration for all the sensors in the widget specified in
2381:Generated_Source\PSoC4/CapSense_SensingCSD_LL.c ****     *  the input.
2382:Generated_Source\PSoC4/CapSense_SensingCSD_LL.c ****     *
2383:Generated_Source\PSoC4/CapSense_SensingCSD_LL.c ****     *  \note This function is obsolete and kept for backward compatibility only.
2384:Generated_Source\PSoC4/CapSense_SensingCSD_LL.c ****     *  The CapSense_CalibrateWidget() function should be used instead.
2385:Generated_Source\PSoC4/CapSense_SensingCSD_LL.c ****     *
2386:Generated_Source\PSoC4/CapSense_SensingCSD_LL.c ****     *  Performs a successive approximation search algorithm to find appropriate
2387:Generated_Source\PSoC4/CapSense_SensingCSD_LL.c ****     *  IDAC values for sensors in the specified widget that provides the raw
2388:Generated_Source\PSoC4/CapSense_SensingCSD_LL.c ****     *  count to the level specified by the target parameter.
2389:Generated_Source\PSoC4/CapSense_SensingCSD_LL.c ****     *
2390:Generated_Source\PSoC4/CapSense_SensingCSD_LL.c ****     *  Calibration fails if the achieved raw count is outside of the range specified
2391:Generated_Source\PSoC4/CapSense_SensingCSD_LL.c ****     *  by the target and acceptable calibration deviation.
2392:Generated_Source\PSoC4/CapSense_SensingCSD_LL.c ****     *
2393:Generated_Source\PSoC4/CapSense_SensingCSD_LL.c ****     *  This function is available when the CSD Enable IDAC auto-calibration
2394:Generated_Source\PSoC4/CapSense_SensingCSD_LL.c ****     *  parameter is enabled or the  SmartSense auto-tuning mode is configured.
2395:Generated_Source\PSoC4/CapSense_SensingCSD_LL.c ****     *
2396:Generated_Source\PSoC4/CapSense_SensingCSD_LL.c ****     * \param widgetId
2397:Generated_Source\PSoC4/CapSense_SensingCSD_LL.c ****     *  Specifies the ID number of the CSD widget to calibrate its raw count.
2398:Generated_Source\PSoC4/CapSense_SensingCSD_LL.c ****     *  A macro for the widget ID can be found in the
2399:Generated_Source\PSoC4/CapSense_SensingCSD_LL.c ****     *  CapSense Configuration header file defined as
2400:Generated_Source\PSoC4/CapSense_SensingCSD_LL.c ****     *  CapSense_<WidgetName>_WDGT_ID.
2401:Generated_Source\PSoC4/CapSense_SensingCSD_LL.c ****     *
2402:Generated_Source\PSoC4/CapSense_SensingCSD_LL.c ****     * \param target
2403:Generated_Source\PSoC4/CapSense_SensingCSD_LL.c ****     *  Specifies the calibration target in percentages of the maximum raw count.
2404:Generated_Source\PSoC4/CapSense_SensingCSD_LL.c ****     *
2405:Generated_Source\PSoC4/CapSense_SensingCSD_LL.c ****     * \return
2406:Generated_Source\PSoC4/CapSense_SensingCSD_LL.c ****     *  Returns the status of the specified widget calibration:
2407:Generated_Source\PSoC4/CapSense_SensingCSD_LL.c ****     *    - CYRET_SUCCESS - The operation is successfully completed.
2408:Generated_Source\PSoC4/CapSense_SensingCSD_LL.c ****     *    - CYRET_BAD_PARAM - The input parameter is invalid.
2409:Generated_Source\PSoC4/CapSense_SensingCSD_LL.c ****     *    - CYRET_BAD_DATA - The calibration failed and the Component may not operate
2410:Generated_Source\PSoC4/CapSense_SensingCSD_LL.c ****     *      as expected.
2411:Generated_Source\PSoC4/CapSense_SensingCSD_LL.c ****     *    - CYRET_TIMEOUT - The calibration failed due to timeout.
2412:Generated_Source\PSoC4/CapSense_SensingCSD_LL.c ****     *    - CYRET_INVALID_STATE - The previous scanning is not completed and the
2413:Generated_Source\PSoC4/CapSense_SensingCSD_LL.c ****     *      hardware block is busy.
2414:Generated_Source\PSoC4/CapSense_SensingCSD_LL.c ****     *
2415:Generated_Source\PSoC4/CapSense_SensingCSD_LL.c ****     *******************************************************************************/
2416:Generated_Source\PSoC4/CapSense_SensingCSD_LL.c ****     cystatus CapSense_CSDCalibrateWidget(uint32 widgetId, uint32 target)
2417:Generated_Source\PSoC4/CapSense_SensingCSD_LL.c ****     {
2418:Generated_Source\PSoC4/CapSense_SensingCSD_LL.c ****         cystatus calibrateStatus = CYRET_SUCCESS;
2419:Generated_Source\PSoC4/CapSense_SensingCSD_LL.c ****         uint32 watchdogCounter;
2420:Generated_Source\PSoC4/CapSense_SensingCSD_LL.c **** 
2421:Generated_Source\PSoC4/CapSense_SensingCSD_LL.c ****         #if (CapSense_ENABLE == CapSense_CSD_IDAC_AUTO_GAIN_EN)
2422:Generated_Source\PSoC4/CapSense_SensingCSD_LL.c ****             uint32 gainSwitch;
2423:Generated_Source\PSoC4/CapSense_SensingCSD_LL.c ****         #endif
2424:Generated_Source\PSoC4/CapSense_SensingCSD_LL.c **** 
2425:Generated_Source\PSoC4/CapSense_SensingCSD_LL.c ****         CapSense_FLASH_WD_STRUCT const *ptrFlashWidget = &CapSense_dsFlash.wdgtArray[widgetId];
ARM GAS  C:\Users\ADSTRU~1\AppData\Local\Temp\ccLLBSlA.s 			page 67


2426:Generated_Source\PSoC4/CapSense_SensingCSD_LL.c **** 
2427:Generated_Source\PSoC4/CapSense_SensingCSD_LL.c ****         if (CapSense_WDGT_SW_STS_BUSY == (CapSense_dsRam.status & CapSense_WDGT_SW_STS_BUSY))
2428:Generated_Source\PSoC4/CapSense_SensingCSD_LL.c ****         {
2429:Generated_Source\PSoC4/CapSense_SensingCSD_LL.c ****             /* Previous widget is being scanned, return error */
2430:Generated_Source\PSoC4/CapSense_SensingCSD_LL.c ****             calibrateStatus = CYRET_INVALID_STATE;
2431:Generated_Source\PSoC4/CapSense_SensingCSD_LL.c ****         }
2432:Generated_Source\PSoC4/CapSense_SensingCSD_LL.c ****         else
2433:Generated_Source\PSoC4/CapSense_SensingCSD_LL.c ****         {
2434:Generated_Source\PSoC4/CapSense_SensingCSD_LL.c ****             /* Set default IDAC gain */
2435:Generated_Source\PSoC4/CapSense_SensingCSD_LL.c ****             ((CapSense_RAM_WD_BASE_STRUCT *)ptrFlashWidget->ptr2WdgtRam)->idacGainIndex =
2436:Generated_Source\PSoC4/CapSense_SensingCSD_LL.c ****                 CapSense_CSD_IDAC_GAIN_INDEX_DEFAULT;
2437:Generated_Source\PSoC4/CapSense_SensingCSD_LL.c **** 
2438:Generated_Source\PSoC4/CapSense_SensingCSD_LL.c ****             /* Perform calibration */
2439:Generated_Source\PSoC4/CapSense_SensingCSD_LL.c ****             #if (CapSense_ENABLE != CapSense_CSD_IDAC_AUTO_GAIN_EN)
2440:Generated_Source\PSoC4/CapSense_SensingCSD_LL.c ****                 CapSense_SsCSDCalibrate(widgetId, target);
2441:Generated_Source\PSoC4/CapSense_SensingCSD_LL.c ****             #else
2442:Generated_Source\PSoC4/CapSense_SensingCSD_LL.c ****                 do
2443:Generated_Source\PSoC4/CapSense_SensingCSD_LL.c ****                 {
2444:Generated_Source\PSoC4/CapSense_SensingCSD_LL.c ****                     CapSense_SsCSDCalibrate(widgetId, target);
2445:Generated_Source\PSoC4/CapSense_SensingCSD_LL.c ****                     gainSwitch = CapSense_SsCSDSwitchIdacGain(ptrFlashWidget);
2446:Generated_Source\PSoC4/CapSense_SensingCSD_LL.c ****                 } while(0u != gainSwitch);
2447:Generated_Source\PSoC4/CapSense_SensingCSD_LL.c ****             #endif
2448:Generated_Source\PSoC4/CapSense_SensingCSD_LL.c **** 
2449:Generated_Source\PSoC4/CapSense_SensingCSD_LL.c ****             #if (CapSense_ENABLE == CapSense_CSD_IDAC_COMP_EN)
2450:Generated_Source\PSoC4/CapSense_SensingCSD_LL.c ****                 /* IDAC Normalization in Dual IDAC mode */
2451:Generated_Source\PSoC4/CapSense_SensingCSD_LL.c ****                 CapSense_SsCSDNormalizeIdac(ptrFlashWidget, target);
2452:Generated_Source\PSoC4/CapSense_SensingCSD_LL.c ****             #endif
2453:Generated_Source\PSoC4/CapSense_SensingCSD_LL.c **** 
2454:Generated_Source\PSoC4/CapSense_SensingCSD_LL.c ****             /* Perform specified widget scan to check calibration result */
2455:Generated_Source\PSoC4/CapSense_SensingCSD_LL.c ****             CapSense_CSDSetupWidget(widgetId);
2456:Generated_Source\PSoC4/CapSense_SensingCSD_LL.c ****             CapSense_CSDScan();
2457:Generated_Source\PSoC4/CapSense_SensingCSD_LL.c **** 
2458:Generated_Source\PSoC4/CapSense_SensingCSD_LL.c ****             watchdogCounter = CapSense_WIDGET_MAX_SCAN_TIME;
2459:Generated_Source\PSoC4/CapSense_SensingCSD_LL.c ****             while (((CapSense_dsRam.status & CapSense_SW_STS_BUSY) != 0u) && (0uL != watchdogCounte
2460:Generated_Source\PSoC4/CapSense_SensingCSD_LL.c ****             {
2461:Generated_Source\PSoC4/CapSense_SensingCSD_LL.c ****                 watchdogCounter--;
2462:Generated_Source\PSoC4/CapSense_SensingCSD_LL.c ****             }
2463:Generated_Source\PSoC4/CapSense_SensingCSD_LL.c **** 
2464:Generated_Source\PSoC4/CapSense_SensingCSD_LL.c ****             /* Verification of calibration result */
2465:Generated_Source\PSoC4/CapSense_SensingCSD_LL.c ****             if (0u == watchdogCounter)
2466:Generated_Source\PSoC4/CapSense_SensingCSD_LL.c ****             {
2467:Generated_Source\PSoC4/CapSense_SensingCSD_LL.c ****                 calibrateStatus = CYRET_TIMEOUT;
2468:Generated_Source\PSoC4/CapSense_SensingCSD_LL.c ****             }
2469:Generated_Source\PSoC4/CapSense_SensingCSD_LL.c ****             else
2470:Generated_Source\PSoC4/CapSense_SensingCSD_LL.c ****             {
2471:Generated_Source\PSoC4/CapSense_SensingCSD_LL.c ****                 calibrateStatus = CapSense_SsCSDCalibrateCheck(widgetId, target);
2472:Generated_Source\PSoC4/CapSense_SensingCSD_LL.c ****             }
2473:Generated_Source\PSoC4/CapSense_SensingCSD_LL.c **** 
2474:Generated_Source\PSoC4/CapSense_SensingCSD_LL.c ****              /* Update CRC */
2475:Generated_Source\PSoC4/CapSense_SensingCSD_LL.c ****             #if (CapSense_ENABLE ==CapSense_TST_WDGT_CRC_EN)
2476:Generated_Source\PSoC4/CapSense_SensingCSD_LL.c ****                 CapSense_DsUpdateWidgetCrc(widgetId);
2477:Generated_Source\PSoC4/CapSense_SensingCSD_LL.c ****             #endif
2478:Generated_Source\PSoC4/CapSense_SensingCSD_LL.c ****         }
2479:Generated_Source\PSoC4/CapSense_SensingCSD_LL.c **** 
2480:Generated_Source\PSoC4/CapSense_SensingCSD_LL.c ****         return calibrateStatus;
2481:Generated_Source\PSoC4/CapSense_SensingCSD_LL.c ****     }
2482:Generated_Source\PSoC4/CapSense_SensingCSD_LL.c **** #endif /* ((CapSense_CSD_SS_DIS != CapSense_CSD_AUTOTUNE)) || \
ARM GAS  C:\Users\ADSTRU~1\AppData\Local\Temp\ccLLBSlA.s 			page 68


2483:Generated_Source\PSoC4/CapSense_SensingCSD_LL.c ****             (CapSense_ENABLE == CapSense_CSD_IDAC_AUTOCAL_EN)) */
2484:Generated_Source\PSoC4/CapSense_SensingCSD_LL.c **** 
2485:Generated_Source\PSoC4/CapSense_SensingCSD_LL.c **** 
2486:Generated_Source\PSoC4/CapSense_SensingCSD_LL.c **** #if (CapSense_DISABLE == CapSense_CSDV2)
2487:Generated_Source\PSoC4/CapSense_SensingCSD_LL.c ****     /*******************************************************************************
2488:Generated_Source\PSoC4/CapSense_SensingCSD_LL.c ****     * Function Name: CapSense_SsCSDClockRestart
2489:Generated_Source\PSoC4/CapSense_SensingCSD_LL.c ****     ****************************************************************************//**
2490:Generated_Source\PSoC4/CapSense_SensingCSD_LL.c ****     *
2491:Generated_Source\PSoC4/CapSense_SensingCSD_LL.c ****     * \brief
2492:Generated_Source\PSoC4/CapSense_SensingCSD_LL.c ****     *  This function restarts the clocks.
2493:Generated_Source\PSoC4/CapSense_SensingCSD_LL.c ****     *
2494:Generated_Source\PSoC4/CapSense_SensingCSD_LL.c ****     * \details
2495:Generated_Source\PSoC4/CapSense_SensingCSD_LL.c ****     *  The function performs following:
2496:Generated_Source\PSoC4/CapSense_SensingCSD_LL.c ****     *  1) Stops, sets dividers and starts ModClk clock;
2497:Generated_Source\PSoC4/CapSense_SensingCSD_LL.c ****     *  2) Stops and starts SnsClk clock;
2498:Generated_Source\PSoC4/CapSense_SensingCSD_LL.c ****     *  3) Scan one cycle to reset the flip-flop for Direct clock mode.
2499:Generated_Source\PSoC4/CapSense_SensingCSD_LL.c ****     *
2500:Generated_Source\PSoC4/CapSense_SensingCSD_LL.c ****     *******************************************************************************/
2501:Generated_Source\PSoC4/CapSense_SensingCSD_LL.c ****     CY_INLINE static void CapSense_SsCSDClockRestart(void)
2502:Generated_Source\PSoC4/CapSense_SensingCSD_LL.c ****     {
2503:Generated_Source\PSoC4/CapSense_SensingCSD_LL.c ****         #if (CapSense_CLK_SOURCE_DIRECT == CapSense_CSD_SNS_CLK_SOURCE)
2504:Generated_Source\PSoC4/CapSense_SensingCSD_LL.c ****             uint32 watchdogCounter;
2505:Generated_Source\PSoC4/CapSense_SensingCSD_LL.c ****         #endif /* (CapSense_CLK_SOURCE_DIRECT == CapSense_CSD_SNS_CLK_SOURCE) */
2506:Generated_Source\PSoC4/CapSense_SensingCSD_LL.c **** 
2507:Generated_Source\PSoC4/CapSense_SensingCSD_LL.c ****         /* Stop clocks, set dividers, and start clock to align clock phase */
2508:Generated_Source\PSoC4/CapSense_SensingCSD_LL.c ****         CapSense_SsSetModClkClockDivider((uint32)CapSense_dsRam.modCsdClk);
2509:Generated_Source\PSoC4/CapSense_SensingCSD_LL.c **** 
2510:Generated_Source\PSoC4/CapSense_SensingCSD_LL.c ****         #if (CapSense_ENABLE == CapSense_IS_M0S8PERI_BLOCK)
2511:Generated_Source\PSoC4/CapSense_SensingCSD_LL.c ****             /* Stop sense clock clock   */
2512:Generated_Source\PSoC4/CapSense_SensingCSD_LL.c ****             CY_SET_REG32(CapSense_SNSCLK_CMD_PTR,
2513:Generated_Source\PSoC4/CapSense_SensingCSD_LL.c ****                          ((uint32)CapSense_SnsClk__DIV_ID <<
2514:Generated_Source\PSoC4/CapSense_SensingCSD_LL.c ****                          CapSense_SNSCLK_CMD_DIV_SHIFT)|
2515:Generated_Source\PSoC4/CapSense_SensingCSD_LL.c ****                          ((uint32)CapSense_SNSCLK_CMD_DISABLE_MASK));
2516:Generated_Source\PSoC4/CapSense_SensingCSD_LL.c **** 
2517:Generated_Source\PSoC4/CapSense_SensingCSD_LL.c ****             /* Check whether previous sense clock start command has finished. */
2518:Generated_Source\PSoC4/CapSense_SensingCSD_LL.c ****             while(0u != (CY_GET_REG32(CapSense_SNSCLK_CMD_PTR) & CapSense_SNSCLK_CMD_ENABLE_MASK))
2519:Generated_Source\PSoC4/CapSense_SensingCSD_LL.c ****             {
2520:Generated_Source\PSoC4/CapSense_SensingCSD_LL.c ****                 /* Wait until previous sense clock start command has finished. */
2521:Generated_Source\PSoC4/CapSense_SensingCSD_LL.c ****             }
2522:Generated_Source\PSoC4/CapSense_SensingCSD_LL.c **** 
2523:Generated_Source\PSoC4/CapSense_SensingCSD_LL.c ****             /* Start sense clock aligned to previously started modulator clock. */
2524:Generated_Source\PSoC4/CapSense_SensingCSD_LL.c ****             CY_SET_REG32(CapSense_SNSCLK_CMD_PTR,
2525:Generated_Source\PSoC4/CapSense_SensingCSD_LL.c ****                          (uint32)(((uint32)CapSense_SnsClk__DIV_ID << CapSense_SNSCLK_CMD_DIV_SHIFT
2526:Generated_Source\PSoC4/CapSense_SensingCSD_LL.c ****                           ((uint32)CapSense_ModClk__PA_DIV_ID << CapSense_SNSCLK_CMD_PA_DIV_SHIFT) 
2527:Generated_Source\PSoC4/CapSense_SensingCSD_LL.c ****                           CapSense_SNSCLK_CMD_ENABLE_MASK));
2528:Generated_Source\PSoC4/CapSense_SensingCSD_LL.c ****         #else
2529:Generated_Source\PSoC4/CapSense_SensingCSD_LL.c ****             /* Clear bit to disable SnsClk clock. */
2530:Generated_Source\PSoC4/CapSense_SensingCSD_LL.c ****             CY_SET_REG32(CapSense_SNSCLK_CMD_PTR,
2531:Generated_Source\PSoC4/CapSense_SensingCSD_LL.c ****                          CY_GET_REG32(CapSense_SNSCLK_CMD_PTR) &
2532:Generated_Source\PSoC4/CapSense_SensingCSD_LL.c ****                          (uint32)(~(uint32)CapSense_SnsClk__ENABLE_MASK));
2533:Generated_Source\PSoC4/CapSense_SensingCSD_LL.c **** 
2534:Generated_Source\PSoC4/CapSense_SensingCSD_LL.c ****             /* Set bit to enable SnsClk clock. */
2535:Generated_Source\PSoC4/CapSense_SensingCSD_LL.c ****             CY_SET_REG32(CapSense_SNSCLK_CMD_PTR,
2536:Generated_Source\PSoC4/CapSense_SensingCSD_LL.c ****                          CY_GET_REG32(CapSense_SNSCLK_CMD_PTR) |
2537:Generated_Source\PSoC4/CapSense_SensingCSD_LL.c ****                         CapSense_SnsClk__ENABLE_MASK);
2538:Generated_Source\PSoC4/CapSense_SensingCSD_LL.c ****         #endif /* (CapSense_ENABLE == CapSense_IS_M0S8PERI_BLOCK) */
2539:Generated_Source\PSoC4/CapSense_SensingCSD_LL.c **** 
ARM GAS  C:\Users\ADSTRU~1\AppData\Local\Temp\ccLLBSlA.s 			page 69


2540:Generated_Source\PSoC4/CapSense_SensingCSD_LL.c ****         #if (CapSense_CLK_SOURCE_DIRECT == CapSense_CSD_SNS_CLK_SOURCE)
2541:Generated_Source\PSoC4/CapSense_SensingCSD_LL.c ****             /* Scan one cycle to reset the flip-flop for Direct clock mode */
2542:Generated_Source\PSoC4/CapSense_SensingCSD_LL.c ****             CyIntDisable(CapSense_ISR_NUMBER);
2543:Generated_Source\PSoC4/CapSense_SensingCSD_LL.c ****             CY_SET_REG32(CapSense_COUNTER_PTR, CapSense_ONE_CYCLE);
2544:Generated_Source\PSoC4/CapSense_SensingCSD_LL.c **** 
2545:Generated_Source\PSoC4/CapSense_SensingCSD_LL.c ****             watchdogCounter = CapSense_ONE_CLOCK_WATCHDOG_CYCLES_NUM;
2546:Generated_Source\PSoC4/CapSense_SensingCSD_LL.c ****             while((0u != (CY_GET_REG32(CapSense_COUNTER_PTR) & CapSense_RESOLUTION_16_BITS)) && (0u
2547:Generated_Source\PSoC4/CapSense_SensingCSD_LL.c ****             {
2548:Generated_Source\PSoC4/CapSense_SensingCSD_LL.c ****                 watchdogCounter--;
2549:Generated_Source\PSoC4/CapSense_SensingCSD_LL.c ****             }
2550:Generated_Source\PSoC4/CapSense_SensingCSD_LL.c ****             CY_SET_REG32(CapSense_INTR_PTR, CapSense_INTR_SET_MASK);
2551:Generated_Source\PSoC4/CapSense_SensingCSD_LL.c ****             CyIntClearPending(CapSense_ISR_NUMBER);
2552:Generated_Source\PSoC4/CapSense_SensingCSD_LL.c ****         #endif /* (CapSense_CLK_SOURCE_DIRECT == CapSense_CSD_SNS_CLK_SOURCE) */
2553:Generated_Source\PSoC4/CapSense_SensingCSD_LL.c ****     }
2554:Generated_Source\PSoC4/CapSense_SensingCSD_LL.c **** #endif /* (CapSense_DISABLE == CapSense_CSDV2) */
2555:Generated_Source\PSoC4/CapSense_SensingCSD_LL.c **** 
2556:Generated_Source\PSoC4/CapSense_SensingCSD_LL.c **** 
2557:Generated_Source\PSoC4/CapSense_SensingCSD_LL.c **** /*******************************************************************************
2558:Generated_Source\PSoC4/CapSense_SensingCSD_LL.c **** * Function Name: CapSense_SsCSDCmodPrecharge
2559:Generated_Source\PSoC4/CapSense_SensingCSD_LL.c **** ****************************************************************************//**
2560:Generated_Source\PSoC4/CapSense_SensingCSD_LL.c **** *
2561:Generated_Source\PSoC4/CapSense_SensingCSD_LL.c **** * \brief
2562:Generated_Source\PSoC4/CapSense_SensingCSD_LL.c **** *  This function initializes the Cmod charging to Vref.
2563:Generated_Source\PSoC4/CapSense_SensingCSD_LL.c **** *
2564:Generated_Source\PSoC4/CapSense_SensingCSD_LL.c **** * \details
2565:Generated_Source\PSoC4/CapSense_SensingCSD_LL.c **** *  For Third-generation HW block:
2566:Generated_Source\PSoC4/CapSense_SensingCSD_LL.c **** *  The function initializes the Cmod charging to Vref.
2567:Generated_Source\PSoC4/CapSense_SensingCSD_LL.c **** *  Then it waits the even when Cmod is completely charged
2568:Generated_Source\PSoC4/CapSense_SensingCSD_LL.c **** *  to Vref to have stable raw counts. Software Watchdog Counter is implemented to
2569:Generated_Source\PSoC4/CapSense_SensingCSD_LL.c **** *  prevent the project hanging.
2570:Generated_Source\PSoC4/CapSense_SensingCSD_LL.c **** *
2571:Generated_Source\PSoC4/CapSense_SensingCSD_LL.c **** *  For Fourth-generation HW block:
2572:Generated_Source\PSoC4/CapSense_SensingCSD_LL.c **** *  Coarse initialization for CMOD and Cch.
2573:Generated_Source\PSoC4/CapSense_SensingCSD_LL.c **** *  The coarse initialization is performed by HSCOMP.
2574:Generated_Source\PSoC4/CapSense_SensingCSD_LL.c **** *  The HSCOMP monitors the Cmod voltage via Cmod sense path
2575:Generated_Source\PSoC4/CapSense_SensingCSD_LL.c **** *  and charges the Cmod using HCAV switch via CSDBUS-A, AMUXBUS-A
2576:Generated_Source\PSoC4/CapSense_SensingCSD_LL.c **** *  and static connection of Cmod to AMUXBUS-A.
2577:Generated_Source\PSoC4/CapSense_SensingCSD_LL.c **** *
2578:Generated_Source\PSoC4/CapSense_SensingCSD_LL.c **** *******************************************************************************/
2579:Generated_Source\PSoC4/CapSense_SensingCSD_LL.c **** CY_INLINE static void CapSense_SsCSDCmodPrecharge(void)
2580:Generated_Source\PSoC4/CapSense_SensingCSD_LL.c **** {
2581:Generated_Source\PSoC4/CapSense_SensingCSD_LL.c ****     #if (CapSense_ENABLE == CapSense_CSDV2)
2582:Generated_Source\PSoC4/CapSense_SensingCSD_LL.c ****         uint32 watchdogCounter;
2583:Generated_Source\PSoC4/CapSense_SensingCSD_LL.c ****         /* Fourth-generation HW block section */
2584:Generated_Source\PSoC4/CapSense_SensingCSD_LL.c **** 
2585:Generated_Source\PSoC4/CapSense_SensingCSD_LL.c ****         CY_SET_REG32(CapSense_CSDCMP_PTR, CapSense_CSD_CSDCMP_INIT);
 1225              		.loc 1 2585 0
 1226 000e 0023     		movs	r3, #0
 1227 0010 2C49     		ldr	r1, .L89+4
 1228 0012 0B60     		str	r3, [r1]
2586:Generated_Source\PSoC4/CapSense_SensingCSD_LL.c ****         CY_SET_REG32(CapSense_SW_FW_MOD_SEL_PTR,  CapSense_CSD_SW_FW_MOD_SEL_INIT);
 1229              		.loc 1 2586 0
 1230 0014 2C49     		ldr	r1, .L89+8
 1231 0016 0B60     		str	r3, [r1]
2587:Generated_Source\PSoC4/CapSense_SensingCSD_LL.c ****         CY_SET_REG32(CapSense_SW_FW_TANK_SEL_PTR, CapSense_CSD_SW_FW_TANK_SEL_INIT);
 1232              		.loc 1 2587 0
 1233 0018 2C48     		ldr	r0, .L89+12
ARM GAS  C:\Users\ADSTRU~1\AppData\Local\Temp\ccLLBSlA.s 			page 70


 1234 001a 2D49     		ldr	r1, .L89+16
 1235 001c 0860     		str	r0, [r1]
2588:Generated_Source\PSoC4/CapSense_SensingCSD_LL.c ****         CY_SET_REG32(CapSense_SW_SHIELD_SEL_PTR,  CapSense_CSD_SW_SHIELD_SEL_INIT);
 1236              		.loc 1 2588 0
 1237 001e 0620     		movs	r0, #6
 1238 0020 2C49     		ldr	r1, .L89+20
 1239 0022 0860     		str	r0, [r1]
2589:Generated_Source\PSoC4/CapSense_SensingCSD_LL.c ****         #if (CapSense_ENABLE == CapSense_CSD_SHIELD_EN)
2590:Generated_Source\PSoC4/CapSense_SensingCSD_LL.c ****             /*
2591:Generated_Source\PSoC4/CapSense_SensingCSD_LL.c ****              * Connect CMOD to (sense path) to HSCOMP: HMPM or HMPS or HMPT switches depend on Cmod
2592:Generated_Source\PSoC4/CapSense_SensingCSD_LL.c ****              * Connect AMUXBUS-B to HSCMP positive input
2593:Generated_Source\PSoC4/CapSense_SensingCSD_LL.c ****              */
2594:Generated_Source\PSoC4/CapSense_SensingCSD_LL.c ****             CY_SET_REG32(CapSense_SW_HS_P_SEL_PTR, CapSense_SW_HS_P_SEL_COARSE);
2595:Generated_Source\PSoC4/CapSense_SensingCSD_LL.c **** 
2596:Generated_Source\PSoC4/CapSense_SensingCSD_LL.c ****             #if(0u != CapSense_CSD_SHIELD_TANK_EN)
2597:Generated_Source\PSoC4/CapSense_SensingCSD_LL.c ****                 /* Connect CTANK to AMUXBUS-A */
2598:Generated_Source\PSoC4/CapSense_SensingCSD_LL.c ****                 CapSense_WriteBitsSafe(CapSense_CSH_HSIOM_PTR, CapSense_CSH_HSIOM_MASK,
2599:Generated_Source\PSoC4/CapSense_SensingCSD_LL.c ****                     (uint32)(CapSense_HSIOM_SEL_AMUXA << CapSense_CSH_HSIOM_SHIFT));
2600:Generated_Source\PSoC4/CapSense_SensingCSD_LL.c ****             #endif /* (0u != CapSense_CSD_SHIELD_TANK_EN) */
2601:Generated_Source\PSoC4/CapSense_SensingCSD_LL.c ****         #else
2602:Generated_Source\PSoC4/CapSense_SensingCSD_LL.c ****             /* Connect CMOD to (sense path) to HSCOMP: HMPM or HMPS or HMPT switches depend on Cmod
2603:Generated_Source\PSoC4/CapSense_SensingCSD_LL.c ****             CY_SET_REG32(CapSense_SW_HS_P_SEL_PTR, CapSense_SW_HS_P_SEL_COARSE);
 1240              		.loc 1 2603 0
 1241 0024 0A30     		adds	r0, r0, #10
 1242 0026 2C49     		ldr	r1, .L89+24
 1243 0028 0860     		str	r0, [r1]
2604:Generated_Source\PSoC4/CapSense_SensingCSD_LL.c ****         #endif /* (CapSense_ENABLE == CapSense_CSD_SHIELD_EN) */
2605:Generated_Source\PSoC4/CapSense_SensingCSD_LL.c **** 
2606:Generated_Source\PSoC4/CapSense_SensingCSD_LL.c ****         CY_SET_REG32(CapSense_SW_RES_PTR, CapSense_CSD_SW_RES_INIT);
 1244              		.loc 1 2606 0
 1245 002a 2C49     		ldr	r1, .L89+28
 1246 002c 0A60     		str	r2, [r1]
2607:Generated_Source\PSoC4/CapSense_SensingCSD_LL.c **** 
2608:Generated_Source\PSoC4/CapSense_SensingCSD_LL.c ****         /* Clear all interrupt pending requests */
2609:Generated_Source\PSoC4/CapSense_SensingCSD_LL.c ****         CY_SET_REG32(CapSense_INTR_PTR, CapSense_INTR_ALL_MASK);
 1247              		.loc 1 2609 0
 1248 002e 8321     		movs	r1, #131
 1249 0030 4900     		lsls	r1, r1, #1
 1250 0032 2B4A     		ldr	r2, .L89+32
 1251 0034 1160     		str	r1, [r2]
2610:Generated_Source\PSoC4/CapSense_SensingCSD_LL.c **** 
2611:Generated_Source\PSoC4/CapSense_SensingCSD_LL.c ****         CY_SET_REG32(CapSense_INTR_MASK_PTR, CapSense_CLEAR_MASK);
 1252              		.loc 1 2611 0
 1253 0036 2B4A     		ldr	r2, .L89+36
 1254 0038 1360     		str	r3, [r2]
2612:Generated_Source\PSoC4/CapSense_SensingCSD_LL.c **** 
2613:Generated_Source\PSoC4/CapSense_SensingCSD_LL.c ****         /* Start SEQUENCER for coarse initialization for Cmod */
2614:Generated_Source\PSoC4/CapSense_SensingCSD_LL.c ****         CY_SET_REG32(CapSense_SEQ_START_PTR, CapSense_SEQ_START_SEQ_MODE_MASK |
 1255              		.loc 1 2614 0
 1256 003a 0322     		movs	r2, #3
 1257 003c 2A4B     		ldr	r3, .L89+40
 1258 003e 1A60     		str	r2, [r3]
 1259              	.LVL178:
2615:Generated_Source\PSoC4/CapSense_SensingCSD_LL.c ****                                                          CapSense_SEQ_START_START_MASK);
2616:Generated_Source\PSoC4/CapSense_SensingCSD_LL.c **** 
2617:Generated_Source\PSoC4/CapSense_SensingCSD_LL.c ****         /* Init Watchdog Counter to prevent a hang */
2618:Generated_Source\PSoC4/CapSense_SensingCSD_LL.c ****         watchdogCounter = CapSense_CSD_PRECHARGE_WATCHDOG_CYCLES_NUM;
ARM GAS  C:\Users\ADSTRU~1\AppData\Local\Temp\ccLLBSlA.s 			page 71


 1260              		.loc 1 2618 0
 1261 0040 F023     		movs	r3, #240
 1262 0042 00E0     		b	.L82
 1263              	.LVL179:
 1264              	.L84:
2619:Generated_Source\PSoC4/CapSense_SensingCSD_LL.c **** 
2620:Generated_Source\PSoC4/CapSense_SensingCSD_LL.c ****         /* Wait for INTR.INIT goes high */
2621:Generated_Source\PSoC4/CapSense_SensingCSD_LL.c ****         while((0u == (CY_GET_REG32(CapSense_INTR_PTR) & CapSense_INTR_INIT_MASK)) && (0u != watchdo
2622:Generated_Source\PSoC4/CapSense_SensingCSD_LL.c ****         {
2623:Generated_Source\PSoC4/CapSense_SensingCSD_LL.c ****             watchdogCounter--;
 1265              		.loc 1 2623 0
 1266 0044 013B     		subs	r3, r3, #1
 1267              	.LVL180:
 1268              	.L82:
2621:Generated_Source\PSoC4/CapSense_SensingCSD_LL.c ****         {
 1269              		.loc 1 2621 0
 1270 0046 264A     		ldr	r2, .L89+32
 1271 0048 1268     		ldr	r2, [r2]
 1272 004a 5207     		lsls	r2, r2, #29
 1273 004c 01D4     		bmi	.L83
 1274 004e 002B     		cmp	r3, #0
 1275 0050 F8D1     		bne	.L84
 1276              	.L83:
2624:Generated_Source\PSoC4/CapSense_SensingCSD_LL.c ****         }
2625:Generated_Source\PSoC4/CapSense_SensingCSD_LL.c **** 
2626:Generated_Source\PSoC4/CapSense_SensingCSD_LL.c ****         if (0u == watchdogCounter)
 1277              		.loc 1 2626 0
 1278 0052 002B     		cmp	r3, #0
 1279 0054 02D1     		bne	.L85
2627:Generated_Source\PSoC4/CapSense_SensingCSD_LL.c ****         {
2628:Generated_Source\PSoC4/CapSense_SensingCSD_LL.c ****             /* Set sequencer to idle state if coarse initialization fails */
2629:Generated_Source\PSoC4/CapSense_SensingCSD_LL.c ****             CY_SET_REG32(CapSense_SEQ_START_PTR, CapSense_SEQ_START_ABORT_MASK);
 1280              		.loc 1 2629 0
 1281 0056 0822     		movs	r2, #8
 1282 0058 234B     		ldr	r3, .L89+40
 1283              	.LVL181:
 1284 005a 1A60     		str	r2, [r3]
 1285              	.L85:
 1286              	.LBE7:
 1287              	.LBE6:
 1288              	.LBB8:
 1289              	.LBB9:
2630:Generated_Source\PSoC4/CapSense_SensingCSD_LL.c ****         }
2631:Generated_Source\PSoC4/CapSense_SensingCSD_LL.c **** 
2632:Generated_Source\PSoC4/CapSense_SensingCSD_LL.c ****     #else
2633:Generated_Source\PSoC4/CapSense_SensingCSD_LL.c **** 
2634:Generated_Source\PSoC4/CapSense_SensingCSD_LL.c ****         uint32 tmpRegValue;
2635:Generated_Source\PSoC4/CapSense_SensingCSD_LL.c ****         uint32 newRegValue;
2636:Generated_Source\PSoC4/CapSense_SensingCSD_LL.c ****         uint32 watchdogCounter;
2637:Generated_Source\PSoC4/CapSense_SensingCSD_LL.c **** 
2638:Generated_Source\PSoC4/CapSense_SensingCSD_LL.c ****         /* Save the current IDAC configuration */
2639:Generated_Source\PSoC4/CapSense_SensingCSD_LL.c ****         tmpRegValue = CY_GET_REG32(CapSense_IDAC_PTR);
2640:Generated_Source\PSoC4/CapSense_SensingCSD_LL.c **** 
2641:Generated_Source\PSoC4/CapSense_SensingCSD_LL.c ****         /* Wait until Cmod discharges below Vref */
2642:Generated_Source\PSoC4/CapSense_SensingCSD_LL.c ****         CyDelayCycles(CapSense_CMOD_DISCHARGE_CYCLES);
2643:Generated_Source\PSoC4/CapSense_SensingCSD_LL.c **** 
2644:Generated_Source\PSoC4/CapSense_SensingCSD_LL.c ****         newRegValue = CapSense_CSD_IDAC_PRECHARGE_CONFIG | (tmpRegValue & ~CapSense_IDAC_MOD_CFG_MA
ARM GAS  C:\Users\ADSTRU~1\AppData\Local\Temp\ccLLBSlA.s 			page 72


2645:Generated_Source\PSoC4/CapSense_SensingCSD_LL.c **** 
2646:Generated_Source\PSoC4/CapSense_SensingCSD_LL.c ****         /* Set the IDAC configuration for fast Cmod precharge to Vref */
2647:Generated_Source\PSoC4/CapSense_SensingCSD_LL.c ****         CY_SET_REG32(CapSense_IDAC_PTR, newRegValue);
2648:Generated_Source\PSoC4/CapSense_SensingCSD_LL.c **** 
2649:Generated_Source\PSoC4/CapSense_SensingCSD_LL.c ****         #if (CapSense_IDAC_SINKING == CapSense_CSD_IDAC_CONFIG)
2650:Generated_Source\PSoC4/CapSense_SensingCSD_LL.c ****             CY_SET_REG32(CapSense_CONFIG_PTR, CY_GET_REG32(CapSense_CONFIG_PTR) & ~CapSense_CONFIG_
2651:Generated_Source\PSoC4/CapSense_SensingCSD_LL.c ****         #endif /* (CapSense_IDAC_SINKING == CapSense_CSD_IDAC_CONFIG) */
2652:Generated_Source\PSoC4/CapSense_SensingCSD_LL.c **** 
2653:Generated_Source\PSoC4/CapSense_SensingCSD_LL.c ****         /* Init Watchdog Counter to prevent a hang */
2654:Generated_Source\PSoC4/CapSense_SensingCSD_LL.c ****         watchdogCounter = CapSense_CSD_PRECHARGE_WATCHDOG_CYCLES_NUM;
2655:Generated_Source\PSoC4/CapSense_SensingCSD_LL.c **** 
2656:Generated_Source\PSoC4/CapSense_SensingCSD_LL.c ****         /* Wait until Cmod reaches to Vref */
2657:Generated_Source\PSoC4/CapSense_SensingCSD_LL.c ****         while((0u == (CY_GET_REG32(CapSense_STATUS_PTR) & CapSense_STATUS_SAMPLE)) && (0u != watchd
2658:Generated_Source\PSoC4/CapSense_SensingCSD_LL.c ****         {
2659:Generated_Source\PSoC4/CapSense_SensingCSD_LL.c ****             watchdogCounter--;
2660:Generated_Source\PSoC4/CapSense_SensingCSD_LL.c ****         }
2661:Generated_Source\PSoC4/CapSense_SensingCSD_LL.c **** 
2662:Generated_Source\PSoC4/CapSense_SensingCSD_LL.c ****         #if (CapSense_IDAC_SINKING == CapSense_CSD_IDAC_CONFIG)
2663:Generated_Source\PSoC4/CapSense_SensingCSD_LL.c ****             CY_SET_REG32(CapSense_CONFIG_PTR, CY_GET_REG32(CapSense_CONFIG_PTR) | CapSense_CONFIG_P
2664:Generated_Source\PSoC4/CapSense_SensingCSD_LL.c ****         #endif /* (CapSense_IDAC_SINKING == CapSense_CSD_IDAC_CONFIG) */
2665:Generated_Source\PSoC4/CapSense_SensingCSD_LL.c **** 
2666:Generated_Source\PSoC4/CapSense_SensingCSD_LL.c ****         /* Restore the current IDAC configuration */
2667:Generated_Source\PSoC4/CapSense_SensingCSD_LL.c ****         CY_SET_REG32(CapSense_IDAC_PTR, tmpRegValue);
2668:Generated_Source\PSoC4/CapSense_SensingCSD_LL.c **** 
2669:Generated_Source\PSoC4/CapSense_SensingCSD_LL.c ****         /* Enable the sense modulator output */
2670:Generated_Source\PSoC4/CapSense_SensingCSD_LL.c ****         CY_SET_REG32(CapSense_CONFIG_PTR, CapSense_configCsd | CapSense_CTANK_PRECHARGE_CONFIG_CSD_
2671:Generated_Source\PSoC4/CapSense_SensingCSD_LL.c **** 
2672:Generated_Source\PSoC4/CapSense_SensingCSD_LL.c ****         CyIntEnable(CapSense_ISR_NUMBER);
2673:Generated_Source\PSoC4/CapSense_SensingCSD_LL.c **** 
2674:Generated_Source\PSoC4/CapSense_SensingCSD_LL.c ****     #endif /* (CapSense_ENABLE == CapSense_CSDV2) */
2675:Generated_Source\PSoC4/CapSense_SensingCSD_LL.c **** }
2676:Generated_Source\PSoC4/CapSense_SensingCSD_LL.c **** 
2677:Generated_Source\PSoC4/CapSense_SensingCSD_LL.c **** 
2678:Generated_Source\PSoC4/CapSense_SensingCSD_LL.c **** /*******************************************************************************
2679:Generated_Source\PSoC4/CapSense_SensingCSD_LL.c **** * Function Name: CapSense_SsCSDTriggerScan
2680:Generated_Source\PSoC4/CapSense_SensingCSD_LL.c **** ****************************************************************************//**
2681:Generated_Source\PSoC4/CapSense_SensingCSD_LL.c **** *
2682:Generated_Source\PSoC4/CapSense_SensingCSD_LL.c **** * \brief
2683:Generated_Source\PSoC4/CapSense_SensingCSD_LL.c **** *  This function triggers the scanning.
2684:Generated_Source\PSoC4/CapSense_SensingCSD_LL.c **** *
2685:Generated_Source\PSoC4/CapSense_SensingCSD_LL.c **** * \details
2686:Generated_Source\PSoC4/CapSense_SensingCSD_LL.c **** *  For Third-generation HW block:
2687:Generated_Source\PSoC4/CapSense_SensingCSD_LL.c **** *  Writes resolution to start the scanning.
2688:Generated_Source\PSoC4/CapSense_SensingCSD_LL.c **** *
2689:Generated_Source\PSoC4/CapSense_SensingCSD_LL.c **** *  For Fourth-generation HW block:
2690:Generated_Source\PSoC4/CapSense_SensingCSD_LL.c **** *  Trigger the fine initialization (scan some dummy cycles) and start sampling.
2691:Generated_Source\PSoC4/CapSense_SensingCSD_LL.c **** *  Fine initialization for CMOD and Start scan.
2692:Generated_Source\PSoC4/CapSense_SensingCSD_LL.c **** *  For the fine initialization and sampling, Cmod is static connected to AMUXBUS-A
2693:Generated_Source\PSoC4/CapSense_SensingCSD_LL.c **** *  and in every conversion (one cycle of SnsClk), the sensor capacitance is charged
2694:Generated_Source\PSoC4/CapSense_SensingCSD_LL.c **** *  from Cmod and discharged to ground using the switches in GPIO cell.
2695:Generated_Source\PSoC4/CapSense_SensingCSD_LL.c **** *  The CSDCOMP monitors voltage on Cmod using the sense path and charges Cmod back
2696:Generated_Source\PSoC4/CapSense_SensingCSD_LL.c **** *  to Vref using IDACs by connecting IDAC to CSDBUS-A and then the AMUXBUS-A.
2697:Generated_Source\PSoC4/CapSense_SensingCSD_LL.c **** *
2698:Generated_Source\PSoC4/CapSense_SensingCSD_LL.c **** *******************************************************************************/
2699:Generated_Source\PSoC4/CapSense_SensingCSD_LL.c **** CY_INLINE static void CapSense_SsCSDTriggerScan(void)
2700:Generated_Source\PSoC4/CapSense_SensingCSD_LL.c **** {
2701:Generated_Source\PSoC4/CapSense_SensingCSD_LL.c ****     #if (CapSense_ENABLE == CapSense_CSDV2)
ARM GAS  C:\Users\ADSTRU~1\AppData\Local\Temp\ccLLBSlA.s 			page 73


2702:Generated_Source\PSoC4/CapSense_SensingCSD_LL.c **** 
2703:Generated_Source\PSoC4/CapSense_SensingCSD_LL.c ****         /* Fourth-generation HW block section */
2704:Generated_Source\PSoC4/CapSense_SensingCSD_LL.c **** 
2705:Generated_Source\PSoC4/CapSense_SensingCSD_LL.c ****         uint32 watchdogCounter;
2706:Generated_Source\PSoC4/CapSense_SensingCSD_LL.c **** 
2707:Generated_Source\PSoC4/CapSense_SensingCSD_LL.c ****         /* Clear previous interrupts */
2708:Generated_Source\PSoC4/CapSense_SensingCSD_LL.c ****         CY_SET_REG32(CapSense_INTR_PTR, CapSense_INTR_ALL_MASK);
 1290              		.loc 1 2708 0
 1291 005c 8322     		movs	r2, #131
 1292 005e 5200     		lsls	r2, r2, #1
 1293 0060 1F4B     		ldr	r3, .L89+32
 1294 0062 1A60     		str	r2, [r3]
2709:Generated_Source\PSoC4/CapSense_SensingCSD_LL.c **** 
2710:Generated_Source\PSoC4/CapSense_SensingCSD_LL.c ****         /* Clear pending interrupts  */
2711:Generated_Source\PSoC4/CapSense_SensingCSD_LL.c ****         CyIntClearPending(CapSense_ISR_NUMBER);
 1295              		.loc 1 2711 0
 1296 0064 0A20     		movs	r0, #10
 1297 0066 FFF7FEFF 		bl	CyIntClearPending
 1298              	.LVL182:
2712:Generated_Source\PSoC4/CapSense_SensingCSD_LL.c **** 
2713:Generated_Source\PSoC4/CapSense_SensingCSD_LL.c ****         /* Enable CSD interrupt */
2714:Generated_Source\PSoC4/CapSense_SensingCSD_LL.c ****         CyIntEnable(CapSense_ISR_NUMBER);
 1299              		.loc 1 2714 0
 1300 006a 0A20     		movs	r0, #10
 1301 006c FFF7FEFF 		bl	CyIntEnable
 1302              	.LVL183:
2715:Generated_Source\PSoC4/CapSense_SensingCSD_LL.c **** 
2716:Generated_Source\PSoC4/CapSense_SensingCSD_LL.c **** 
2717:Generated_Source\PSoC4/CapSense_SensingCSD_LL.c ****         CY_SET_REG32(CapSense_SW_HS_P_SEL_PTR, CapSense_CSD_SW_HS_P_SEL_SCAN);
 1303              		.loc 1 2717 0
 1304 0070 0023     		movs	r3, #0
 1305 0072 194A     		ldr	r2, .L89+24
 1306 0074 1360     		str	r3, [r2]
2718:Generated_Source\PSoC4/CapSense_SensingCSD_LL.c **** 
2719:Generated_Source\PSoC4/CapSense_SensingCSD_LL.c ****         /* Set scanning configuration for switches */
2720:Generated_Source\PSoC4/CapSense_SensingCSD_LL.c ****         CY_SET_REG32(CapSense_SW_FW_MOD_SEL_PTR, CapSense_CSD_SW_FW_MOD_SEL_SCAN);
 1307              		.loc 1 2720 0
 1308 0076 144A     		ldr	r2, .L89+8
 1309 0078 1360     		str	r3, [r2]
2721:Generated_Source\PSoC4/CapSense_SensingCSD_LL.c ****         CY_SET_REG32(CapSense_SW_FW_TANK_SEL_PTR,CapSense_CSD_SW_FW_TANK_SEL_SCAN);
 1310              		.loc 1 2721 0
 1311 007a 154A     		ldr	r2, .L89+16
 1312 007c 1360     		str	r3, [r2]
2722:Generated_Source\PSoC4/CapSense_SensingCSD_LL.c **** 
2723:Generated_Source\PSoC4/CapSense_SensingCSD_LL.c ****         CY_SET_REG32(CapSense_SW_SHIELD_SEL_PTR,  CapSense_CSD_SW_SHIELD_SEL_SCAN);
 1313              		.loc 1 2723 0
 1314 007e 154A     		ldr	r2, .L89+20
 1315 0080 1360     		str	r3, [r2]
2724:Generated_Source\PSoC4/CapSense_SensingCSD_LL.c **** 
2725:Generated_Source\PSoC4/CapSense_SensingCSD_LL.c ****         #if((CapSense_ENABLE == CapSense_CSD_SHIELD_EN) && (CapSense_ENABLE == CapSense_CSD_SHIELD_
2726:Generated_Source\PSoC4/CapSense_SensingCSD_LL.c ****             /* Connect CTANK to AMUXBUS-B */
2727:Generated_Source\PSoC4/CapSense_SensingCSD_LL.c ****             CapSense_SsCSDEnableShieldTank();
2728:Generated_Source\PSoC4/CapSense_SensingCSD_LL.c ****         #endif /* ((CapSense_ENABLE == CapSense_CSD_SHIELD_EN) && (CapSense_ENABLE == CapSense_CSD_
2729:Generated_Source\PSoC4/CapSense_SensingCSD_LL.c **** 
2730:Generated_Source\PSoC4/CapSense_SensingCSD_LL.c ****         CY_SET_REG32(CapSense_SW_RES_PTR, CapSense_CSD_SW_RES_SCAN);
 1316              		.loc 1 2730 0
 1317 0082 5021     		movs	r1, #80
ARM GAS  C:\Users\ADSTRU~1\AppData\Local\Temp\ccLLBSlA.s 			page 74


 1318 0084 154A     		ldr	r2, .L89+28
 1319 0086 1160     		str	r1, [r2]
2731:Generated_Source\PSoC4/CapSense_SensingCSD_LL.c ****         CY_SET_REG32(CapSense_CSDCMP_PTR, CapSense_CSD_CSDCMP_SCAN);
 1320              		.loc 1 2731 0
 1321 0088 4F39     		subs	r1, r1, #79
 1322 008a 0E4A     		ldr	r2, .L89+4
 1323 008c 1160     		str	r1, [r2]
2732:Generated_Source\PSoC4/CapSense_SensingCSD_LL.c **** 
2733:Generated_Source\PSoC4/CapSense_SensingCSD_LL.c ****         #if (CapSense_DISABLE == CapSense_CSD_SHIELD_EN)
2734:Generated_Source\PSoC4/CapSense_SensingCSD_LL.c ****             /* Disable HSCOMP during the sampling phase when shield is disabled */
2735:Generated_Source\PSoC4/CapSense_SensingCSD_LL.c ****             CY_SET_REG32(CapSense_HSCMP_PTR, 0u);
 1324              		.loc 1 2735 0
 1325 008e 0C4A     		ldr	r2, .L89
 1326 0090 1360     		str	r3, [r2]
2736:Generated_Source\PSoC4/CapSense_SensingCSD_LL.c ****         #else
2737:Generated_Source\PSoC4/CapSense_SensingCSD_LL.c ****             CY_SET_REG32(CapSense_HSCMP_PTR, CapSense_HSCMP_SCAN_MASK);
2738:Generated_Source\PSoC4/CapSense_SensingCSD_LL.c ****         #endif /* (CapSense_DISABLE == CapSense_CSD_SHIELD_EN) */
2739:Generated_Source\PSoC4/CapSense_SensingCSD_LL.c **** 
2740:Generated_Source\PSoC4/CapSense_SensingCSD_LL.c ****         #if (CapSense_CLK_SOURCE_DIRECT != CapSense_CSD_SNS_CLK_SOURCE)
2741:Generated_Source\PSoC4/CapSense_SensingCSD_LL.c ****             /* Force the LFSR to it's initial state (all ones) */
2742:Generated_Source\PSoC4/CapSense_SensingCSD_LL.c ****             CY_SET_REG32(CapSense_SENSE_PERIOD_PTR, CY_GET_REG32(CapSense_SENSE_PERIOD_PTR) |
 1327              		.loc 1 2742 0
 1328 0092 164A     		ldr	r2, .L89+44
 1329 0094 1368     		ldr	r3, [r2]
 1330 0096 8021     		movs	r1, #128
 1331 0098 4904     		lsls	r1, r1, #17
 1332 009a 0B43     		orrs	r3, r1
 1333 009c 1360     		str	r3, [r2]
2743:Generated_Source\PSoC4/CapSense_SensingCSD_LL.c ****                                                            CapSense_SENSE_PERIOD_LFSR_CLEAR_MASK);
2744:Generated_Source\PSoC4/CapSense_SensingCSD_LL.c ****         #endif /* (CapSense_CLK_SOURCE_DIRECT != CapSense_CSD_SNS_CLK_SOURCE) */
2745:Generated_Source\PSoC4/CapSense_SensingCSD_LL.c **** 
2746:Generated_Source\PSoC4/CapSense_SensingCSD_LL.c ****         /* Enable SAMPLE interrupt */
2747:Generated_Source\PSoC4/CapSense_SensingCSD_LL.c ****         CY_SET_REG32(CapSense_INTR_MASK_PTR, CapSense_INTR_MASK_SAMPLE_MASK);
 1334              		.loc 1 2747 0
 1335 009e 0222     		movs	r2, #2
 1336 00a0 104B     		ldr	r3, .L89+36
 1337 00a2 1A60     		str	r2, [r3]
 1338              	.LVL184:
2748:Generated_Source\PSoC4/CapSense_SensingCSD_LL.c **** 
2749:Generated_Source\PSoC4/CapSense_SensingCSD_LL.c ****         /* Init Watchdog Counter to prevent a hang */
2750:Generated_Source\PSoC4/CapSense_SensingCSD_LL.c ****         watchdogCounter = CapSense_CSD_PRECHARGE_WATCHDOG_CYCLES_NUM;
 1339              		.loc 1 2750 0
 1340 00a4 F023     		movs	r3, #240
 1341 00a6 00E0     		b	.L86
 1342              	.LVL185:
 1343              	.L88:
2751:Generated_Source\PSoC4/CapSense_SensingCSD_LL.c **** 
2752:Generated_Source\PSoC4/CapSense_SensingCSD_LL.c ****         /* Wait for IDLE state of the HW sequencer */
2753:Generated_Source\PSoC4/CapSense_SensingCSD_LL.c ****         while((0u != (CapSense_STAT_SEQ_REG & CapSense_STAT_SEQ_SEQ_STATE_MASK)) && (0u != watchdog
2754:Generated_Source\PSoC4/CapSense_SensingCSD_LL.c ****         {
2755:Generated_Source\PSoC4/CapSense_SensingCSD_LL.c ****             watchdogCounter--;
 1344              		.loc 1 2755 0
 1345 00a8 013B     		subs	r3, r3, #1
 1346              	.LVL186:
 1347              	.L86:
2753:Generated_Source\PSoC4/CapSense_SensingCSD_LL.c ****         {
 1348              		.loc 1 2753 0
ARM GAS  C:\Users\ADSTRU~1\AppData\Local\Temp\ccLLBSlA.s 			page 75


 1349 00aa 114A     		ldr	r2, .L89+48
 1350 00ac 1268     		ldr	r2, [r2]
 1351 00ae 5207     		lsls	r2, r2, #29
 1352 00b0 01D0     		beq	.L87
 1353 00b2 002B     		cmp	r3, #0
 1354 00b4 F8D1     		bne	.L88
 1355              	.L87:
2756:Generated_Source\PSoC4/CapSense_SensingCSD_LL.c ****         }
2757:Generated_Source\PSoC4/CapSense_SensingCSD_LL.c **** 
2758:Generated_Source\PSoC4/CapSense_SensingCSD_LL.c ****         /* Start SEQUENCER for fine initialization scan for Cmod and then for normal scan */
2759:Generated_Source\PSoC4/CapSense_SensingCSD_LL.c ****         CY_SET_REG32(CapSense_SEQ_START_PTR, CapSense_SEQ_START_AZ0_SKIP_MASK |
 1356              		.loc 1 2759 0
 1357 00b6 0F4A     		ldr	r2, .L89+52
 1358 00b8 0B4B     		ldr	r3, .L89+40
 1359              	.LVL187:
 1360 00ba 1A60     		str	r2, [r3]
 1361              	.LBE9:
 1362              	.LBE8:
1389:Generated_Source\PSoC4/CapSense_SensingCSD_LL.c **** 
 1363              		.loc 1 1389 0
 1364              		@ sp needed
 1365 00bc 10BD     		pop	{r4, pc}
 1366              	.L90:
 1367 00be C046     		.align	2
 1368              	.L89:
 1369 00c0 80010B40 		.word	1074463104
 1370 00c4 8C010B40 		.word	1074463116
 1371 00c8 B0020B40 		.word	1074463408
 1372 00cc 10110000 		.word	4368
 1373 00d0 B4020B40 		.word	1074463412
 1374 00d4 88020B40 		.word	1074463368
 1375 00d8 80020B40 		.word	1074463360
 1376 00dc F0010B40 		.word	1074463216
 1377 00e0 F0000B40 		.word	1074462960
 1378 00e4 F8000B40 		.word	1074462968
 1379 00e8 40030B40 		.word	1074463552
 1380 00ec 00020B40 		.word	1074463232
 1381 00f0 00000B40 		.word	1074462720
 1382 00f4 01030000 		.word	769
 1383              		.cfi_endproc
 1384              	.LFE12:
 1385              		.size	CapSense_SsCSDStartSample, .-CapSense_SsCSDStartSample
 1386              		.section	.text.CapSense_CSDScanExt,"ax",%progbits
 1387              		.align	2
 1388              		.global	CapSense_CSDScanExt
 1389              		.code	16
 1390              		.thumb_func
 1391              		.type	CapSense_CSDScanExt, %function
 1392              	CapSense_CSDScanExt:
 1393              	.LFB13:
1441:Generated_Source\PSoC4/CapSense_SensingCSD_LL.c ****     #if ((CapSense_DISABLE == CapSense_CSD_COMMON_SNS_CLK_EN) && \
 1394              		.loc 1 1441 0
 1395              		.cfi_startproc
 1396              		@ args = 0, pretend = 0, frame = 0
 1397              		@ frame_needed = 0, uses_anonymous_args = 0
 1398 0000 10B5     		push	{r4, lr}
 1399              		.cfi_def_cfa_offset 8
ARM GAS  C:\Users\ADSTRU~1\AppData\Local\Temp\ccLLBSlA.s 			page 76


 1400              		.cfi_offset 4, -8
 1401              		.cfi_offset 14, -4
1452:Generated_Source\PSoC4/CapSense_SensingCSD_LL.c **** 
 1402              		.loc 1 1452 0
 1403 0002 054A     		ldr	r2, .L92
 1404 0004 D368     		ldr	r3, [r2, #12]
 1405 0006 0549     		ldr	r1, .L92+4
 1406 0008 0B43     		orrs	r3, r1
 1407 000a D360     		str	r3, [r2, #12]
1462:Generated_Source\PSoC4/CapSense_SensingCSD_LL.c ****         #endif /* (CapSense_CSD_ANALOG_STARTUP_DELAY_US > 0uL) */
 1408              		.loc 1 1462 0
 1409 000c 0A20     		movs	r0, #10
 1410 000e FFF7FEFF 		bl	CyDelayUs
 1411              	.LVL188:
1467:Generated_Source\PSoC4/CapSense_SensingCSD_LL.c **** }
 1412              		.loc 1 1467 0
 1413 0012 FFF7FEFF 		bl	CapSense_SsCSDStartSample
 1414              	.LVL189:
1468:Generated_Source\PSoC4/CapSense_SensingCSD_LL.c **** 
 1415              		.loc 1 1468 0
 1416              		@ sp needed
 1417 0016 10BD     		pop	{r4, pc}
 1418              	.L93:
 1419              		.align	2
 1420              	.L92:
 1421 0018 00000000 		.word	CapSense_dsRam
 1422 001c 80000100 		.word	65664
 1423              		.cfi_endproc
 1424              	.LFE13:
 1425              		.size	CapSense_CSDScanExt, .-CapSense_CSDScanExt
 1426              		.section	.text.CapSense_CSDConnectSns,"ax",%progbits
 1427              		.align	2
 1428              		.global	CapSense_CSDConnectSns
 1429              		.code	16
 1430              		.thumb_func
 1431              		.type	CapSense_CSDConnectSns, %function
 1432              	CapSense_CSDConnectSns:
 1433              	.LFB17:
1734:Generated_Source\PSoC4/CapSense_SensingCSD_LL.c ****     uint32 newRegisterValue;
 1434              		.loc 1 1734 0
 1435              		.cfi_startproc
 1436              		@ args = 0, pretend = 0, frame = 0
 1437              		@ frame_needed = 0, uses_anonymous_args = 0
 1438              	.LVL190:
 1439 0000 70B5     		push	{r4, r5, r6, lr}
 1440              		.cfi_def_cfa_offset 16
 1441              		.cfi_offset 4, -16
 1442              		.cfi_offset 5, -12
 1443              		.cfi_offset 6, -8
 1444              		.cfi_offset 14, -4
 1445 0002 0400     		movs	r4, r0
1741:Generated_Source\PSoC4/CapSense_SensingCSD_LL.c ****     pinHSIOMShift = (uint32)snsAddrPtr->hsiomShift;
 1446              		.loc 1 1741 0
 1447 0004 857E     		ldrb	r5, [r0, #26]
 1448              	.LVL191:
1742:Generated_Source\PSoC4/CapSense_SensingCSD_LL.c **** 
 1449              		.loc 1 1742 0
ARM GAS  C:\Users\ADSTRU~1\AppData\Local\Temp\ccLLBSlA.s 			page 77


 1450 0006 067E     		ldrb	r6, [r0, #24]
 1451              	.LVL192:
1744:Generated_Source\PSoC4/CapSense_SensingCSD_LL.c **** 
 1452              		.loc 1 1744 0
 1453 0008 FFF7FEFF 		bl	CyEnterCriticalSection
 1454              	.LVL193:
1747:Generated_Source\PSoC4/CapSense_SensingCSD_LL.c ****     newRegisterValue &= ~(CapSense_HSIOM_SEL_MASK << pinHSIOMShift);
 1455              		.loc 1 1747 0
 1456 000c 2368     		ldr	r3, [r4]
 1457 000e 1B68     		ldr	r3, [r3]
 1458              	.LVL194:
1748:Generated_Source\PSoC4/CapSense_SensingCSD_LL.c ****     newRegisterValue |= (uint32)((uint32)CapSense_HSIOM_SEL_CSD_SENSE << pinHSIOMShift);
 1459              		.loc 1 1748 0
 1460 0010 0F22     		movs	r2, #15
 1461 0012 B240     		lsls	r2, r2, r6
 1462 0014 9343     		bics	r3, r2
 1463              	.LVL195:
 1464 0016 1A00     		movs	r2, r3
 1465              	.LVL196:
1749:Generated_Source\PSoC4/CapSense_SensingCSD_LL.c **** 
 1466              		.loc 1 1749 0
 1467 0018 0423     		movs	r3, #4
 1468 001a B340     		lsls	r3, r3, r6
 1469 001c 1343     		orrs	r3, r2
 1470              	.LVL197:
1752:Generated_Source\PSoC4/CapSense_SensingCSD_LL.c **** 
 1471              		.loc 1 1752 0
 1472 001e 6668     		ldr	r6, [r4, #4]
 1473              	.LVL198:
 1474 0020 3268     		ldr	r2, [r6]
 1475 0022 0721     		movs	r1, #7
 1476 0024 A940     		lsls	r1, r1, r5
 1477 0026 8A43     		bics	r2, r1
 1478 0028 3260     		str	r2, [r6]
1755:Generated_Source\PSoC4/CapSense_SensingCSD_LL.c **** 
 1479              		.loc 1 1755 0
 1480 002a 2268     		ldr	r2, [r4]
 1481 002c 1360     		str	r3, [r2]
1757:Generated_Source\PSoC4/CapSense_SensingCSD_LL.c **** }
 1482              		.loc 1 1757 0
 1483 002e FFF7FEFF 		bl	CyExitCriticalSection
 1484              	.LVL199:
1758:Generated_Source\PSoC4/CapSense_SensingCSD_LL.c **** 
 1485              		.loc 1 1758 0
 1486              		@ sp needed
 1487              	.LVL200:
 1488              	.LVL201:
 1489 0032 70BD     		pop	{r4, r5, r6, pc}
 1490              		.cfi_endproc
 1491              	.LFE17:
 1492              		.size	CapSense_CSDConnectSns, .-CapSense_CSDConnectSns
 1493              		.section	.text.CapSense_CSDScan,"ax",%progbits
 1494              		.align	2
 1495              		.global	CapSense_CSDScan
 1496              		.code	16
 1497              		.thumb_func
 1498              		.type	CapSense_CSDScan, %function
ARM GAS  C:\Users\ADSTRU~1\AppData\Local\Temp\ccLLBSlA.s 			page 78


 1499              	CapSense_CSDScan:
 1500              	.LFB14:
1508:Generated_Source\PSoC4/CapSense_SensingCSD_LL.c ****     CapSense_RAM_WD_BASE_STRUCT const *ptrWdgt = (CapSense_RAM_WD_BASE_STRUCT *)
 1501              		.loc 1 1508 0
 1502              		.cfi_startproc
 1503              		@ args = 0, pretend = 0, frame = 0
 1504              		@ frame_needed = 0, uses_anonymous_args = 0
 1505 0000 F0B5     		push	{r4, r5, r6, r7, lr}
 1506              		.cfi_def_cfa_offset 20
 1507              		.cfi_offset 4, -20
 1508              		.cfi_offset 5, -16
 1509              		.cfi_offset 6, -12
 1510              		.cfi_offset 7, -8
 1511              		.cfi_offset 14, -4
 1512 0002 4746     		mov	r7, r8
 1513 0004 80B4     		push	{r7}
 1514              		.cfi_def_cfa_offset 24
 1515              		.cfi_offset 8, -24
1510:Generated_Source\PSoC4/CapSense_SensingCSD_LL.c **** 
 1516              		.loc 1 1510 0
 1517 0006 204B     		ldr	r3, .L97
 1518 0008 1B78     		ldrb	r3, [r3]
1509:Generated_Source\PSoC4/CapSense_SensingCSD_LL.c ****                                                     CapSense_dsFlash.wdgtArray[CapSense_widgetIndex
 1519              		.loc 1 1509 0
 1520 000a 2C22     		movs	r2, #44
 1521 000c 5343     		muls	r3, r2
 1522 000e 1F4A     		ldr	r2, .L97+4
 1523 0010 D318     		adds	r3, r2, r3
 1524 0012 5B68     		ldr	r3, [r3, #4]
 1525 0014 9846     		mov	r8, r3
 1526              	.LVL202:
1513:Generated_Source\PSoC4/CapSense_SensingCSD_LL.c ****     {
 1527              		.loc 1 1513 0
 1528 0016 1E4B     		ldr	r3, .L97+8
 1529              	.LVL203:
 1530 0018 6D22     		movs	r2, #109
 1531 001a 9A5C     		ldrb	r2, [r3, r2]
 1532 001c 6C21     		movs	r1, #108
 1533 001e 585C     		ldrb	r0, [r3, r1]
 1534 0020 8242     		cmp	r2, r0
 1535 0022 06D0     		beq	.L96
1515:Generated_Source\PSoC4/CapSense_SensingCSD_LL.c ****         CapSense_dsRam.scanCurrentISC = CapSense_dsRam.scanCsdISC;
 1536              		.loc 1 1515 0
 1537 0024 FFF7FEFF 		bl	CapSense_SsSetAllIOsState
 1538              	.LVL204:
1516:Generated_Source\PSoC4/CapSense_SensingCSD_LL.c ****     }
 1539              		.loc 1 1516 0
 1540 0028 194B     		ldr	r3, .L97+8
 1541 002a 6C22     		movs	r2, #108
 1542 002c 995C     		ldrb	r1, [r3, r2]
 1543 002e 0132     		adds	r2, r2, #1
 1544 0030 9954     		strb	r1, [r3, r2]
 1545              	.L96:
1523:Generated_Source\PSoC4/CapSense_SensingCSD_LL.c **** 
 1546              		.loc 1 1523 0
 1547 0032 184C     		ldr	r4, .L97+12
 1548 0034 0023     		movs	r3, #0
ARM GAS  C:\Users\ADSTRU~1\AppData\Local\Temp\ccLLBSlA.s 			page 79


 1549 0036 2370     		strb	r3, [r4]
1526:Generated_Source\PSoC4/CapSense_SensingCSD_LL.c ****                                               CapSense_dsFlash.wdgtArray[CapSense_widgetIndex].ptr2
 1550              		.loc 1 1526 0
 1551 0038 134F     		ldr	r7, .L97
 1552 003a 3B78     		ldrb	r3, [r7]
1527:Generated_Source\PSoC4/CapSense_SensingCSD_LL.c ****                                               + CapSense_sensorIndex;
 1553              		.loc 1 1527 0
 1554 003c 134D     		ldr	r5, .L97+4
 1555 003e 2C26     		movs	r6, #44
 1556 0040 7343     		muls	r3, r6
 1557 0042 EB18     		adds	r3, r5, r3
 1558 0044 9968     		ldr	r1, [r3, #8]
1528:Generated_Source\PSoC4/CapSense_SensingCSD_LL.c **** 
 1559              		.loc 1 1528 0
 1560 0046 2378     		ldrb	r3, [r4]
 1561 0048 DBB2     		uxtb	r3, r3
 1562 004a 9A00     		lsls	r2, r3, #2
 1563 004c D318     		adds	r3, r2, r3
 1564 004e 5A00     		lsls	r2, r3, #1
 1565 0050 8A18     		adds	r2, r1, r2
1526:Generated_Source\PSoC4/CapSense_SensingCSD_LL.c ****                                               CapSense_dsFlash.wdgtArray[CapSense_widgetIndex].ptr2
 1566              		.loc 1 1526 0
 1567 0052 114B     		ldr	r3, .L97+16
 1568 0054 1A60     		str	r2, [r3]
1536:Generated_Source\PSoC4/CapSense_SensingCSD_LL.c **** 
 1569              		.loc 1 1536 0
 1570 0056 4046     		mov	r0, r8
 1571 0058 FFF7FEFF 		bl	CapSense_SsCSDSetUpIdacs
 1572              	.LVL205:
1555:Generated_Source\PSoC4/CapSense_SensingCSD_LL.c ****                                         CapSense_dsFlash.wdgtArray[CapSense_widgetIndex].ptr2SnsFla
 1573              		.loc 1 1555 0
 1574 005c 3B78     		ldrb	r3, [r7]
1556:Generated_Source\PSoC4/CapSense_SensingCSD_LL.c ****                                         + CapSense_sensorIndex;
 1575              		.loc 1 1556 0
 1576 005e 5E43     		muls	r6, r3
 1577 0060 7059     		ldr	r0, [r6, r5]
1557:Generated_Source\PSoC4/CapSense_SensingCSD_LL.c **** 
 1578              		.loc 1 1557 0
 1579 0062 2278     		ldrb	r2, [r4]
 1580 0064 D2B2     		uxtb	r2, r2
 1581 0066 D300     		lsls	r3, r2, #3
 1582 0068 9A1A     		subs	r2, r3, r2
 1583 006a 9300     		lsls	r3, r2, #2
 1584 006c C018     		adds	r0, r0, r3
1555:Generated_Source\PSoC4/CapSense_SensingCSD_LL.c ****                                         CapSense_dsFlash.wdgtArray[CapSense_widgetIndex].ptr2SnsFla
 1585              		.loc 1 1555 0
 1586 006e 0B4B     		ldr	r3, .L97+20
 1587 0070 1860     		str	r0, [r3]
1560:Generated_Source\PSoC4/CapSense_SensingCSD_LL.c **** 
 1588              		.loc 1 1560 0
 1589 0072 FFF7FEFF 		bl	CapSense_CSDConnectSns
 1590              	.LVL206:
1563:Generated_Source\PSoC4/CapSense_SensingCSD_LL.c ****     #endif /* (CapSense_ENABLE == CapSense_CSD_GANGED_SNS_EN)  */
 1591              		.loc 1 1563 0
 1592 0076 0A48     		ldr	r0, .L97+24
 1593 0078 FFF7FEFF 		bl	CapSense_ISR_StartEx
 1594              	.LVL207:
ARM GAS  C:\Users\ADSTRU~1\AppData\Local\Temp\ccLLBSlA.s 			page 80


1567:Generated_Source\PSoC4/CapSense_SensingCSD_LL.c **** }
 1595              		.loc 1 1567 0
 1596 007c FFF7FEFF 		bl	CapSense_CSDScanExt
 1597              	.LVL208:
1568:Generated_Source\PSoC4/CapSense_SensingCSD_LL.c **** 
 1598              		.loc 1 1568 0
 1599              		@ sp needed
 1600              	.LVL209:
 1601 0080 04BC     		pop	{r2}
 1602 0082 9046     		mov	r8, r2
 1603 0084 F0BD     		pop	{r4, r5, r6, r7, pc}
 1604              	.L98:
 1605 0086 C046     		.align	2
 1606              	.L97:
 1607 0088 00000000 		.word	CapSense_widgetIndex
 1608 008c 00000000 		.word	CapSense_dsFlash
 1609 0090 00000000 		.word	CapSense_dsRam
 1610 0094 00000000 		.word	CapSense_sensorIndex
 1611 0098 00000000 		.word	CapSense_curRamSnsPtr
 1612 009c 00000000 		.word	CapSense_curSnsIOPtr
 1613 00a0 00000000 		.word	CapSense_CSDPostMultiScan
 1614              		.cfi_endproc
 1615              	.LFE14:
 1616              		.size	CapSense_CSDScan, .-CapSense_CSDScan
 1617              		.section	.text.CapSense_SsCSDConnectSensorExt,"ax",%progbits
 1618              		.align	2
 1619              		.global	CapSense_SsCSDConnectSensorExt
 1620              		.code	16
 1621              		.thumb_func
 1622              		.type	CapSense_SsCSDConnectSensorExt, %function
 1623              	CapSense_SsCSDConnectSensorExt:
 1624              	.LFB15:
1591:Generated_Source\PSoC4/CapSense_SensingCSD_LL.c ****     #if (CapSense_ENABLE == CapSense_CSD_GANGED_SNS_EN)
 1625              		.loc 1 1591 0
 1626              		.cfi_startproc
 1627              		@ args = 0, pretend = 0, frame = 0
 1628              		@ frame_needed = 0, uses_anonymous_args = 0
 1629              	.LVL210:
 1630 0000 10B5     		push	{r4, lr}
 1631              		.cfi_def_cfa_offset 8
 1632              		.cfi_offset 4, -8
 1633              		.cfi_offset 14, -4
1598:Generated_Source\PSoC4/CapSense_SensingCSD_LL.c ****                                                       + sensorId;
 1634              		.loc 1 1598 0
 1635 0002 2C23     		movs	r3, #44
 1636 0004 5843     		muls	r0, r3
 1637              	.LVL211:
 1638 0006 054B     		ldr	r3, .L100
 1639 0008 C058     		ldr	r0, [r0, r3]
1599:Generated_Source\PSoC4/CapSense_SensingCSD_LL.c **** 
 1640              		.loc 1 1599 0
 1641 000a CB00     		lsls	r3, r1, #3
 1642 000c 591A     		subs	r1, r3, r1
 1643              	.LVL212:
 1644 000e 8B00     		lsls	r3, r1, #2
 1645 0010 C018     		adds	r0, r0, r3
1597:Generated_Source\PSoC4/CapSense_SensingCSD_LL.c ****                                                       CapSense_dsFlash.wdgtArray[widgetId].ptr2SnsF
ARM GAS  C:\Users\ADSTRU~1\AppData\Local\Temp\ccLLBSlA.s 			page 81


 1646              		.loc 1 1597 0
 1647 0012 034B     		ldr	r3, .L100+4
 1648 0014 1860     		str	r0, [r3]
1633:Generated_Source\PSoC4/CapSense_SensingCSD_LL.c ****     #endif /* (CapSense_ENABLE == CapSense_CSD_GANGED_SNS_EN) */
 1649              		.loc 1 1633 0
 1650 0016 FFF7FEFF 		bl	CapSense_CSDConnectSns
 1651              	.LVL213:
1635:Generated_Source\PSoC4/CapSense_SensingCSD_LL.c **** 
 1652              		.loc 1 1635 0
 1653              		@ sp needed
 1654 001a 10BD     		pop	{r4, pc}
 1655              	.L101:
 1656              		.align	2
 1657              	.L100:
 1658 001c 00000000 		.word	CapSense_dsFlash
 1659 0020 00000000 		.word	CapSense_curSnsIOPtr
 1660              		.cfi_endproc
 1661              	.LFE15:
 1662              		.size	CapSense_SsCSDConnectSensorExt, .-CapSense_SsCSDConnectSensorExt
 1663              		.section	.text.CapSense_CSDDisconnectSns,"ax",%progbits
 1664              		.align	2
 1665              		.global	CapSense_CSDDisconnectSns
 1666              		.code	16
 1667              		.thumb_func
 1668              		.type	CapSense_CSDDisconnectSns, %function
 1669              	CapSense_CSDDisconnectSns:
 1670              	.LFB18:
1786:Generated_Source\PSoC4/CapSense_SensingCSD_LL.c ****     uint8  interruptState;
 1671              		.loc 1 1786 0
 1672              		.cfi_startproc
 1673              		@ args = 0, pretend = 0, frame = 0
 1674              		@ frame_needed = 0, uses_anonymous_args = 0
 1675              	.LVL214:
 1676 0000 F8B5     		push	{r3, r4, r5, r6, r7, lr}
 1677              		.cfi_def_cfa_offset 24
 1678              		.cfi_offset 3, -24
 1679              		.cfi_offset 4, -20
 1680              		.cfi_offset 5, -16
 1681              		.cfi_offset 6, -12
 1682              		.cfi_offset 7, -8
 1683              		.cfi_offset 14, -4
 1684 0002 0400     		movs	r4, r0
1793:Generated_Source\PSoC4/CapSense_SensingCSD_LL.c ****     pinModeShift = (uint32)snsAddrPtr->shift;
 1685              		.loc 1 1793 0
 1686 0004 067E     		ldrb	r6, [r0, #24]
 1687              	.LVL215:
1794:Generated_Source\PSoC4/CapSense_SensingCSD_LL.c **** 
 1688              		.loc 1 1794 0
 1689 0006 857E     		ldrb	r5, [r0, #26]
 1690              	.LVL216:
1796:Generated_Source\PSoC4/CapSense_SensingCSD_LL.c **** 
 1691              		.loc 1 1796 0
 1692 0008 FFF7FEFF 		bl	CyEnterCriticalSection
 1693              	.LVL217:
1798:Generated_Source\PSoC4/CapSense_SensingCSD_LL.c ****     newPcRegValue &= ~(CapSense_GPIO_PC_MASK << pinModeShift);
 1694              		.loc 1 1798 0
 1695 000c 6368     		ldr	r3, [r4, #4]
ARM GAS  C:\Users\ADSTRU~1\AppData\Local\Temp\ccLLBSlA.s 			page 82


 1696 000e 1968     		ldr	r1, [r3]
 1697              	.LVL218:
1799:Generated_Source\PSoC4/CapSense_SensingCSD_LL.c **** 
 1698              		.loc 1 1799 0
 1699 0010 0723     		movs	r3, #7
 1700 0012 AB40     		lsls	r3, r3, r5
 1701 0014 9943     		bics	r1, r3
 1702              	.LVL219:
1801:Generated_Source\PSoC4/CapSense_SensingCSD_LL.c ****     newHsiomRegValue &= ~(CapSense_HSIOM_SEL_MASK << pinHSIOMShift);
 1703              		.loc 1 1801 0
 1704 0016 2768     		ldr	r7, [r4]
 1705 0018 3B68     		ldr	r3, [r7]
 1706              	.LVL220:
1802:Generated_Source\PSoC4/CapSense_SensingCSD_LL.c ****     CY_SET_REG32(snsAddrPtr->hsiomPtr, newHsiomRegValue);
 1707              		.loc 1 1802 0
 1708 001a 0F22     		movs	r2, #15
 1709 001c B240     		lsls	r2, r2, r6
 1710 001e 9343     		bics	r3, r2
 1711              	.LVL221:
1803:Generated_Source\PSoC4/CapSense_SensingCSD_LL.c **** 
 1712              		.loc 1 1803 0
 1713 0020 3B60     		str	r3, [r7]
1805:Generated_Source\PSoC4/CapSense_SensingCSD_LL.c ****     {
 1714              		.loc 1 1805 0
 1715 0022 6D22     		movs	r2, #109
 1716 0024 0E4F     		ldr	r7, .L105
 1717 0026 BA5C     		ldrb	r2, [r7, r2]
 1718 0028 002A     		cmp	r2, #0
 1719 002a 05D1     		bne	.L103
1807:Generated_Source\PSoC4/CapSense_SensingCSD_LL.c ****         CY_SET_REG32(snsAddrPtr->pcPtr, newPcRegValue);
 1720              		.loc 1 1807 0
 1721 002c 0623     		movs	r3, #6
 1722              	.LVL222:
 1723 002e AB40     		lsls	r3, r3, r5
 1724 0030 1943     		orrs	r1, r3
 1725              	.LVL223:
1808:Generated_Source\PSoC4/CapSense_SensingCSD_LL.c ****     }
 1726              		.loc 1 1808 0
 1727 0032 6368     		ldr	r3, [r4, #4]
 1728 0034 1960     		str	r1, [r3]
 1729 0036 08E0     		b	.L104
 1730              	.LVL224:
 1731              	.L103:
1813:Generated_Source\PSoC4/CapSense_SensingCSD_LL.c ****         {
 1732              		.loc 1 1813 0
 1733 0038 022A     		cmp	r2, #2
 1734 003a 06D1     		bne	.L104
1816:Generated_Source\PSoC4/CapSense_SensingCSD_LL.c ****             CY_SET_REG32(snsAddrPtr->pcPtr, newPcRegValue);
 1735              		.loc 1 1816 0
 1736 003c 0332     		adds	r2, r2, #3
 1737 003e B240     		lsls	r2, r2, r6
 1738 0040 1343     		orrs	r3, r2
 1739              	.LVL225:
1817:Generated_Source\PSoC4/CapSense_SensingCSD_LL.c ****             CY_SET_REG32(snsAddrPtr->hsiomPtr, newHsiomRegValue);
 1740              		.loc 1 1817 0
 1741 0042 6268     		ldr	r2, [r4, #4]
 1742 0044 1160     		str	r1, [r2]
ARM GAS  C:\Users\ADSTRU~1\AppData\Local\Temp\ccLLBSlA.s 			page 83


1818:Generated_Source\PSoC4/CapSense_SensingCSD_LL.c ****         }
 1743              		.loc 1 1818 0
 1744 0046 2268     		ldr	r2, [r4]
 1745 0048 1360     		str	r3, [r2]
 1746              	.LVL226:
 1747              	.L104:
1822:Generated_Source\PSoC4/CapSense_SensingCSD_LL.c **** 
 1748              		.loc 1 1822 0
 1749 004a A168     		ldr	r1, [r4, #8]
 1750              	.LVL227:
 1751 004c 0B68     		ldr	r3, [r1]
 1752 004e 647E     		ldrb	r4, [r4, #25]
 1753              	.LVL228:
 1754 0050 0122     		movs	r2, #1
 1755 0052 A240     		lsls	r2, r2, r4
 1756 0054 9343     		bics	r3, r2
 1757 0056 0B60     		str	r3, [r1]
1824:Generated_Source\PSoC4/CapSense_SensingCSD_LL.c **** }
 1758              		.loc 1 1824 0
 1759 0058 FFF7FEFF 		bl	CyExitCriticalSection
 1760              	.LVL229:
1825:Generated_Source\PSoC4/CapSense_SensingCSD_LL.c **** 
 1761              		.loc 1 1825 0
 1762              		@ sp needed
 1763              	.LVL230:
 1764              	.LVL231:
 1765 005c F8BD     		pop	{r3, r4, r5, r6, r7, pc}
 1766              	.L106:
 1767 005e C046     		.align	2
 1768              	.L105:
 1769 0060 00000000 		.word	CapSense_dsRam
 1770              		.cfi_endproc
 1771              	.LFE18:
 1772              		.size	CapSense_CSDDisconnectSns, .-CapSense_CSDDisconnectSns
 1773              		.section	.text.CapSense_SsCSDElectrodeCheck,"ax",%progbits
 1774              		.align	2
 1775              		.global	CapSense_SsCSDElectrodeCheck
 1776              		.code	16
 1777              		.thumb_func
 1778              		.type	CapSense_SsCSDElectrodeCheck, %function
 1779              	CapSense_SsCSDElectrodeCheck:
 1780              	.LFB5:
 738:Generated_Source\PSoC4/CapSense_SensingCSD_LL.c ****     #if (CapSense_ENABLE == CapSense_CSD_GANGED_SNS_EN)
 1781              		.loc 1 738 0
 1782              		.cfi_startproc
 1783              		@ args = 0, pretend = 0, frame = 0
 1784              		@ frame_needed = 0, uses_anonymous_args = 0
 1785 0000 10B5     		push	{r4, lr}
 1786              		.cfi_def_cfa_offset 8
 1787              		.cfi_offset 4, -8
 1788              		.cfi_offset 14, -4
 743:Generated_Source\PSoC4/CapSense_SensingCSD_LL.c ****     {
 1789              		.loc 1 743 0
 1790 0002 064B     		ldr	r3, .L109
 1791 0004 1B78     		ldrb	r3, [r3]
 1792 0006 012B     		cmp	r3, #1
 1793 0008 06D1     		bne	.L107
ARM GAS  C:\Users\ADSTRU~1\AppData\Local\Temp\ccLLBSlA.s 			page 84


 771:Generated_Source\PSoC4/CapSense_SensingCSD_LL.c ****         #endif /* (CapSense_ENABLE == CapSense_CSD_GANGED_SNS_EN)  */
 1794              		.loc 1 771 0
 1795 000a 054B     		ldr	r3, .L109+4
 1796 000c 1868     		ldr	r0, [r3]
 1797 000e FFF7FEFF 		bl	CapSense_CSDDisconnectSns
 1798              	.LVL232:
 774:Generated_Source\PSoC4/CapSense_SensingCSD_LL.c ****     }
 1799              		.loc 1 774 0
 1800 0012 0022     		movs	r2, #0
 1801 0014 014B     		ldr	r3, .L109
 1802 0016 1A70     		strb	r2, [r3]
 1803              	.L107:
 776:Generated_Source\PSoC4/CapSense_SensingCSD_LL.c **** 
 1804              		.loc 1 776 0
 1805              		@ sp needed
 1806 0018 10BD     		pop	{r4, pc}
 1807              	.L110:
 1808 001a C046     		.align	2
 1809              	.L109:
 1810 001c 00000000 		.word	.LANCHOR1
 1811 0020 00000000 		.word	CapSense_curSnsIOPtr
 1812              		.cfi_endproc
 1813              	.LFE5:
 1814              		.size	CapSense_SsCSDElectrodeCheck, .-CapSense_SsCSDElectrodeCheck
 1815              		.section	.text.CapSense_CSDSetupWidget,"ax",%progbits
 1816              		.align	2
 1817              		.global	CapSense_CSDSetupWidget
 1818              		.code	16
 1819              		.thumb_func
 1820              		.type	CapSense_CSDSetupWidget, %function
 1821              	CapSense_CSDSetupWidget:
 1822              	.LFB10:
1180:Generated_Source\PSoC4/CapSense_SensingCSD_LL.c ****     CapSense_RAM_WD_BASE_STRUCT const *ptrWdgt = (CapSense_RAM_WD_BASE_STRUCT *)
 1823              		.loc 1 1180 0
 1824              		.cfi_startproc
 1825              		@ args = 0, pretend = 0, frame = 0
 1826              		@ frame_needed = 0, uses_anonymous_args = 0
 1827              	.LVL233:
 1828 0000 F8B5     		push	{r3, r4, r5, r6, r7, lr}
 1829              		.cfi_def_cfa_offset 24
 1830              		.cfi_offset 3, -24
 1831              		.cfi_offset 4, -20
 1832              		.cfi_offset 5, -16
 1833              		.cfi_offset 6, -12
 1834              		.cfi_offset 7, -8
 1835              		.cfi_offset 14, -4
1181:Generated_Source\PSoC4/CapSense_SensingCSD_LL.c ****                                                 CapSense_dsFlash.wdgtArray[widgetId].ptr2WdgtRam;
 1836              		.loc 1 1181 0
 1837 0002 114E     		ldr	r6, .L112
 1838 0004 2C27     		movs	r7, #44
 1839 0006 3B00     		movs	r3, r7
 1840 0008 4343     		muls	r3, r0
 1841 000a F318     		adds	r3, r6, r3
 1842 000c 5D68     		ldr	r5, [r3, #4]
 1843              	.LVL234:
1185:Generated_Source\PSoC4/CapSense_SensingCSD_LL.c **** 
 1844              		.loc 1 1185 0
ARM GAS  C:\Users\ADSTRU~1\AppData\Local\Temp\ccLLBSlA.s 			page 85


 1845 000e C0B2     		uxtb	r0, r0
 1846              	.LVL235:
 1847 0010 0E4C     		ldr	r4, .L112+4
 1848 0012 2070     		strb	r0, [r4]
1187:Generated_Source\PSoC4/CapSense_SensingCSD_LL.c **** 
 1849              		.loc 1 1187 0
 1850 0014 0120     		movs	r0, #1
 1851 0016 FFF7FEFF 		bl	CapSense_SsSwitchSensingMode
 1852              	.LVL236:
1195:Generated_Source\PSoC4/CapSense_SensingCSD_LL.c **** 
 1853              		.loc 1 1195 0
 1854 001a FFF7FEFF 		bl	CapSense_SsCSDElectrodeCheck
 1855              	.LVL237:
1199:Generated_Source\PSoC4/CapSense_SensingCSD_LL.c **** 
 1856              		.loc 1 1199 0
 1857 001e 2378     		ldrb	r3, [r4]
 1858 0020 7B43     		muls	r3, r7
 1859 0022 9A59     		ldr	r2, [r3, r6]
1198:Generated_Source\PSoC4/CapSense_SensingCSD_LL.c ****                                     CapSense_dsFlash.wdgtArray[CapSense_widgetIndex].ptr2SnsFlash;
 1860              		.loc 1 1198 0
 1861 0024 0A4B     		ldr	r3, .L112+8
 1862 0026 1A60     		str	r2, [r3]
1202:Generated_Source\PSoC4/CapSense_SensingCSD_LL.c ****     CapSense_dsRam.status |= CapSense_widgetIndex;
 1863              		.loc 1 1202 0
 1864 0028 0A4B     		ldr	r3, .L112+12
 1865 002a DA68     		ldr	r2, [r3, #12]
 1866 002c 7F21     		movs	r1, #127
 1867 002e 8A43     		bics	r2, r1
 1868 0030 DA60     		str	r2, [r3, #12]
1203:Generated_Source\PSoC4/CapSense_SensingCSD_LL.c **** 
 1869              		.loc 1 1203 0
 1870 0032 2178     		ldrb	r1, [r4]
 1871 0034 DA68     		ldr	r2, [r3, #12]
 1872 0036 0A43     		orrs	r2, r1
 1873 0038 DA60     		str	r2, [r3, #12]
1205:Generated_Source\PSoC4/CapSense_SensingCSD_LL.c ****     #if (((CapSense_DISABLE == CapSense_CSD_COMMON_SNS_CLK_EN) || \
 1874              		.loc 1 1205 0
 1875 003a 2800     		movs	r0, r5
 1876 003c FFF7FEFF 		bl	CapSense_SsCSDCalculateScanDuration
 1877              	.LVL238:
1210:Generated_Source\PSoC4/CapSense_SensingCSD_LL.c ****     #endif
 1878              		.loc 1 1210 0
 1879 0040 FFF7FEFF 		bl	CapSense_SsCSDConfigClock
 1880              	.LVL239:
1212:Generated_Source\PSoC4/CapSense_SensingCSD_LL.c **** 
 1881              		.loc 1 1212 0
 1882              		@ sp needed
 1883              	.LVL240:
 1884              	.LVL241:
 1885              	.LVL242:
 1886 0044 F8BD     		pop	{r3, r4, r5, r6, r7, pc}
 1887              	.L113:
 1888 0046 C046     		.align	2
 1889              	.L112:
 1890 0048 00000000 		.word	CapSense_dsFlash
 1891 004c 00000000 		.word	CapSense_widgetIndex
 1892 0050 00000000 		.word	CapSense_curSnsIOPtr
ARM GAS  C:\Users\ADSTRU~1\AppData\Local\Temp\ccLLBSlA.s 			page 86


 1893 0054 00000000 		.word	CapSense_dsRam
 1894              		.cfi_endproc
 1895              	.LFE10:
 1896              		.size	CapSense_CSDSetupWidget, .-CapSense_CSDSetupWidget
 1897              		.section	.text.CapSense_CSDSetupWidgetExt,"ax",%progbits
 1898              		.align	2
 1899              		.global	CapSense_CSDSetupWidgetExt
 1900              		.code	16
 1901              		.thumb_func
 1902              		.type	CapSense_CSDSetupWidgetExt, %function
 1903              	CapSense_CSDSetupWidgetExt:
 1904              	.LFB11:
1266:Generated_Source\PSoC4/CapSense_SensingCSD_LL.c ****     CapSense_RAM_WD_BASE_STRUCT const *ptrWdgt = (CapSense_RAM_WD_BASE_STRUCT *)
 1905              		.loc 1 1266 0
 1906              		.cfi_startproc
 1907              		@ args = 0, pretend = 0, frame = 0
 1908              		@ frame_needed = 0, uses_anonymous_args = 0
 1909              	.LVL243:
 1910 0000 70B5     		push	{r4, r5, r6, lr}
 1911              		.cfi_def_cfa_offset 16
 1912              		.cfi_offset 4, -16
 1913              		.cfi_offset 5, -12
 1914              		.cfi_offset 6, -8
 1915              		.cfi_offset 14, -4
1267:Generated_Source\PSoC4/CapSense_SensingCSD_LL.c ****                                                     CapSense_dsFlash.wdgtArray[widgetId].ptr2WdgtRa
 1916              		.loc 1 1267 0
 1917 0002 2C23     		movs	r3, #44
 1918 0004 4343     		muls	r3, r0
 1919 0006 134A     		ldr	r2, .L115
 1920 0008 D318     		adds	r3, r2, r3
 1921 000a 5D68     		ldr	r5, [r3, #4]
 1922              	.LVL244:
1271:Generated_Source\PSoC4/CapSense_SensingCSD_LL.c **** 
 1923              		.loc 1 1271 0
 1924 000c C9B2     		uxtb	r1, r1
 1925              	.LVL245:
 1926 000e 124C     		ldr	r4, .L115+4
 1927 0010 2170     		strb	r1, [r4]
1275:Generated_Source\PSoC4/CapSense_SensingCSD_LL.c ****                                               + CapSense_sensorIndex;
 1928              		.loc 1 1275 0
 1929 0012 9968     		ldr	r1, [r3, #8]
1276:Generated_Source\PSoC4/CapSense_SensingCSD_LL.c **** 
 1930              		.loc 1 1276 0
 1931 0014 2378     		ldrb	r3, [r4]
 1932 0016 DBB2     		uxtb	r3, r3
 1933 0018 9A00     		lsls	r2, r3, #2
 1934 001a D318     		adds	r3, r2, r3
 1935 001c 5A00     		lsls	r2, r3, #1
 1936 001e 8A18     		adds	r2, r1, r2
1274:Generated_Source\PSoC4/CapSense_SensingCSD_LL.c ****                                               CapSense_dsFlash.wdgtArray[widgetId].ptr2SnsRam
 1937              		.loc 1 1274 0
 1938 0020 0E4B     		ldr	r3, .L115+8
 1939 0022 1A60     		str	r2, [r3]
1278:Generated_Source\PSoC4/CapSense_SensingCSD_LL.c **** 
 1940              		.loc 1 1278 0
 1941 0024 FFF7FEFF 		bl	CapSense_CSDSetupWidget
 1942              	.LVL246:
ARM GAS  C:\Users\ADSTRU~1\AppData\Local\Temp\ccLLBSlA.s 			page 87


1281:Generated_Source\PSoC4/CapSense_SensingCSD_LL.c **** 
 1943              		.loc 1 1281 0
 1944 0028 2800     		movs	r0, r5
 1945 002a FFF7FEFF 		bl	CapSense_SsCSDSetUpIdacs
 1946              	.LVL247:
1292:Generated_Source\PSoC4/CapSense_SensingCSD_LL.c ****         CapSense_CSDConnectSns(CapSense_curSnsIOPtr);
 1947              		.loc 1 1292 0
 1948 002e 2378     		ldrb	r3, [r4]
 1949 0030 DBB2     		uxtb	r3, r3
 1950 0032 0B49     		ldr	r1, .L115+12
 1951 0034 DA00     		lsls	r2, r3, #3
 1952 0036 D31A     		subs	r3, r2, r3
 1953 0038 9800     		lsls	r0, r3, #2
 1954 003a 0B68     		ldr	r3, [r1]
 1955 003c 9C46     		mov	ip, r3
 1956 003e 6044     		add	r0, r0, ip
 1957 0040 0860     		str	r0, [r1]
1293:Generated_Source\PSoC4/CapSense_SensingCSD_LL.c ****     #endif /* (CapSense_ENABLE == CapSense_CSD_GANGED_SNS_EN)  */
 1958              		.loc 1 1293 0
 1959 0042 FFF7FEFF 		bl	CapSense_CSDConnectSns
 1960              	.LVL248:
1303:Generated_Source\PSoC4/CapSense_SensingCSD_LL.c **** 
 1961              		.loc 1 1303 0
 1962 0046 0122     		movs	r2, #1
 1963 0048 064B     		ldr	r3, .L115+16
 1964 004a 1A70     		strb	r2, [r3]
1306:Generated_Source\PSoC4/CapSense_SensingCSD_LL.c **** }
 1965              		.loc 1 1306 0
 1966 004c 0648     		ldr	r0, .L115+20
 1967 004e FFF7FEFF 		bl	CapSense_ISR_StartEx
 1968              	.LVL249:
1307:Generated_Source\PSoC4/CapSense_SensingCSD_LL.c **** 
 1969              		.loc 1 1307 0
 1970              		@ sp needed
 1971              	.LVL250:
 1972 0052 70BD     		pop	{r4, r5, r6, pc}
 1973              	.L116:
 1974              		.align	2
 1975              	.L115:
 1976 0054 00000000 		.word	CapSense_dsFlash
 1977 0058 00000000 		.word	CapSense_sensorIndex
 1978 005c 00000000 		.word	CapSense_curRamSnsPtr
 1979 0060 00000000 		.word	CapSense_curSnsIOPtr
 1980 0064 00000000 		.word	.LANCHOR1
 1981 0068 00000000 		.word	CapSense_CSDPostSingleScan
 1982              		.cfi_endproc
 1983              	.LFE11:
 1984              		.size	CapSense_CSDSetupWidgetExt, .-CapSense_CSDSetupWidgetExt
 1985              		.section	.text.CapSense_SsCSDCalibrate,"ax",%progbits
 1986              		.align	2
 1987              		.code	16
 1988              		.thumb_func
 1989              		.type	CapSense_SsCSDCalibrate, %function
 1990              	CapSense_SsCSDCalibrate:
 1991              	.LFB22:
2175:Generated_Source\PSoC4/CapSense_SensingCSD_LL.c ****         uint32 snsIndex;
 1992              		.loc 1 2175 0
ARM GAS  C:\Users\ADSTRU~1\AppData\Local\Temp\ccLLBSlA.s 			page 88


 1993              		.cfi_startproc
 1994              		@ args = 0, pretend = 0, frame = 16
 1995              		@ frame_needed = 0, uses_anonymous_args = 0
 1996              	.LVL251:
 1997 0000 F0B5     		push	{r4, r5, r6, r7, lr}
 1998              		.cfi_def_cfa_offset 20
 1999              		.cfi_offset 4, -20
 2000              		.cfi_offset 5, -16
 2001              		.cfi_offset 6, -12
 2002              		.cfi_offset 7, -8
 2003              		.cfi_offset 14, -4
 2004 0002 5746     		mov	r7, r10
 2005 0004 80B4     		push	{r7}
 2006              		.cfi_def_cfa_offset 24
 2007              		.cfi_offset 10, -24
 2008 0006 84B0     		sub	sp, sp, #16
 2009              		.cfi_def_cfa_offset 40
 2010 0008 0190     		str	r0, [sp, #4]
 2011              	.LVL252:
2194:Generated_Source\PSoC4/CapSense_SensingCSD_LL.c **** 
 2012              		.loc 1 2194 0
 2013 000a 2C22     		movs	r2, #44
 2014 000c 4243     		muls	r2, r0
 2015 000e 524B     		ldr	r3, .L142
 2016 0010 9A18     		adds	r2, r3, r2
 2017              	.LVL253:
 2018 0012 5368     		ldr	r3, [r2, #4]
 2019 0014 9A46     		mov	r10, r3
 2020              	.LVL254:
2196:Generated_Source\PSoC4/CapSense_SensingCSD_LL.c ****         ptrMaxIdac = &maxIdac[0u];
 2021              		.loc 1 2196 0
 2022 0016 1D00     		movs	r5, r3
 2023 0018 0935     		adds	r5, r5, #9
 2024              	.LVL255:
2199:Generated_Source\PSoC4/CapSense_SensingCSD_LL.c ****         {
 2025              		.loc 1 2199 0
 2026 001a 0123     		movs	r3, #1
 2027              	.LVL256:
 2028 001c 03E0     		b	.L118
 2029              	.LVL257:
 2030              	.L119:
2201:Generated_Source\PSoC4/CapSense_SensingCSD_LL.c ****             #if (CapSense_CSD_MATRIX_WIDGET_EN || CapSense_CSD_TOUCHPAD_WIDGET_EN)
 2031              		.loc 1 2201 0
 2032 001e 0020     		movs	r0, #0
 2033 0020 03AB     		add	r3, sp, #12
 2034              	.LVL258:
 2035 0022 9854     		strb	r0, [r3, r2]
2199:Generated_Source\PSoC4/CapSense_SensingCSD_LL.c ****         {
 2036              		.loc 1 2199 0
 2037 0024 1300     		movs	r3, r2
 2038              	.LVL259:
 2039              	.L118:
2199:Generated_Source\PSoC4/CapSense_SensingCSD_LL.c ****         {
 2040              		.loc 1 2199 0 is_stmt 0 discriminator 1
 2041 0026 5A1E     		subs	r2, r3, #1
 2042              	.LVL260:
 2043 0028 002B     		cmp	r3, #0
ARM GAS  C:\Users\ADSTRU~1\AppData\Local\Temp\ccLLBSlA.s 			page 89


 2044 002a F8D1     		bne	.L119
2208:Generated_Source\PSoC4/CapSense_SensingCSD_LL.c **** 
 2045              		.loc 1 2208 0 is_stmt 1
 2046 002c 5346     		mov	r3, r10
 2047 002e 1A88     		ldrh	r2, [r3]
 2048              	.LVL261:
 2049 0030 0123     		movs	r3, #1
 2050 0032 9340     		lsls	r3, r3, r2
 2051 0034 013B     		subs	r3, r3, #1
 2052 0036 5943     		muls	r1, r3
 2053              	.LVL262:
 2054 0038 0800     		movs	r0, r1
 2055 003a 6421     		movs	r1, #100
 2056 003c FFF7FEFF 		bl	__aeabi_uidiv
 2057              	.LVL263:
 2058 0040 0600     		movs	r6, r0
 2059              	.LVL264:
2219:Generated_Source\PSoC4/CapSense_SensingCSD_LL.c ****         {
 2060              		.loc 1 2219 0
 2061 0042 0023     		movs	r3, #0
 2062 0044 0093     		str	r3, [sp]
 2063 0046 6FE0     		b	.L120
 2064              	.LVL265:
 2065              	.L138:
2232:Generated_Source\PSoC4/CapSense_SensingCSD_LL.c **** 
 2066              		.loc 1 2232 0
 2067 0048 2C23     		movs	r3, #44
 2068 004a 019A     		ldr	r2, [sp, #4]
 2069              	.LVL266:
 2070 004c 5343     		muls	r3, r2
 2071 004e 424A     		ldr	r2, .L142
 2072 0050 D318     		adds	r3, r2, r3
 2073 0052 9F68     		ldr	r7, [r3, #8]
 2074 0054 009A     		ldr	r2, [sp]
 2075 0056 9300     		lsls	r3, r2, #2
 2076 0058 9446     		mov	ip, r2
 2077 005a 6344     		add	r3, r3, ip
 2078 005c 5A00     		lsls	r2, r3, #1
 2079 005e BF18     		adds	r7, r7, r2
 2080              	.LVL267:
2236:Generated_Source\PSoC4/CapSense_SensingCSD_LL.c ****             {
 2081              		.loc 1 2236 0
 2082 0060 0123     		movs	r3, #1
 2083 0062 04E0     		b	.L121
 2084              	.LVL268:
 2085              	.L122:
2238:Generated_Source\PSoC4/CapSense_SensingCSD_LL.c ****                 #if (CapSense_ENABLE == CapSense_CSD_IDAC_COMP_EN)
 2086              		.loc 1 2238 0
 2087 0064 4023     		movs	r3, #64
 2088 0066 AB54     		strb	r3, [r5, r2]
2240:Generated_Source\PSoC4/CapSense_SensingCSD_LL.c ****                 #endif
 2089              		.loc 1 2240 0
 2090 0068 B918     		adds	r1, r7, r2
 2091 006a 4B72     		strb	r3, [r1, #9]
2236:Generated_Source\PSoC4/CapSense_SensingCSD_LL.c ****             {
 2092              		.loc 1 2236 0
 2093 006c 1300     		movs	r3, r2
ARM GAS  C:\Users\ADSTRU~1\AppData\Local\Temp\ccLLBSlA.s 			page 90


 2094              	.LVL269:
 2095              	.L121:
2236:Generated_Source\PSoC4/CapSense_SensingCSD_LL.c ****             {
 2096              		.loc 1 2236 0 is_stmt 0 discriminator 1
 2097 006e 5A1E     		subs	r2, r3, #1
 2098              	.LVL270:
 2099 0070 002B     		cmp	r3, #0
 2100 0072 F7D1     		bne	.L122
 2101 0074 4024     		movs	r4, #64
 2102              	.LVL271:
 2103              	.L131:
2248:Generated_Source\PSoC4/CapSense_SensingCSD_LL.c **** 
 2104              		.loc 1 2248 0 is_stmt 1
 2105 0076 0099     		ldr	r1, [sp]
 2106 0078 0198     		ldr	r0, [sp, #4]
 2107 007a FFF7FEFF 		bl	CapSense_CSDSetupWidgetExt
 2108              	.LVL272:
2251:Generated_Source\PSoC4/CapSense_SensingCSD_LL.c ****                 #endif
 2109              		.loc 1 2251 0
 2110 007e 0120     		movs	r0, #1
 2111 0080 FFF7FEFF 		bl	CapSense_DischargeExtCapacitors
 2112              	.LVL273:
2255:Generated_Source\PSoC4/CapSense_SensingCSD_LL.c **** 
 2113              		.loc 1 2255 0
 2114 0084 FFF7FEFF 		bl	CapSense_CSDScanExt
 2115              	.LVL274:
2257:Generated_Source\PSoC4/CapSense_SensingCSD_LL.c ****                 while (((CapSense_dsRam.status & CapSense_SW_STS_BUSY) != 0u) && (0uL != watchdogCo
 2116              		.loc 1 2257 0
 2117 0088 344B     		ldr	r3, .L142+4
2258:Generated_Source\PSoC4/CapSense_SensingCSD_LL.c ****                 {
 2118              		.loc 1 2258 0
 2119 008a 00E0     		b	.L123
 2120              	.LVL275:
 2121              	.L125:
2260:Generated_Source\PSoC4/CapSense_SensingCSD_LL.c ****                 }
 2122              		.loc 1 2260 0
 2123 008c 013B     		subs	r3, r3, #1
 2124              	.LVL276:
 2125              	.L123:
2258:Generated_Source\PSoC4/CapSense_SensingCSD_LL.c ****                 {
 2126              		.loc 1 2258 0
 2127 008e 344A     		ldr	r2, .L142+8
 2128 0090 D268     		ldr	r2, [r2, #12]
 2129 0092 1206     		lsls	r2, r2, #24
 2130 0094 0DD5     		bpl	.L141
2258:Generated_Source\PSoC4/CapSense_SensingCSD_LL.c ****                 {
 2131              		.loc 1 2258 0 is_stmt 0 discriminator 1
 2132 0096 002B     		cmp	r3, #0
 2133 0098 F8D1     		bne	.L125
 2134 009a 0133     		adds	r3, r3, #1
 2135              	.LVL277:
 2136 009c 0AE0     		b	.L124
 2137              	.LVL278:
 2138              	.L127:
2266:Generated_Source\PSoC4/CapSense_SensingCSD_LL.c ****                     {
 2139              		.loc 1 2266 0 is_stmt 1
 2140 009e 5300     		lsls	r3, r2, #1
ARM GAS  C:\Users\ADSTRU~1\AppData\Local\Temp\ccLLBSlA.s 			page 91


 2141 00a0 DB5B     		ldrh	r3, [r3, r7]
 2142 00a2 9E42     		cmp	r6, r3
 2143 00a4 03D9     		bls	.L126
2268:Generated_Source\PSoC4/CapSense_SensingCSD_LL.c ****                     }
 2144              		.loc 1 2268 0
 2145 00a6 A918     		adds	r1, r5, r2
 2146 00a8 0B78     		ldrb	r3, [r1]
 2147 00aa A343     		bics	r3, r4
 2148 00ac 0B70     		strb	r3, [r1]
 2149              	.L126:
 2150 00ae 1300     		movs	r3, r2
 2151 00b0 00E0     		b	.L124
 2152              	.LVL279:
 2153              	.L141:
 2154 00b2 0123     		movs	r3, #1
 2155              	.LVL280:
 2156              	.L124:
2264:Generated_Source\PSoC4/CapSense_SensingCSD_LL.c ****                 {
 2157              		.loc 1 2264 0 discriminator 1
 2158 00b4 5A1E     		subs	r2, r3, #1
 2159              	.LVL281:
 2160 00b6 002B     		cmp	r3, #0
 2161 00b8 F1D1     		bne	.L127
2273:Generated_Source\PSoC4/CapSense_SensingCSD_LL.c ****                 for(freqChannel = CapSense_NUM_SCAN_FREQS; freqChannel-- > 0u;)
 2162              		.loc 1 2273 0
 2163 00ba 6408     		lsrs	r4, r4, #1
 2164              	.LVL282:
2274:Generated_Source\PSoC4/CapSense_SensingCSD_LL.c ****                 {
 2165              		.loc 1 2274 0
 2166 00bc 0133     		adds	r3, r3, #1
 2167 00be 0FE0     		b	.L128
 2168              	.LVL283:
 2169              	.L130:
2276:Generated_Source\PSoC4/CapSense_SensingCSD_LL.c ****                     #if (CapSense_ENABLE == CapSense_CSD_IDAC_COMP_EN)
 2170              		.loc 1 2276 0
 2171 00c0 A918     		adds	r1, r5, r2
 2172 00c2 0B78     		ldrb	r3, [r1]
 2173 00c4 2343     		orrs	r3, r4
 2174 00c6 DBB2     		uxtb	r3, r3
 2175 00c8 0B70     		strb	r3, [r1]
2278:Generated_Source\PSoC4/CapSense_SensingCSD_LL.c ****                     #endif
 2176              		.loc 1 2278 0
 2177 00ca B818     		adds	r0, r7, r2
 2178 00cc 4372     		strb	r3, [r0, #9]
2280:Generated_Source\PSoC4/CapSense_SensingCSD_LL.c ****                     {
 2179              		.loc 1 2280 0
 2180 00ce 002C     		cmp	r4, #0
 2181 00d0 05D1     		bne	.L129
2282:Generated_Source\PSoC4/CapSense_SensingCSD_LL.c ****                         {
 2182              		.loc 1 2282 0
 2183 00d2 0B78     		ldrb	r3, [r1]
 2184 00d4 002B     		cmp	r3, #0
 2185 00d6 02D1     		bne	.L129
2284:Generated_Source\PSoC4/CapSense_SensingCSD_LL.c ****                             #if (CapSense_ENABLE == CapSense_CSD_IDAC_COMP_EN)
 2186              		.loc 1 2284 0
 2187 00d8 0133     		adds	r3, r3, #1
 2188 00da 0B70     		strb	r3, [r1]
ARM GAS  C:\Users\ADSTRU~1\AppData\Local\Temp\ccLLBSlA.s 			page 92


2286:Generated_Source\PSoC4/CapSense_SensingCSD_LL.c ****                             #endif
 2189              		.loc 1 2286 0
 2190 00dc 4372     		strb	r3, [r0, #9]
 2191              	.L129:
 2192 00de 1300     		movs	r3, r2
 2193              	.LVL284:
 2194              	.L128:
2274:Generated_Source\PSoC4/CapSense_SensingCSD_LL.c ****                 {
 2195              		.loc 1 2274 0 discriminator 1
 2196 00e0 5A1E     		subs	r2, r3, #1
 2197              	.LVL285:
 2198 00e2 002B     		cmp	r3, #0
 2199 00e4 ECD1     		bne	.L130
2292:Generated_Source\PSoC4/CapSense_SensingCSD_LL.c **** 
 2200              		.loc 1 2292 0
 2201 00e6 002C     		cmp	r4, #0
 2202 00e8 C5D1     		bne	.L131
 2203 00ea 0133     		adds	r3, r3, #1
 2204 00ec 07E0     		b	.L132
 2205              	.L134:
2296:Generated_Source\PSoC4/CapSense_SensingCSD_LL.c ****                 {
 2206              		.loc 1 2296 0
 2207 00ee 03AB     		add	r3, sp, #12
 2208              	.LVL286:
 2209 00f0 9B18     		adds	r3, r3, r2
 2210              	.LVL287:
 2211 00f2 1878     		ldrb	r0, [r3]
 2212 00f4 A95C     		ldrb	r1, [r5, r2]
 2213 00f6 8842     		cmp	r0, r1
 2214 00f8 00D2     		bcs	.L133
2298:Generated_Source\PSoC4/CapSense_SensingCSD_LL.c ****                 }
 2215              		.loc 1 2298 0
 2216 00fa 1970     		strb	r1, [r3]
 2217              	.L133:
 2218 00fc 1300     		movs	r3, r2
 2219              	.L132:
 2220              	.LVL288:
2294:Generated_Source\PSoC4/CapSense_SensingCSD_LL.c ****             {
 2221              		.loc 1 2294 0 discriminator 1
 2222 00fe 5A1E     		subs	r2, r3, #1
 2223              	.LVL289:
 2224 0100 002B     		cmp	r3, #0
 2225 0102 F4D1     		bne	.L134
2303:Generated_Source\PSoC4/CapSense_SensingCSD_LL.c ****             CapSense_CSDScanExt();
 2226              		.loc 1 2303 0
 2227 0104 0099     		ldr	r1, [sp]
 2228 0106 0198     		ldr	r0, [sp, #4]
 2229 0108 FFF7FEFF 		bl	CapSense_CSDSetupWidgetExt
 2230              	.LVL290:
2304:Generated_Source\PSoC4/CapSense_SensingCSD_LL.c **** 
 2231              		.loc 1 2304 0
 2232 010c FFF7FEFF 		bl	CapSense_CSDScanExt
 2233              	.LVL291:
2306:Generated_Source\PSoC4/CapSense_SensingCSD_LL.c ****             while (((CapSense_dsRam.status & CapSense_SW_STS_BUSY) != 0u) && (0uL != watchdogCounte
 2234              		.loc 1 2306 0
 2235 0110 124B     		ldr	r3, .L142+4
2307:Generated_Source\PSoC4/CapSense_SensingCSD_LL.c ****             {
ARM GAS  C:\Users\ADSTRU~1\AppData\Local\Temp\ccLLBSlA.s 			page 93


 2236              		.loc 1 2307 0
 2237 0112 00E0     		b	.L135
 2238              	.LVL292:
 2239              	.L137:
2309:Generated_Source\PSoC4/CapSense_SensingCSD_LL.c ****             }
 2240              		.loc 1 2309 0
 2241 0114 013B     		subs	r3, r3, #1
 2242              	.LVL293:
 2243              	.L135:
2307:Generated_Source\PSoC4/CapSense_SensingCSD_LL.c ****             {
 2244              		.loc 1 2307 0
 2245 0116 124A     		ldr	r2, .L142+8
 2246 0118 D268     		ldr	r2, [r2, #12]
 2247 011a 1206     		lsls	r2, r2, #24
 2248 011c 01D5     		bpl	.L136
2307:Generated_Source\PSoC4/CapSense_SensingCSD_LL.c ****             {
 2249              		.loc 1 2307 0 is_stmt 0 discriminator 1
 2250 011e 002B     		cmp	r3, #0
 2251 0120 F8D1     		bne	.L137
 2252              	.L136:
2219:Generated_Source\PSoC4/CapSense_SensingCSD_LL.c ****         {
 2253              		.loc 1 2219 0 is_stmt 1 discriminator 2
 2254 0122 009B     		ldr	r3, [sp]
 2255              	.LVL294:
 2256 0124 0133     		adds	r3, r3, #1
 2257 0126 0093     		str	r3, [sp]
 2258              	.LVL295:
 2259              	.L120:
2219:Generated_Source\PSoC4/CapSense_SensingCSD_LL.c ****         {
 2260              		.loc 1 2219 0 is_stmt 0 discriminator 1
 2261 0128 2C23     		movs	r3, #44
 2262 012a 019A     		ldr	r2, [sp, #4]
 2263 012c 5343     		muls	r3, r2
 2264 012e 0A4A     		ldr	r2, .L142
 2265 0130 D318     		adds	r3, r2, r3
 2266 0132 1B8B     		ldrh	r3, [r3, #24]
 2267 0134 009A     		ldr	r2, [sp]
 2268 0136 9A42     		cmp	r2, r3
 2269 0138 86D3     		bcc	.L138
 2270 013a 0123     		movs	r3, #1
 2271 013c 05E0     		b	.L139
 2272              	.LVL296:
 2273              	.L140:
2315:Generated_Source\PSoC4/CapSense_SensingCSD_LL.c ****             #if (CapSense_CSD_MATRIX_WIDGET_EN || CapSense_CSD_TOUCHPAD_WIDGET_EN)
 2274              		.loc 1 2315 0 is_stmt 1
 2275 013e 03AB     		add	r3, sp, #12
 2276              	.LVL297:
 2277 0140 995C     		ldrb	r1, [r3, r2]
 2278 0142 5346     		mov	r3, r10
 2279              	.LVL298:
 2280 0144 9B18     		adds	r3, r3, r2
 2281 0146 5972     		strb	r1, [r3, #9]
2313:Generated_Source\PSoC4/CapSense_SensingCSD_LL.c ****         {
 2282              		.loc 1 2313 0
 2283 0148 1300     		movs	r3, r2
 2284              	.LVL299:
 2285              	.L139:
ARM GAS  C:\Users\ADSTRU~1\AppData\Local\Temp\ccLLBSlA.s 			page 94


2313:Generated_Source\PSoC4/CapSense_SensingCSD_LL.c ****         {
 2286              		.loc 1 2313 0 is_stmt 0 discriminator 1
 2287 014a 5A1E     		subs	r2, r3, #1
 2288              	.LVL300:
 2289 014c 002B     		cmp	r3, #0
 2290 014e F6D1     		bne	.L140
2368:Generated_Source\PSoC4/CapSense_SensingCSD_LL.c **** 
 2291              		.loc 1 2368 0 is_stmt 1
 2292 0150 04B0     		add	sp, sp, #16
 2293              	.LVL301:
 2294              		@ sp needed
 2295              	.LVL302:
 2296              	.LVL303:
 2297              	.LVL304:
 2298 0152 04BC     		pop	{r2}
 2299 0154 9246     		mov	r10, r2
 2300 0156 F0BD     		pop	{r4, r5, r6, r7, pc}
 2301              	.L143:
 2302              		.align	2
 2303              	.L142:
 2304 0158 00000000 		.word	CapSense_dsFlash
 2305 015c 00A60E00 		.word	960000
 2306 0160 00000000 		.word	CapSense_dsRam
 2307              		.cfi_endproc
 2308              	.LFE22:
 2309              		.size	CapSense_SsCSDCalibrate, .-CapSense_SsCSDCalibrate
 2310              		.section	.text.CapSense_SsCSDDisconnectSnsExt,"ax",%progbits
 2311              		.align	2
 2312              		.global	CapSense_SsCSDDisconnectSnsExt
 2313              		.code	16
 2314              		.thumb_func
 2315              		.type	CapSense_SsCSDDisconnectSnsExt, %function
 2316              	CapSense_SsCSDDisconnectSnsExt:
 2317              	.LFB16:
1661:Generated_Source\PSoC4/CapSense_SensingCSD_LL.c ****     #if (CapSense_ENABLE == CapSense_CSD_GANGED_SNS_EN)
 2318              		.loc 1 1661 0
 2319              		.cfi_startproc
 2320              		@ args = 0, pretend = 0, frame = 0
 2321              		@ frame_needed = 0, uses_anonymous_args = 0
 2322              	.LVL305:
 2323 0000 10B5     		push	{r4, lr}
 2324              		.cfi_def_cfa_offset 8
 2325              		.cfi_offset 4, -8
 2326              		.cfi_offset 14, -4
1668:Generated_Source\PSoC4/CapSense_SensingCSD_LL.c ****                                                       + sensorId;
 2327              		.loc 1 1668 0
 2328 0002 2C23     		movs	r3, #44
 2329 0004 5843     		muls	r0, r3
 2330              	.LVL306:
 2331 0006 054B     		ldr	r3, .L145
 2332 0008 C058     		ldr	r0, [r0, r3]
1669:Generated_Source\PSoC4/CapSense_SensingCSD_LL.c **** 
 2333              		.loc 1 1669 0
 2334 000a CB00     		lsls	r3, r1, #3
 2335 000c 591A     		subs	r1, r3, r1
 2336              	.LVL307:
 2337 000e 8B00     		lsls	r3, r1, #2
ARM GAS  C:\Users\ADSTRU~1\AppData\Local\Temp\ccLLBSlA.s 			page 95


 2338 0010 C018     		adds	r0, r0, r3
1667:Generated_Source\PSoC4/CapSense_SensingCSD_LL.c ****                                                       CapSense_dsFlash.wdgtArray[widgetId].ptr2SnsF
 2339              		.loc 1 1667 0
 2340 0012 034B     		ldr	r3, .L145+4
 2341 0014 1860     		str	r0, [r3]
1702:Generated_Source\PSoC4/CapSense_SensingCSD_LL.c ****     #endif /* (CapSense_ENABLE == CapSense_CSD_GANGED_SNS_EN) */
 2342              		.loc 1 1702 0
 2343 0016 FFF7FEFF 		bl	CapSense_CSDDisconnectSns
 2344              	.LVL308:
1704:Generated_Source\PSoC4/CapSense_SensingCSD_LL.c **** 
 2345              		.loc 1 1704 0
 2346              		@ sp needed
 2347 001a 10BD     		pop	{r4, pc}
 2348              	.L146:
 2349              		.align	2
 2350              	.L145:
 2351 001c 00000000 		.word	CapSense_dsFlash
 2352 0020 00000000 		.word	CapSense_curSnsIOPtr
 2353              		.cfi_endproc
 2354              	.LFE16:
 2355              		.size	CapSense_SsCSDDisconnectSnsExt, .-CapSense_SsCSDDisconnectSnsExt
 2356              		.section	.text.CapSense_CSDCalibrateWidget,"ax",%progbits
 2357              		.align	2
 2358              		.global	CapSense_CSDCalibrateWidget
 2359              		.code	16
 2360              		.thumb_func
 2361              		.type	CapSense_CSDCalibrateWidget, %function
 2362              	CapSense_CSDCalibrateWidget:
 2363              	.LFB23:
2417:Generated_Source\PSoC4/CapSense_SensingCSD_LL.c ****         cystatus calibrateStatus = CYRET_SUCCESS;
 2364              		.loc 1 2417 0
 2365              		.cfi_startproc
 2366              		@ args = 0, pretend = 0, frame = 0
 2367              		@ frame_needed = 0, uses_anonymous_args = 0
 2368              	.LVL309:
 2369 0000 70B5     		push	{r4, r5, r6, lr}
 2370              		.cfi_def_cfa_offset 16
 2371              		.cfi_offset 4, -16
 2372              		.cfi_offset 5, -12
 2373              		.cfi_offset 6, -8
 2374              		.cfi_offset 14, -4
 2375 0002 0400     		movs	r4, r0
 2376 0004 0D00     		movs	r5, r1
 2377              	.LVL310:
2425:Generated_Source\PSoC4/CapSense_SensingCSD_LL.c **** 
 2378              		.loc 1 2425 0
 2379 0006 2C26     		movs	r6, #44
 2380 0008 4643     		muls	r6, r0
 2381 000a 174B     		ldr	r3, .L155
 2382 000c F618     		adds	r6, r6, r3
 2383              	.LVL311:
2427:Generated_Source\PSoC4/CapSense_SensingCSD_LL.c ****         {
 2384              		.loc 1 2427 0
 2385 000e 174B     		ldr	r3, .L155+4
 2386 0010 DB68     		ldr	r3, [r3, #12]
 2387 0012 DB03     		lsls	r3, r3, #15
 2388 0014 24D4     		bmi	.L153
ARM GAS  C:\Users\ADSTRU~1\AppData\Local\Temp\ccLLBSlA.s 			page 96


2435:Generated_Source\PSoC4/CapSense_SensingCSD_LL.c ****                 CapSense_CSD_IDAC_GAIN_INDEX_DEFAULT;
 2389              		.loc 1 2435 0
 2390 0016 7368     		ldr	r3, [r6, #4]
 2391 0018 0422     		movs	r2, #4
 2392 001a 9A72     		strb	r2, [r3, #10]
 2393              	.LVL312:
 2394              	.L149:
2444:Generated_Source\PSoC4/CapSense_SensingCSD_LL.c ****                     gainSwitch = CapSense_SsCSDSwitchIdacGain(ptrFlashWidget);
 2395              		.loc 1 2444 0 discriminator 1
 2396 001c 2900     		movs	r1, r5
 2397 001e 2000     		movs	r0, r4
 2398 0020 FFF7FEFF 		bl	CapSense_SsCSDCalibrate
 2399              	.LVL313:
2445:Generated_Source\PSoC4/CapSense_SensingCSD_LL.c ****                 } while(0u != gainSwitch);
 2400              		.loc 1 2445 0 discriminator 1
 2401 0024 3000     		movs	r0, r6
 2402 0026 FFF7FEFF 		bl	CapSense_SsCSDSwitchIdacGain
 2403              	.LVL314:
2446:Generated_Source\PSoC4/CapSense_SensingCSD_LL.c ****             #endif
 2404              		.loc 1 2446 0 discriminator 1
 2405 002a 0028     		cmp	r0, #0
 2406 002c F6D1     		bne	.L149
2451:Generated_Source\PSoC4/CapSense_SensingCSD_LL.c ****             #endif
 2407              		.loc 1 2451 0
 2408 002e 2900     		movs	r1, r5
 2409 0030 3000     		movs	r0, r6
 2410              	.LVL315:
 2411 0032 FFF7FEFF 		bl	CapSense_SsCSDNormalizeIdac
 2412              	.LVL316:
2455:Generated_Source\PSoC4/CapSense_SensingCSD_LL.c ****             CapSense_CSDScan();
 2413              		.loc 1 2455 0
 2414 0036 2000     		movs	r0, r4
 2415 0038 FFF7FEFF 		bl	CapSense_CSDSetupWidget
 2416              	.LVL317:
2456:Generated_Source\PSoC4/CapSense_SensingCSD_LL.c **** 
 2417              		.loc 1 2456 0
 2418 003c FFF7FEFF 		bl	CapSense_CSDScan
 2419              	.LVL318:
2458:Generated_Source\PSoC4/CapSense_SensingCSD_LL.c ****             while (((CapSense_dsRam.status & CapSense_SW_STS_BUSY) != 0u) && (0uL != watchdogCounte
 2420              		.loc 1 2458 0
 2421 0040 0B4B     		ldr	r3, .L155+8
2459:Generated_Source\PSoC4/CapSense_SensingCSD_LL.c ****             {
 2422              		.loc 1 2459 0
 2423 0042 00E0     		b	.L150
 2424              	.LVL319:
 2425              	.L152:
2461:Generated_Source\PSoC4/CapSense_SensingCSD_LL.c ****             }
 2426              		.loc 1 2461 0
 2427 0044 013B     		subs	r3, r3, #1
 2428              	.LVL320:
 2429              	.L150:
2459:Generated_Source\PSoC4/CapSense_SensingCSD_LL.c ****             {
 2430              		.loc 1 2459 0
 2431 0046 094A     		ldr	r2, .L155+4
 2432 0048 D268     		ldr	r2, [r2, #12]
 2433 004a 1206     		lsls	r2, r2, #24
 2434 004c 01D5     		bpl	.L151
ARM GAS  C:\Users\ADSTRU~1\AppData\Local\Temp\ccLLBSlA.s 			page 97


2459:Generated_Source\PSoC4/CapSense_SensingCSD_LL.c ****             {
 2435              		.loc 1 2459 0 is_stmt 0 discriminator 1
 2436 004e 002B     		cmp	r3, #0
 2437 0050 F8D1     		bne	.L152
 2438              	.L151:
2465:Generated_Source\PSoC4/CapSense_SensingCSD_LL.c ****             {
 2439              		.loc 1 2465 0 is_stmt 1
 2440 0052 002B     		cmp	r3, #0
 2441 0054 06D0     		beq	.L154
2471:Generated_Source\PSoC4/CapSense_SensingCSD_LL.c ****             }
 2442              		.loc 1 2471 0
 2443 0056 2900     		movs	r1, r5
 2444 0058 2000     		movs	r0, r4
 2445 005a FFF7FEFF 		bl	CapSense_SsCSDCalibrateCheck
 2446              	.LVL321:
 2447 005e 02E0     		b	.L148
 2448              	.LVL322:
 2449              	.L153:
2430:Generated_Source\PSoC4/CapSense_SensingCSD_LL.c ****         }
 2450              		.loc 1 2430 0
 2451 0060 1120     		movs	r0, #17
 2452              	.LVL323:
 2453 0062 00E0     		b	.L148
 2454              	.LVL324:
 2455              	.L154:
2467:Generated_Source\PSoC4/CapSense_SensingCSD_LL.c ****             }
 2456              		.loc 1 2467 0
 2457 0064 1020     		movs	r0, #16
 2458              	.LVL325:
 2459              	.L148:
2481:Generated_Source\PSoC4/CapSense_SensingCSD_LL.c **** #endif /* ((CapSense_CSD_SS_DIS != CapSense_CSD_AUTOTUNE)) || \
 2460              		.loc 1 2481 0
 2461              		@ sp needed
 2462              	.LVL326:
 2463              	.LVL327:
 2464              	.LVL328:
 2465 0066 70BD     		pop	{r4, r5, r6, pc}
 2466              	.L156:
 2467              		.align	2
 2468              	.L155:
 2469 0068 00000000 		.word	CapSense_dsFlash
 2470 006c 00000000 		.word	CapSense_dsRam
 2471 0070 00366E01 		.word	24000000
 2472              		.cfi_endproc
 2473              	.LFE23:
 2474              		.size	CapSense_CSDCalibrateWidget, .-CapSense_CSDCalibrateWidget
 2475              		.global	CapSense_configCsd
 2476              		.data
 2477              		.align	2
 2478              		.set	.LANCHOR0,. + 0
 2479              		.type	CapSense_configCsd, %object
 2480              		.size	CapSense_configCsd, 4
 2481              	CapSense_configCsd:
 2482 0000 20000004 		.word	67108896
 2483              		.bss
 2484              		.set	.LANCHOR1,. + 0
 2485              		.type	CapSense_eleCsdDisconnectFlag, %object
ARM GAS  C:\Users\ADSTRU~1\AppData\Local\Temp\ccLLBSlA.s 			page 98


 2486              		.size	CapSense_eleCsdDisconnectFlag, 1
 2487              	CapSense_eleCsdDisconnectFlag:
 2488 0000 00       		.space	1
 2489              		.text
 2490              	.Letext0:
 2491              		.file 2 "Generated_Source\\PSoC4/cytypes.h"
 2492              		.file 3 "Generated_Source\\PSoC4\\CapSense_Configuration.h"
 2493              		.file 4 "Generated_Source\\PSoC4\\CapSense_SmartSense_LL.h"
 2494              		.file 5 "Generated_Source\\PSoC4\\CapSense_Structure.h"
 2495              		.file 6 "Generated_Source\\PSoC4\\CapSense_Sensing.h"
 2496              		.file 7 "Generated_Source\\PSoC4/CyLib.h"
 2497              		.file 8 "Generated_Source\\PSoC4\\CapSense_ISR.h"
 2498              		.section	.debug_info,"",%progbits
 2499              	.Ldebug_info0:
 2500 0000 44130000 		.4byte	0x1344
 2501 0004 0400     		.2byte	0x4
 2502 0006 00000000 		.4byte	.Ldebug_abbrev0
 2503 000a 04       		.byte	0x4
 2504 000b 01       		.uleb128 0x1
 2505 000c F3010000 		.4byte	.LASF196
 2506 0010 0C       		.byte	0xc
 2507 0011 54070000 		.4byte	.LASF197
 2508 0015 D90B0000 		.4byte	.LASF198
 2509 0019 00000000 		.4byte	.Ldebug_ranges0+0
 2510 001d 00000000 		.4byte	0
 2511 0021 00000000 		.4byte	.Ldebug_line0
 2512 0025 02       		.uleb128 0x2
 2513 0026 01       		.byte	0x1
 2514 0027 06       		.byte	0x6
 2515 0028 6B0B0000 		.4byte	.LASF0
 2516 002c 02       		.uleb128 0x2
 2517 002d 01       		.byte	0x1
 2518 002e 08       		.byte	0x8
 2519 002f 8C0A0000 		.4byte	.LASF1
 2520 0033 02       		.uleb128 0x2
 2521 0034 02       		.byte	0x2
 2522 0035 05       		.byte	0x5
 2523 0036 33080000 		.4byte	.LASF2
 2524 003a 02       		.uleb128 0x2
 2525 003b 02       		.byte	0x2
 2526 003c 07       		.byte	0x7
 2527 003d 930B0000 		.4byte	.LASF3
 2528 0041 02       		.uleb128 0x2
 2529 0042 04       		.byte	0x4
 2530 0043 05       		.byte	0x5
 2531 0044 BB080000 		.4byte	.LASF4
 2532 0048 02       		.uleb128 0x2
 2533 0049 04       		.byte	0x4
 2534 004a 07       		.byte	0x7
 2535 004b C3090000 		.4byte	.LASF5
 2536 004f 02       		.uleb128 0x2
 2537 0050 08       		.byte	0x8
 2538 0051 05       		.byte	0x5
 2539 0052 B0050000 		.4byte	.LASF6
 2540 0056 02       		.uleb128 0x2
 2541 0057 08       		.byte	0x8
 2542 0058 07       		.byte	0x7
ARM GAS  C:\Users\ADSTRU~1\AppData\Local\Temp\ccLLBSlA.s 			page 99


 2543 0059 EC020000 		.4byte	.LASF7
 2544 005d 03       		.uleb128 0x3
 2545 005e 04       		.byte	0x4
 2546 005f 05       		.byte	0x5
 2547 0060 696E7400 		.ascii	"int\000"
 2548 0064 02       		.uleb128 0x2
 2549 0065 04       		.byte	0x4
 2550 0066 07       		.byte	0x7
 2551 0067 7C000000 		.4byte	.LASF8
 2552 006b 04       		.uleb128 0x4
 2553 006c 110C0000 		.4byte	.LASF9
 2554 0070 02       		.byte	0x2
 2555 0071 FB01     		.2byte	0x1fb
 2556 0073 2C000000 		.4byte	0x2c
 2557 0077 04       		.uleb128 0x4
 2558 0078 51050000 		.4byte	.LASF10
 2559 007c 02       		.byte	0x2
 2560 007d FC01     		.2byte	0x1fc
 2561 007f 3A000000 		.4byte	0x3a
 2562 0083 04       		.uleb128 0x4
 2563 0084 E7060000 		.4byte	.LASF11
 2564 0088 02       		.byte	0x2
 2565 0089 FD01     		.2byte	0x1fd
 2566 008b 48000000 		.4byte	0x48
 2567 008f 02       		.uleb128 0x2
 2568 0090 04       		.byte	0x4
 2569 0091 04       		.byte	0x4
 2570 0092 CD010000 		.4byte	.LASF12
 2571 0096 02       		.uleb128 0x2
 2572 0097 08       		.byte	0x8
 2573 0098 04       		.byte	0x4
 2574 0099 170C0000 		.4byte	.LASF13
 2575 009d 02       		.uleb128 0x2
 2576 009e 01       		.byte	0x1
 2577 009f 08       		.byte	0x8
 2578 00a0 DE040000 		.4byte	.LASF14
 2579 00a4 04       		.uleb128 0x4
 2580 00a5 660A0000 		.4byte	.LASF15
 2581 00a9 02       		.byte	0x2
 2582 00aa 9D02     		.2byte	0x29d
 2583 00ac 48000000 		.4byte	0x48
 2584 00b0 05       		.uleb128 0x5
 2585 00b1 6B000000 		.4byte	0x6b
 2586 00b5 04       		.uleb128 0x4
 2587 00b6 C6070000 		.4byte	.LASF16
 2588 00ba 02       		.byte	0x2
 2589 00bb A702     		.2byte	0x2a7
 2590 00bd C1000000 		.4byte	0xc1
 2591 00c1 05       		.uleb128 0x5
 2592 00c2 83000000 		.4byte	0x83
 2593 00c6 04       		.uleb128 0x4
 2594 00c7 C20A0000 		.4byte	.LASF17
 2595 00cb 03       		.byte	0x3
 2596 00cc 2201     		.2byte	0x122
 2597 00ce 77000000 		.4byte	0x77
 2598 00d2 04       		.uleb128 0x4
 2599 00d3 86050000 		.4byte	.LASF18
ARM GAS  C:\Users\ADSTRU~1\AppData\Local\Temp\ccLLBSlA.s 			page 100


 2600 00d7 03       		.byte	0x3
 2601 00d8 2601     		.2byte	0x126
 2602 00da 6B000000 		.4byte	0x6b
 2603 00de 06       		.uleb128 0x6
 2604 00df 0C       		.byte	0xc
 2605 00e0 04       		.byte	0x4
 2606 00e1 75       		.byte	0x75
 2607 00e2 3B010000 		.4byte	0x13b
 2608 00e6 07       		.uleb128 0x7
 2609 00e7 2C0C0000 		.4byte	.LASF19
 2610 00eb 04       		.byte	0x4
 2611 00ec 7A       		.byte	0x7a
 2612 00ed 77000000 		.4byte	0x77
 2613 00f1 00       		.byte	0
 2614 00f2 07       		.uleb128 0x7
 2615 00f3 330C0000 		.4byte	.LASF20
 2616 00f7 04       		.byte	0x4
 2617 00f8 7E       		.byte	0x7e
 2618 00f9 77000000 		.4byte	0x77
 2619 00fd 02       		.byte	0x2
 2620 00fe 07       		.uleb128 0x7
 2621 00ff 3A0C0000 		.4byte	.LASF21
 2622 0103 04       		.byte	0x4
 2623 0104 82       		.byte	0x82
 2624 0105 77000000 		.4byte	0x77
 2625 0109 04       		.byte	0x4
 2626 010a 07       		.uleb128 0x7
 2627 010b 410C0000 		.4byte	.LASF22
 2628 010f 04       		.byte	0x4
 2629 0110 86       		.byte	0x86
 2630 0111 77000000 		.4byte	0x77
 2631 0115 06       		.byte	0x6
 2632 0116 07       		.uleb128 0x7
 2633 0117 480C0000 		.4byte	.LASF23
 2634 011b 04       		.byte	0x4
 2635 011c 8A       		.byte	0x8a
 2636 011d 77000000 		.4byte	0x77
 2637 0121 08       		.byte	0x8
 2638 0122 07       		.uleb128 0x7
 2639 0123 4F0C0000 		.4byte	.LASF24
 2640 0127 04       		.byte	0x4
 2641 0128 8E       		.byte	0x8e
 2642 0129 6B000000 		.4byte	0x6b
 2643 012d 0A       		.byte	0xa
 2644 012e 07       		.uleb128 0x7
 2645 012f 560C0000 		.4byte	.LASF25
 2646 0133 04       		.byte	0x4
 2647 0134 92       		.byte	0x92
 2648 0135 6B000000 		.4byte	0x6b
 2649 0139 0B       		.byte	0xb
 2650 013a 00       		.byte	0
 2651 013b 08       		.uleb128 0x8
 2652 013c 95040000 		.4byte	.LASF26
 2653 0140 04       		.byte	0x4
 2654 0141 93       		.byte	0x93
 2655 0142 DE000000 		.4byte	0xde
 2656 0146 09       		.uleb128 0x9
ARM GAS  C:\Users\ADSTRU~1\AppData\Local\Temp\ccLLBSlA.s 			page 101


 2657 0147 01       		.byte	0x1
 2658 0148 2C000000 		.4byte	0x2c
 2659 014c 05       		.byte	0x5
 2660 014d 70       		.byte	0x70
 2661 014e 71010000 		.4byte	0x171
 2662 0152 0A       		.uleb128 0xa
 2663 0153 62000000 		.4byte	.LASF27
 2664 0157 00       		.byte	0
 2665 0158 0A       		.uleb128 0xa
 2666 0159 96090000 		.4byte	.LASF28
 2667 015d 01       		.byte	0x1
 2668 015e 0A       		.uleb128 0xa
 2669 015f EA080000 		.4byte	.LASF29
 2670 0163 02       		.byte	0x2
 2671 0164 0A       		.uleb128 0xa
 2672 0165 EB0A0000 		.4byte	.LASF30
 2673 0169 03       		.byte	0x3
 2674 016a 0A       		.uleb128 0xa
 2675 016b 84070000 		.4byte	.LASF31
 2676 016f 04       		.byte	0x4
 2677 0170 00       		.byte	0
 2678 0171 06       		.uleb128 0x6
 2679 0172 14       		.byte	0x14
 2680 0173 05       		.byte	0x5
 2681 0174 AD       		.byte	0xad
 2682 0175 16020000 		.4byte	0x216
 2683 0179 07       		.uleb128 0x7
 2684 017a 74050000 		.4byte	.LASF32
 2685 017e 05       		.byte	0x5
 2686 017f B2       		.byte	0xb2
 2687 0180 77000000 		.4byte	0x77
 2688 0184 00       		.byte	0
 2689 0185 07       		.uleb128 0x7
 2690 0186 350A0000 		.4byte	.LASF33
 2691 018a 05       		.byte	0x5
 2692 018b B7       		.byte	0xb7
 2693 018c C6000000 		.4byte	0xc6
 2694 0190 02       		.byte	0x2
 2695 0191 07       		.uleb128 0x7
 2696 0192 C4040000 		.4byte	.LASF34
 2697 0196 05       		.byte	0x5
 2698 0197 BC       		.byte	0xbc
 2699 0198 6B000000 		.4byte	0x6b
 2700 019c 04       		.byte	0x4
 2701 019d 07       		.uleb128 0x7
 2702 019e 85060000 		.4byte	.LASF35
 2703 01a2 05       		.byte	0x5
 2704 01a3 C1       		.byte	0xc1
 2705 01a4 6B000000 		.4byte	0x6b
 2706 01a8 05       		.byte	0x5
 2707 01a9 07       		.uleb128 0x7
 2708 01aa 12040000 		.4byte	.LASF36
 2709 01ae 05       		.byte	0x5
 2710 01af C7       		.byte	0xc7
 2711 01b0 6B000000 		.4byte	0x6b
 2712 01b4 06       		.byte	0x6
 2713 01b5 07       		.uleb128 0x7
ARM GAS  C:\Users\ADSTRU~1\AppData\Local\Temp\ccLLBSlA.s 			page 102


 2714 01b6 DF050000 		.4byte	.LASF37
 2715 01ba 05       		.byte	0x5
 2716 01bb CD       		.byte	0xcd
 2717 01bc 6B000000 		.4byte	0x6b
 2718 01c0 07       		.byte	0x7
 2719 01c1 07       		.uleb128 0x7
 2720 01c2 3F040000 		.4byte	.LASF38
 2721 01c6 05       		.byte	0x5
 2722 01c7 D4       		.byte	0xd4
 2723 01c8 D2000000 		.4byte	0xd2
 2724 01cc 08       		.byte	0x8
 2725 01cd 07       		.uleb128 0x7
 2726 01ce D5090000 		.4byte	.LASF39
 2727 01d2 05       		.byte	0x5
 2728 01d3 DB       		.byte	0xdb
 2729 01d4 16020000 		.4byte	0x216
 2730 01d8 09       		.byte	0x9
 2731 01d9 07       		.uleb128 0x7
 2732 01da A0010000 		.4byte	.LASF40
 2733 01de 05       		.byte	0x5
 2734 01df E0       		.byte	0xe0
 2735 01e0 6B000000 		.4byte	0x6b
 2736 01e4 0A       		.byte	0xa
 2737 01e5 07       		.uleb128 0x7
 2738 01e6 2C0B0000 		.4byte	.LASF41
 2739 01ea 05       		.byte	0x5
 2740 01eb E8       		.byte	0xe8
 2741 01ec 77000000 		.4byte	0x77
 2742 01f0 0C       		.byte	0xc
 2743 01f1 07       		.uleb128 0x7
 2744 01f2 FD070000 		.4byte	.LASF42
 2745 01f6 05       		.byte	0x5
 2746 01f7 ED       		.byte	0xed
 2747 01f8 6B000000 		.4byte	0x6b
 2748 01fc 0E       		.byte	0xe
 2749 01fd 07       		.uleb128 0x7
 2750 01fe 4F090000 		.4byte	.LASF43
 2751 0202 05       		.byte	0x5
 2752 0203 F3       		.byte	0xf3
 2753 0204 77000000 		.4byte	0x77
 2754 0208 10       		.byte	0x10
 2755 0209 07       		.uleb128 0x7
 2756 020a 0B040000 		.4byte	.LASF44
 2757 020e 05       		.byte	0x5
 2758 020f F8       		.byte	0xf8
 2759 0210 77000000 		.4byte	0x77
 2760 0214 12       		.byte	0x12
 2761 0215 00       		.byte	0
 2762 0216 0B       		.uleb128 0xb
 2763 0217 6B000000 		.4byte	0x6b
 2764 021b 26020000 		.4byte	0x226
 2765 021f 0C       		.uleb128 0xc
 2766 0220 26020000 		.4byte	0x226
 2767 0224 00       		.byte	0
 2768 0225 00       		.byte	0
 2769 0226 02       		.uleb128 0x2
 2770 0227 04       		.byte	0x4
ARM GAS  C:\Users\ADSTRU~1\AppData\Local\Temp\ccLLBSlA.s 			page 103


 2771 0228 07       		.byte	0x7
 2772 0229 B2090000 		.4byte	.LASF45
 2773 022d 08       		.uleb128 0x8
 2774 022e B6060000 		.4byte	.LASF46
 2775 0232 05       		.byte	0x5
 2776 0233 F9       		.byte	0xf9
 2777 0234 71010000 		.4byte	0x171
 2778 0238 06       		.uleb128 0x6
 2779 0239 16       		.byte	0x16
 2780 023a 05       		.byte	0x5
 2781 023b FE       		.byte	0xfe
 2782 023c F7020000 		.4byte	0x2f7
 2783 0240 0D       		.uleb128 0xd
 2784 0241 74050000 		.4byte	.LASF32
 2785 0245 05       		.byte	0x5
 2786 0246 0301     		.2byte	0x103
 2787 0248 77000000 		.4byte	0x77
 2788 024c 00       		.byte	0
 2789 024d 0D       		.uleb128 0xd
 2790 024e 350A0000 		.4byte	.LASF33
 2791 0252 05       		.byte	0x5
 2792 0253 0801     		.2byte	0x108
 2793 0255 C6000000 		.4byte	0xc6
 2794 0259 02       		.byte	0x2
 2795 025a 0D       		.uleb128 0xd
 2796 025b C4040000 		.4byte	.LASF34
 2797 025f 05       		.byte	0x5
 2798 0260 0D01     		.2byte	0x10d
 2799 0262 6B000000 		.4byte	0x6b
 2800 0266 04       		.byte	0x4
 2801 0267 0D       		.uleb128 0xd
 2802 0268 85060000 		.4byte	.LASF35
 2803 026c 05       		.byte	0x5
 2804 026d 1201     		.2byte	0x112
 2805 026f 6B000000 		.4byte	0x6b
 2806 0273 05       		.byte	0x5
 2807 0274 0D       		.uleb128 0xd
 2808 0275 12040000 		.4byte	.LASF36
 2809 0279 05       		.byte	0x5
 2810 027a 1801     		.2byte	0x118
 2811 027c 6B000000 		.4byte	0x6b
 2812 0280 06       		.byte	0x6
 2813 0281 0D       		.uleb128 0xd
 2814 0282 DF050000 		.4byte	.LASF37
 2815 0286 05       		.byte	0x5
 2816 0287 1E01     		.2byte	0x11e
 2817 0289 6B000000 		.4byte	0x6b
 2818 028d 07       		.byte	0x7
 2819 028e 0D       		.uleb128 0xd
 2820 028f 3F040000 		.4byte	.LASF38
 2821 0293 05       		.byte	0x5
 2822 0294 2501     		.2byte	0x125
 2823 0296 D2000000 		.4byte	0xd2
 2824 029a 08       		.byte	0x8
 2825 029b 0D       		.uleb128 0xd
 2826 029c D5090000 		.4byte	.LASF39
 2827 02a0 05       		.byte	0x5
ARM GAS  C:\Users\ADSTRU~1\AppData\Local\Temp\ccLLBSlA.s 			page 104


 2828 02a1 2C01     		.2byte	0x12c
 2829 02a3 16020000 		.4byte	0x216
 2830 02a7 09       		.byte	0x9
 2831 02a8 0D       		.uleb128 0xd
 2832 02a9 A0010000 		.4byte	.LASF40
 2833 02ad 05       		.byte	0x5
 2834 02ae 3101     		.2byte	0x131
 2835 02b0 6B000000 		.4byte	0x6b
 2836 02b4 0A       		.byte	0xa
 2837 02b5 0D       		.uleb128 0xd
 2838 02b6 2C0B0000 		.4byte	.LASF41
 2839 02ba 05       		.byte	0x5
 2840 02bb 3901     		.2byte	0x139
 2841 02bd 77000000 		.4byte	0x77
 2842 02c1 0C       		.byte	0xc
 2843 02c2 0D       		.uleb128 0xd
 2844 02c3 FD070000 		.4byte	.LASF42
 2845 02c7 05       		.byte	0x5
 2846 02c8 3E01     		.2byte	0x13e
 2847 02ca 6B000000 		.4byte	0x6b
 2848 02ce 0E       		.byte	0xe
 2849 02cf 0D       		.uleb128 0xd
 2850 02d0 4F090000 		.4byte	.LASF43
 2851 02d4 05       		.byte	0x5
 2852 02d5 4401     		.2byte	0x144
 2853 02d7 77000000 		.4byte	0x77
 2854 02db 10       		.byte	0x10
 2855 02dc 0D       		.uleb128 0xd
 2856 02dd 0B040000 		.4byte	.LASF44
 2857 02e1 05       		.byte	0x5
 2858 02e2 4901     		.2byte	0x149
 2859 02e4 77000000 		.4byte	0x77
 2860 02e8 12       		.byte	0x12
 2861 02e9 0D       		.uleb128 0xd
 2862 02ea 9F0C0000 		.4byte	.LASF47
 2863 02ee 05       		.byte	0x5
 2864 02ef 4E01     		.2byte	0x14e
 2865 02f1 F7020000 		.4byte	0x2f7
 2866 02f5 14       		.byte	0x14
 2867 02f6 00       		.byte	0
 2868 02f7 0B       		.uleb128 0xb
 2869 02f8 77000000 		.4byte	0x77
 2870 02fc 07030000 		.4byte	0x307
 2871 0300 0C       		.uleb128 0xc
 2872 0301 26020000 		.4byte	0x226
 2873 0305 00       		.byte	0
 2874 0306 00       		.byte	0
 2875 0307 04       		.uleb128 0x4
 2876 0308 78090000 		.4byte	.LASF48
 2877 030c 05       		.byte	0x5
 2878 030d 4F01     		.2byte	0x14f
 2879 030f 38020000 		.4byte	0x238
 2880 0313 0E       		.uleb128 0xe
 2881 0314 16       		.byte	0x16
 2882 0315 05       		.byte	0x5
 2883 0316 5501     		.2byte	0x155
 2884 0318 2A030000 		.4byte	0x32a
ARM GAS  C:\Users\ADSTRU~1\AppData\Local\Temp\ccLLBSlA.s 			page 105


 2885 031c 0D       		.uleb128 0xd
 2886 031d 080B0000 		.4byte	.LASF49
 2887 0321 05       		.byte	0x5
 2888 0322 5A01     		.2byte	0x15a
 2889 0324 07030000 		.4byte	0x307
 2890 0328 00       		.byte	0
 2891 0329 00       		.byte	0
 2892 032a 04       		.uleb128 0x4
 2893 032b 64010000 		.4byte	.LASF50
 2894 032f 05       		.byte	0x5
 2895 0330 5B01     		.2byte	0x15b
 2896 0332 13030000 		.4byte	0x313
 2897 0336 0E       		.uleb128 0xe
 2898 0337 0A       		.byte	0xa
 2899 0338 05       		.byte	0x5
 2900 0339 6101     		.2byte	0x161
 2901 033b 8E030000 		.4byte	0x38e
 2902 033f 0F       		.uleb128 0xf
 2903 0340 72617700 		.ascii	"raw\000"
 2904 0344 05       		.byte	0x5
 2905 0345 6601     		.2byte	0x166
 2906 0347 F7020000 		.4byte	0x2f7
 2907 034b 00       		.byte	0
 2908 034c 0D       		.uleb128 0xd
 2909 034d 8E0B0000 		.4byte	.LASF51
 2910 0351 05       		.byte	0x5
 2911 0352 6B01     		.2byte	0x16b
 2912 0354 F7020000 		.4byte	0x2f7
 2913 0358 02       		.byte	0x2
 2914 0359 0D       		.uleb128 0xd
 2915 035a 3E0A0000 		.4byte	.LASF52
 2916 035e 05       		.byte	0x5
 2917 035f 7101     		.2byte	0x171
 2918 0361 16020000 		.4byte	0x216
 2919 0365 04       		.byte	0x4
 2920 0366 0D       		.uleb128 0xd
 2921 0367 CF080000 		.4byte	.LASF53
 2922 036b 05       		.byte	0x5
 2923 036c 7601     		.2byte	0x176
 2924 036e C6000000 		.4byte	0xc6
 2925 0372 06       		.byte	0x6
 2926 0373 0D       		.uleb128 0xd
 2927 0374 1E0C0000 		.4byte	.LASF54
 2928 0378 05       		.byte	0x5
 2929 0379 7B01     		.2byte	0x17b
 2930 037b 8E030000 		.4byte	0x38e
 2931 037f 08       		.byte	0x8
 2932 0380 0D       		.uleb128 0xd
 2933 0381 A1050000 		.4byte	.LASF55
 2934 0385 05       		.byte	0x5
 2935 0386 8001     		.2byte	0x180
 2936 0388 16020000 		.4byte	0x216
 2937 038c 09       		.byte	0x9
 2938 038d 00       		.byte	0
 2939 038e 0B       		.uleb128 0xb
 2940 038f D2000000 		.4byte	0xd2
 2941 0393 9E030000 		.4byte	0x39e
ARM GAS  C:\Users\ADSTRU~1\AppData\Local\Temp\ccLLBSlA.s 			page 106


 2942 0397 0C       		.uleb128 0xc
 2943 0398 26020000 		.4byte	0x226
 2944 039c 00       		.byte	0
 2945 039d 00       		.byte	0
 2946 039e 04       		.uleb128 0x4
 2947 039f BC030000 		.4byte	.LASF56
 2948 03a3 05       		.byte	0x5
 2949 03a4 8101     		.2byte	0x181
 2950 03a6 36030000 		.4byte	0x336
 2951 03aa 0E       		.uleb128 0xe
 2952 03ab 32       		.byte	0x32
 2953 03ac 05       		.byte	0x5
 2954 03ad 8701     		.2byte	0x187
 2955 03af C1030000 		.4byte	0x3c1
 2956 03b3 0D       		.uleb128 0xd
 2957 03b4 080B0000 		.4byte	.LASF49
 2958 03b8 05       		.byte	0x5
 2959 03b9 8C01     		.2byte	0x18c
 2960 03bb C1030000 		.4byte	0x3c1
 2961 03bf 00       		.byte	0
 2962 03c0 00       		.byte	0
 2963 03c1 0B       		.uleb128 0xb
 2964 03c2 9E030000 		.4byte	0x39e
 2965 03c6 D1030000 		.4byte	0x3d1
 2966 03ca 0C       		.uleb128 0xc
 2967 03cb 26020000 		.4byte	0x226
 2968 03cf 04       		.byte	0x4
 2969 03d0 00       		.byte	0
 2970 03d1 04       		.uleb128 0x4
 2971 03d2 BF0C0000 		.4byte	.LASF57
 2972 03d6 05       		.byte	0x5
 2973 03d7 8D01     		.2byte	0x18d
 2974 03d9 AA030000 		.4byte	0x3aa
 2975 03dd 0E       		.uleb128 0xe
 2976 03de 70       		.byte	0x70
 2977 03df 05       		.byte	0x5
 2978 03e0 9301     		.2byte	0x193
 2979 03e2 DE040000 		.4byte	0x4de
 2980 03e6 0D       		.uleb128 0xd
 2981 03e7 DF070000 		.4byte	.LASF58
 2982 03eb 05       		.byte	0x5
 2983 03ec 9A01     		.2byte	0x19a
 2984 03ee 77000000 		.4byte	0x77
 2985 03f2 00       		.byte	0
 2986 03f3 0D       		.uleb128 0xd
 2987 03f4 7F0C0000 		.4byte	.LASF59
 2988 03f8 05       		.byte	0x5
 2989 03f9 9F01     		.2byte	0x19f
 2990 03fb 77000000 		.4byte	0x77
 2991 03ff 02       		.byte	0x2
 2992 0400 0D       		.uleb128 0xd
 2993 0401 9B000000 		.4byte	.LASF60
 2994 0405 05       		.byte	0x5
 2995 0406 A401     		.2byte	0x1a4
 2996 0408 77000000 		.4byte	0x77
 2997 040c 04       		.byte	0x4
 2998 040d 0D       		.uleb128 0xd
ARM GAS  C:\Users\ADSTRU~1\AppData\Local\Temp\ccLLBSlA.s 			page 107


 2999 040e DC080000 		.4byte	.LASF61
 3000 0412 05       		.byte	0x5
 3001 0413 AA01     		.2byte	0x1aa
 3002 0415 77000000 		.4byte	0x77
 3003 0419 06       		.byte	0x6
 3004 041a 0D       		.uleb128 0xd
 3005 041b 89000000 		.4byte	.LASF62
 3006 041f 05       		.byte	0x5
 3007 0420 AF01     		.2byte	0x1af
 3008 0422 77000000 		.4byte	0x77
 3009 0426 08       		.byte	0x8
 3010 0427 0D       		.uleb128 0xd
 3011 0428 7F050000 		.4byte	.LASF63
 3012 042c 05       		.byte	0x5
 3013 042d B401     		.2byte	0x1b4
 3014 042f C1000000 		.4byte	0xc1
 3015 0433 0C       		.byte	0xc
 3016 0434 0D       		.uleb128 0xd
 3017 0435 C4080000 		.4byte	.LASF64
 3018 0439 05       		.byte	0x5
 3019 043a BA01     		.2byte	0x1ba
 3020 043c DE040000 		.4byte	0x4de
 3021 0440 10       		.byte	0x10
 3022 0441 0D       		.uleb128 0xd
 3023 0442 6D090000 		.4byte	.LASF65
 3024 0446 05       		.byte	0x5
 3025 0447 C101     		.2byte	0x1c1
 3026 0449 DE040000 		.4byte	0x4de
 3027 044d 14       		.byte	0x14
 3028 044e 0D       		.uleb128 0xd
 3029 044f F3070000 		.4byte	.LASF66
 3030 0453 05       		.byte	0x5
 3031 0454 D101     		.2byte	0x1d1
 3032 0456 16020000 		.4byte	0x216
 3033 045a 18       		.byte	0x18
 3034 045b 0D       		.uleb128 0xd
 3035 045c 8E060000 		.4byte	.LASF67
 3036 0460 05       		.byte	0x5
 3037 0461 D701     		.2byte	0x1d7
 3038 0463 77000000 		.4byte	0x77
 3039 0467 1A       		.byte	0x1a
 3040 0468 0D       		.uleb128 0xd
 3041 0469 B2030000 		.4byte	.LASF68
 3042 046d 05       		.byte	0x5
 3043 046e DC01     		.2byte	0x1dc
 3044 0470 6B000000 		.4byte	0x6b
 3045 0474 1C       		.byte	0x1c
 3046 0475 0D       		.uleb128 0xd
 3047 0476 1D060000 		.4byte	.LASF69
 3048 047a 05       		.byte	0x5
 3049 047b E101     		.2byte	0x1e1
 3050 047d 2A030000 		.4byte	0x32a
 3051 0481 1E       		.byte	0x1e
 3052 0482 0D       		.uleb128 0xd
 3053 0483 CF020000 		.4byte	.LASF70
 3054 0487 05       		.byte	0x5
 3055 0488 E601     		.2byte	0x1e6
ARM GAS  C:\Users\ADSTRU~1\AppData\Local\Temp\ccLLBSlA.s 			page 108


 3056 048a D1030000 		.4byte	0x3d1
 3057 048e 34       		.byte	0x34
 3058 048f 0D       		.uleb128 0xd
 3059 0490 52000000 		.4byte	.LASF71
 3060 0494 05       		.byte	0x5
 3061 0495 EB01     		.2byte	0x1eb
 3062 0497 6B000000 		.4byte	0x6b
 3063 049b 66       		.byte	0x66
 3064 049c 0D       		.uleb128 0xd
 3065 049d 31030000 		.4byte	.LASF72
 3066 04a1 05       		.byte	0x5
 3067 04a2 F001     		.2byte	0x1f0
 3068 04a4 6B000000 		.4byte	0x6b
 3069 04a8 67       		.byte	0x67
 3070 04a9 0D       		.uleb128 0xd
 3071 04aa CC070000 		.4byte	.LASF73
 3072 04ae 05       		.byte	0x5
 3073 04af F501     		.2byte	0x1f5
 3074 04b1 77000000 		.4byte	0x77
 3075 04b5 68       		.byte	0x68
 3076 04b6 0D       		.uleb128 0xd
 3077 04b7 62060000 		.4byte	.LASF74
 3078 04bb 05       		.byte	0x5
 3079 04bc FA01     		.2byte	0x1fa
 3080 04be F7020000 		.4byte	0x2f7
 3081 04c2 6A       		.byte	0x6a
 3082 04c3 0D       		.uleb128 0xd
 3083 04c4 A3000000 		.4byte	.LASF75
 3084 04c8 05       		.byte	0x5
 3085 04c9 FF01     		.2byte	0x1ff
 3086 04cb 6B000000 		.4byte	0x6b
 3087 04cf 6C       		.byte	0x6c
 3088 04d0 0D       		.uleb128 0xd
 3089 04d1 A70A0000 		.4byte	.LASF76
 3090 04d5 05       		.byte	0x5
 3091 04d6 0402     		.2byte	0x204
 3092 04d8 6B000000 		.4byte	0x6b
 3093 04dc 6D       		.byte	0x6d
 3094 04dd 00       		.byte	0
 3095 04de 0B       		.uleb128 0xb
 3096 04df 83000000 		.4byte	0x83
 3097 04e3 EE040000 		.4byte	0x4ee
 3098 04e7 0C       		.uleb128 0xc
 3099 04e8 26020000 		.4byte	0x226
 3100 04ec 00       		.byte	0
 3101 04ed 00       		.byte	0
 3102 04ee 04       		.uleb128 0x4
 3103 04ef 4E080000 		.4byte	.LASF77
 3104 04f3 05       		.byte	0x5
 3105 04f4 0502     		.2byte	0x205
 3106 04f6 DD030000 		.4byte	0x3dd
 3107 04fa 0E       		.uleb128 0xe
 3108 04fb 1C       		.byte	0x1c
 3109 04fc 05       		.byte	0x5
 3110 04fd 0B02     		.2byte	0x20b
 3111 04ff 79050000 		.4byte	0x579
 3112 0503 0D       		.uleb128 0xd
ARM GAS  C:\Users\ADSTRU~1\AppData\Local\Temp\ccLLBSlA.s 			page 109


 3113 0504 DE060000 		.4byte	.LASF78
 3114 0508 05       		.byte	0x5
 3115 0509 1002     		.2byte	0x210
 3116 050b 79050000 		.4byte	0x579
 3117 050f 00       		.byte	0
 3118 0510 0D       		.uleb128 0xd
 3119 0511 AA050000 		.4byte	.LASF79
 3120 0515 05       		.byte	0x5
 3121 0516 1502     		.2byte	0x215
 3122 0518 79050000 		.4byte	0x579
 3123 051c 04       		.byte	0x4
 3124 051d 0D       		.uleb128 0xd
 3125 051e E8030000 		.4byte	.LASF80
 3126 0522 05       		.byte	0x5
 3127 0523 1A02     		.2byte	0x21a
 3128 0525 79050000 		.4byte	0x579
 3129 0529 08       		.byte	0x8
 3130 052a 0D       		.uleb128 0xd
 3131 052b 06090000 		.4byte	.LASF81
 3132 052f 05       		.byte	0x5
 3133 0530 1F02     		.2byte	0x21f
 3134 0532 79050000 		.4byte	0x579
 3135 0536 0C       		.byte	0xc
 3136 0537 0D       		.uleb128 0xd
 3137 0538 160B0000 		.4byte	.LASF82
 3138 053c 05       		.byte	0x5
 3139 053d 2402     		.2byte	0x224
 3140 053f 83000000 		.4byte	0x83
 3141 0543 10       		.byte	0x10
 3142 0544 0D       		.uleb128 0xd
 3143 0545 1D070000 		.4byte	.LASF83
 3144 0549 05       		.byte	0x5
 3145 054a 2902     		.2byte	0x229
 3146 054c 83000000 		.4byte	0x83
 3147 0550 14       		.byte	0x14
 3148 0551 0D       		.uleb128 0xd
 3149 0552 46050000 		.4byte	.LASF84
 3150 0556 05       		.byte	0x5
 3151 0557 2E02     		.2byte	0x22e
 3152 0559 6B000000 		.4byte	0x6b
 3153 055d 18       		.byte	0x18
 3154 055e 0D       		.uleb128 0xd
 3155 055f BB090000 		.4byte	.LASF85
 3156 0563 05       		.byte	0x5
 3157 0564 3302     		.2byte	0x233
 3158 0566 6B000000 		.4byte	0x6b
 3159 056a 19       		.byte	0x19
 3160 056b 0D       		.uleb128 0xd
 3161 056c ED010000 		.4byte	.LASF86
 3162 0570 05       		.byte	0x5
 3163 0571 3802     		.2byte	0x238
 3164 0573 6B000000 		.4byte	0x6b
 3165 0577 1A       		.byte	0x1a
 3166 0578 00       		.byte	0
 3167 0579 10       		.uleb128 0x10
 3168 057a 04       		.byte	0x4
 3169 057b B5000000 		.4byte	0xb5
ARM GAS  C:\Users\ADSTRU~1\AppData\Local\Temp\ccLLBSlA.s 			page 110


 3170 057f 04       		.uleb128 0x4
 3171 0580 18030000 		.4byte	.LASF87
 3172 0584 05       		.byte	0x5
 3173 0585 3902     		.2byte	0x239
 3174 0587 FA040000 		.4byte	0x4fa
 3175 058b 0E       		.uleb128 0xe
 3176 058c 2C       		.byte	0x2c
 3177 058d 05       		.byte	0x5
 3178 058e 6C02     		.2byte	0x26c
 3179 0590 3E060000 		.4byte	0x63e
 3180 0594 0D       		.uleb128 0xd
 3181 0595 C00B0000 		.4byte	.LASF88
 3182 0599 05       		.byte	0x5
 3183 059a 7502     		.2byte	0x275
 3184 059c 3E060000 		.4byte	0x63e
 3185 05a0 00       		.byte	0
 3186 05a1 0D       		.uleb128 0xd
 3187 05a2 B60A0000 		.4byte	.LASF89
 3188 05a6 05       		.byte	0x5
 3189 05a7 7C02     		.2byte	0x27c
 3190 05a9 45060000 		.4byte	0x645
 3191 05ad 04       		.byte	0x4
 3192 05ae 0D       		.uleb128 0xd
 3193 05af E8070000 		.4byte	.LASF90
 3194 05b3 05       		.byte	0x5
 3195 05b4 8202     		.2byte	0x282
 3196 05b6 47060000 		.4byte	0x647
 3197 05ba 08       		.byte	0x8
 3198 05bb 0D       		.uleb128 0xd
 3199 05bc EE060000 		.4byte	.LASF91
 3200 05c0 05       		.byte	0x5
 3201 05c1 8802     		.2byte	0x288
 3202 05c3 45060000 		.4byte	0x645
 3203 05c7 0C       		.byte	0xc
 3204 05c8 0D       		.uleb128 0xd
 3205 05c9 FA090000 		.4byte	.LASF92
 3206 05cd 05       		.byte	0x5
 3207 05ce 8F02     		.2byte	0x28f
 3208 05d0 4D060000 		.4byte	0x64d
 3209 05d4 10       		.byte	0x10
 3210 05d5 0D       		.uleb128 0xd
 3211 05d6 9A0A0000 		.4byte	.LASF93
 3212 05da 05       		.byte	0x5
 3213 05db 9402     		.2byte	0x294
 3214 05dd 83000000 		.4byte	0x83
 3215 05e1 14       		.byte	0x14
 3216 05e2 0D       		.uleb128 0xd
 3217 05e3 6A040000 		.4byte	.LASF94
 3218 05e7 05       		.byte	0x5
 3219 05e8 9B02     		.2byte	0x29b
 3220 05ea 77000000 		.4byte	0x77
 3221 05ee 18       		.byte	0x18
 3222 05ef 0D       		.uleb128 0xd
 3223 05f0 58030000 		.4byte	.LASF95
 3224 05f4 05       		.byte	0x5
 3225 05f5 A202     		.2byte	0x2a2
 3226 05f7 6B000000 		.4byte	0x6b
ARM GAS  C:\Users\ADSTRU~1\AppData\Local\Temp\ccLLBSlA.s 			page 111


 3227 05fb 1A       		.byte	0x1a
 3228 05fc 0D       		.uleb128 0xd
 3229 05fd BE050000 		.4byte	.LASF96
 3230 0601 05       		.byte	0x5
 3231 0602 AC02     		.2byte	0x2ac
 3232 0604 6B000000 		.4byte	0x6b
 3233 0608 1B       		.byte	0x1b
 3234 0609 0D       		.uleb128 0xd
 3235 060a 27080000 		.4byte	.LASF97
 3236 060e 05       		.byte	0x5
 3237 060f B102     		.2byte	0x2b1
 3238 0611 77000000 		.4byte	0x77
 3239 0615 1C       		.byte	0x1c
 3240 0616 0D       		.uleb128 0xd
 3241 0617 210A0000 		.4byte	.LASF98
 3242 061b 05       		.byte	0x5
 3243 061c BA02     		.2byte	0x2ba
 3244 061e 83000000 		.4byte	0x83
 3245 0622 20       		.byte	0x20
 3246 0623 0D       		.uleb128 0xd
 3247 0624 41030000 		.4byte	.LASF99
 3248 0628 05       		.byte	0x5
 3249 0629 C202     		.2byte	0x2c2
 3250 062b 53060000 		.4byte	0x653
 3251 062f 24       		.byte	0x24
 3252 0630 0D       		.uleb128 0xd
 3253 0631 80010000 		.4byte	.LASF100
 3254 0635 05       		.byte	0x5
 3255 0636 C702     		.2byte	0x2c7
 3256 0638 6B000000 		.4byte	0x6b
 3257 063c 28       		.byte	0x28
 3258 063d 00       		.byte	0
 3259 063e 10       		.uleb128 0x10
 3260 063f 04       		.byte	0x4
 3261 0640 44060000 		.4byte	0x644
 3262 0644 11       		.uleb128 0x11
 3263 0645 12       		.uleb128 0x12
 3264 0646 04       		.byte	0x4
 3265 0647 10       		.uleb128 0x10
 3266 0648 04       		.byte	0x4
 3267 0649 9E030000 		.4byte	0x39e
 3268 064d 10       		.uleb128 0x10
 3269 064e 04       		.byte	0x4
 3270 064f 6B000000 		.4byte	0x6b
 3271 0653 10       		.uleb128 0x10
 3272 0654 04       		.byte	0x4
 3273 0655 3B010000 		.4byte	0x13b
 3274 0659 04       		.uleb128 0x4
 3275 065a 26040000 		.4byte	.LASF101
 3276 065e 05       		.byte	0x5
 3277 065f C802     		.2byte	0x2c8
 3278 0661 8B050000 		.4byte	0x58b
 3279 0665 0E       		.uleb128 0xe
 3280 0666 2C       		.byte	0x2c
 3281 0667 05       		.byte	0x5
 3282 0668 CE02     		.2byte	0x2ce
 3283 066a 7C060000 		.4byte	0x67c
ARM GAS  C:\Users\ADSTRU~1\AppData\Local\Temp\ccLLBSlA.s 			page 112


 3284 066e 0D       		.uleb128 0xd
 3285 066f DC0C0000 		.4byte	.LASF102
 3286 0673 05       		.byte	0x5
 3287 0674 D302     		.2byte	0x2d3
 3288 0676 7C060000 		.4byte	0x67c
 3289 067a 00       		.byte	0
 3290 067b 00       		.byte	0
 3291 067c 0B       		.uleb128 0xb
 3292 067d 59060000 		.4byte	0x659
 3293 0681 8C060000 		.4byte	0x68c
 3294 0685 0C       		.uleb128 0xc
 3295 0686 26020000 		.4byte	0x226
 3296 068a 00       		.byte	0
 3297 068b 00       		.byte	0
 3298 068c 04       		.uleb128 0x4
 3299 068d 26060000 		.4byte	.LASF103
 3300 0691 05       		.byte	0x5
 3301 0692 D402     		.2byte	0x2d4
 3302 0694 65060000 		.4byte	0x665
 3303 0698 02       		.uleb128 0x2
 3304 0699 08       		.byte	0x8
 3305 069a 04       		.byte	0x4
 3306 069b A0070000 		.4byte	.LASF104
 3307 069f 06       		.uleb128 0x6
 3308 06a0 08       		.byte	0x8
 3309 06a1 06       		.byte	0x6
 3310 06a2 CF       		.byte	0xcf
 3311 06a3 C0060000 		.4byte	0x6c0
 3312 06a7 07       		.uleb128 0x7
 3313 06a8 36090000 		.4byte	.LASF105
 3314 06ac 06       		.byte	0x6
 3315 06ad D4       		.byte	0xd4
 3316 06ae 83000000 		.4byte	0x83
 3317 06b2 00       		.byte	0
 3318 06b3 07       		.uleb128 0x7
 3319 06b4 FE060000 		.4byte	.LASF106
 3320 06b8 06       		.byte	0x6
 3321 06b9 D9       		.byte	0xd9
 3322 06ba 83000000 		.4byte	0x83
 3323 06be 04       		.byte	0x4
 3324 06bf 00       		.byte	0
 3325 06c0 08       		.uleb128 0x8
 3326 06c1 460A0000 		.4byte	.LASF107
 3327 06c5 06       		.byte	0x6
 3328 06c6 DA       		.byte	0xda
 3329 06c7 9F060000 		.4byte	0x69f
 3330 06cb 13       		.uleb128 0x13
 3331 06cc 7C080000 		.4byte	.LASF109
 3332 06d0 01       		.byte	0x1
 3333 06d1 8D01     		.2byte	0x18d
 3334 06d3 00000000 		.4byte	.LFB1
 3335 06d7 10000000 		.4byte	.LFE1-.LFB1
 3336 06db 01       		.uleb128 0x1
 3337 06dc 9C       		.byte	0x9c
 3338 06dd 02070000 		.4byte	0x702
 3339 06e1 14       		.uleb128 0x14
 3340 06e2 FD070000 		.4byte	.LASF42
ARM GAS  C:\Users\ADSTRU~1\AppData\Local\Temp\ccLLBSlA.s 			page 113


 3341 06e6 01       		.byte	0x1
 3342 06e7 8D01     		.2byte	0x18d
 3343 06e9 83000000 		.4byte	0x83
 3344 06ed 00000000 		.4byte	.LLST0
 3345 06f1 14       		.uleb128 0x14
 3346 06f2 680C0000 		.4byte	.LASF108
 3347 06f6 01       		.byte	0x1
 3348 06f7 8D01     		.2byte	0x18d
 3349 06f9 83000000 		.4byte	0x83
 3350 06fd 21000000 		.4byte	.LLST1
 3351 0701 00       		.byte	0
 3352 0702 15       		.uleb128 0x15
 3353 0703 6F0A0000 		.4byte	.LASF110
 3354 0707 01       		.byte	0x1
 3355 0708 AD01     		.2byte	0x1ad
 3356 070a 00000000 		.4byte	.LFB2
 3357 070e 50000000 		.4byte	.LFE2-.LFB2
 3358 0712 01       		.uleb128 0x1
 3359 0713 9C       		.byte	0x9c
 3360 0714 27070000 		.4byte	0x727
 3361 0718 16       		.uleb128 0x16
 3362 0719 44070000 		.4byte	.LASF113
 3363 071d 01       		.byte	0x1
 3364 071e B001     		.2byte	0x1b0
 3365 0720 83000000 		.4byte	0x83
 3366 0724 01       		.uleb128 0x1
 3367 0725 50       		.byte	0x50
 3368 0726 00       		.byte	0
 3369 0727 17       		.uleb128 0x17
 3370 0728 BD000000 		.4byte	.LASF199
 3371 072c 01       		.byte	0x1
 3372 072d D601     		.2byte	0x1d6
 3373 072f 00000000 		.4byte	.LFB3
 3374 0733 1C000000 		.4byte	.LFE3-.LFB3
 3375 0737 01       		.uleb128 0x1
 3376 0738 9C       		.byte	0x9c
 3377 0739 18       		.uleb128 0x18
 3378 073a 99060000 		.4byte	.LASF123
 3379 073e 01       		.byte	0x1
 3380 073f 3B07     		.2byte	0x73b
 3381 0741 A4000000 		.4byte	0xa4
 3382 0745 00000000 		.4byte	.LFB19
 3383 0749 9C000000 		.4byte	.LFE19-.LFB19
 3384 074d 01       		.uleb128 0x1
 3385 074e 9C       		.byte	0x9c
 3386 074f 04080000 		.4byte	0x804
 3387 0753 14       		.uleb128 0x14
 3388 0754 880C0000 		.4byte	.LASF111
 3389 0758 01       		.byte	0x1
 3390 0759 3B07     		.2byte	0x73b
 3391 075b 83000000 		.4byte	0x83
 3392 075f 41000000 		.4byte	.LLST2
 3393 0763 14       		.uleb128 0x14
 3394 0764 E1030000 		.4byte	.LASF112
 3395 0768 01       		.byte	0x1
 3396 0769 3B07     		.2byte	0x73b
 3397 076b 83000000 		.4byte	0x83
ARM GAS  C:\Users\ADSTRU~1\AppData\Local\Temp\ccLLBSlA.s 			page 114


 3398 076f 83000000 		.4byte	.LLST3
 3399 0773 19       		.uleb128 0x19
 3400 0774 0D060000 		.4byte	.LASF114
 3401 0778 01       		.byte	0x1
 3402 0779 3D07     		.2byte	0x73d
 3403 077b A4000000 		.4byte	0xa4
 3404 077f A4000000 		.4byte	.LLST4
 3405 0783 19       		.uleb128 0x19
 3406 0784 98030000 		.4byte	.LASF115
 3407 0788 01       		.byte	0x1
 3408 0789 3E07     		.2byte	0x73e
 3409 078b 83000000 		.4byte	0x83
 3410 078f D0000000 		.4byte	.LLST5
 3411 0793 19       		.uleb128 0x19
 3412 0794 3F010000 		.4byte	.LASF116
 3413 0798 01       		.byte	0x1
 3414 0799 3F07     		.2byte	0x73f
 3415 079b 83000000 		.4byte	0x83
 3416 079f F9000000 		.4byte	.LLST6
 3417 07a3 19       		.uleb128 0x19
 3418 07a4 D2060000 		.4byte	.LASF117
 3419 07a8 01       		.byte	0x1
 3420 07a9 4007     		.2byte	0x740
 3421 07ab 83000000 		.4byte	0x83
 3422 07af 18010000 		.4byte	.LLST7
 3423 07b3 19       		.uleb128 0x19
 3424 07b4 EA050000 		.4byte	.LASF118
 3425 07b8 01       		.byte	0x1
 3426 07b9 4107     		.2byte	0x741
 3427 07bb 83000000 		.4byte	0x83
 3428 07bf 41010000 		.4byte	.LLST8
 3429 07c3 19       		.uleb128 0x19
 3430 07c4 22070000 		.4byte	.LASF119
 3431 07c8 01       		.byte	0x1
 3432 07c9 4207     		.2byte	0x742
 3433 07cb 83000000 		.4byte	0x83
 3434 07cf 6A010000 		.4byte	.LLST9
 3435 07d3 19       		.uleb128 0x19
 3436 07d4 D7000000 		.4byte	.LASF120
 3437 07d8 01       		.byte	0x1
 3438 07d9 4407     		.2byte	0x744
 3439 07db 04080000 		.4byte	0x804
 3440 07df B6010000 		.4byte	.LLST10
 3441 07e3 19       		.uleb128 0x19
 3442 07e4 D4030000 		.4byte	.LASF121
 3443 07e8 01       		.byte	0x1
 3444 07e9 4507     		.2byte	0x745
 3445 07eb 0F080000 		.4byte	0x80f
 3446 07ef C9010000 		.4byte	.LLST11
 3447 07f3 19       		.uleb128 0x19
 3448 07f4 67050000 		.4byte	.LASF122
 3449 07f8 01       		.byte	0x1
 3450 07f9 4607     		.2byte	0x746
 3451 07fb 47060000 		.4byte	0x647
 3452 07ff DC010000 		.4byte	.LLST12
 3453 0803 00       		.byte	0
 3454 0804 10       		.uleb128 0x10
ARM GAS  C:\Users\ADSTRU~1\AppData\Local\Temp\ccLLBSlA.s 			page 115


 3455 0805 04       		.byte	0x4
 3456 0806 0A080000 		.4byte	0x80a
 3457 080a 1A       		.uleb128 0x1a
 3458 080b 59060000 		.4byte	0x659
 3459 080f 10       		.uleb128 0x10
 3460 0810 04       		.byte	0x4
 3461 0811 2D020000 		.4byte	0x22d
 3462 0815 18       		.uleb128 0x18
 3463 0816 DD090000 		.4byte	.LASF124
 3464 081a 01       		.byte	0x1
 3465 081b 8007     		.2byte	0x780
 3466 081d 83000000 		.4byte	0x83
 3467 0821 00000000 		.4byte	.LFB20
 3468 0825 9C000000 		.4byte	.LFE20-.LFB20
 3469 0829 01       		.uleb128 0x1
 3470 082a 9C       		.byte	0x9c
 3471 082b D0080000 		.4byte	0x8d0
 3472 082f 14       		.uleb128 0x14
 3473 0830 D7000000 		.4byte	.LASF120
 3474 0834 01       		.byte	0x1
 3475 0835 8007     		.2byte	0x780
 3476 0837 04080000 		.4byte	0x804
 3477 083b EF010000 		.4byte	.LLST13
 3478 083f 19       		.uleb128 0x19
 3479 0840 95000000 		.4byte	.LASF125
 3480 0844 01       		.byte	0x1
 3481 0845 8207     		.2byte	0x782
 3482 0847 83000000 		.4byte	0x83
 3483 084b 34020000 		.4byte	.LLST14
 3484 084f 19       		.uleb128 0x19
 3485 0850 3E050000 		.4byte	.LASF126
 3486 0854 01       		.byte	0x1
 3487 0855 8307     		.2byte	0x783
 3488 0857 83000000 		.4byte	0x83
 3489 085b 52020000 		.4byte	.LLST15
 3490 085f 19       		.uleb128 0x19
 3491 0860 D4080000 		.4byte	.LASF127
 3492 0864 01       		.byte	0x1
 3493 0865 8407     		.2byte	0x784
 3494 0867 83000000 		.4byte	0x83
 3495 086b 71020000 		.4byte	.LLST16
 3496 086f 19       		.uleb128 0x19
 3497 0870 7F050000 		.4byte	.LASF63
 3498 0874 01       		.byte	0x1
 3499 0875 8507     		.2byte	0x785
 3500 0877 83000000 		.4byte	0x83
 3501 087b BD020000 		.4byte	.LLST17
 3502 087f 19       		.uleb128 0x19
 3503 0880 D2060000 		.4byte	.LASF117
 3504 0884 01       		.byte	0x1
 3505 0885 8607     		.2byte	0x786
 3506 0887 83000000 		.4byte	0x83
 3507 088b F4020000 		.4byte	.LLST18
 3508 088f 19       		.uleb128 0x19
 3509 0890 BA040000 		.4byte	.LASF128
 3510 0894 01       		.byte	0x1
 3511 0895 8707     		.2byte	0x787
ARM GAS  C:\Users\ADSTRU~1\AppData\Local\Temp\ccLLBSlA.s 			page 116


 3512 0897 83000000 		.4byte	0x83
 3513 089b 4A030000 		.4byte	.LLST19
 3514 089f 19       		.uleb128 0x19
 3515 08a0 D4030000 		.4byte	.LASF121
 3516 08a4 01       		.byte	0x1
 3517 08a5 8907     		.2byte	0x789
 3518 08a7 0F080000 		.4byte	0x80f
 3519 08ab 9F030000 		.4byte	.LLST20
 3520 08af 19       		.uleb128 0x19
 3521 08b0 3F010000 		.4byte	.LASF116
 3522 08b4 01       		.byte	0x1
 3523 08b5 8B07     		.2byte	0x78b
 3524 08b7 83000000 		.4byte	0x83
 3525 08bb B2030000 		.4byte	.LLST21
 3526 08bf 19       		.uleb128 0x19
 3527 08c0 67050000 		.4byte	.LASF122
 3528 08c4 01       		.byte	0x1
 3529 08c5 8C07     		.2byte	0x78c
 3530 08c7 47060000 		.4byte	0x647
 3531 08cb D0030000 		.4byte	.LLST22
 3532 08cf 00       		.byte	0
 3533 08d0 15       		.uleb128 0x15
 3534 08d1 48010000 		.4byte	.LASF129
 3535 08d5 01       		.byte	0x1
 3536 08d6 E207     		.2byte	0x7e2
 3537 08d8 00000000 		.4byte	.LFB21
 3538 08dc CC000000 		.4byte	.LFE21-.LFB21
 3539 08e0 01       		.uleb128 0x1
 3540 08e1 9C       		.byte	0x9c
 3541 08e2 A7090000 		.4byte	0x9a7
 3542 08e6 14       		.uleb128 0x14
 3543 08e7 D7000000 		.4byte	.LASF120
 3544 08eb 01       		.byte	0x1
 3545 08ec E207     		.2byte	0x7e2
 3546 08ee 04080000 		.4byte	0x804
 3547 08f2 E3030000 		.4byte	.LLST23
 3548 08f6 14       		.uleb128 0x14
 3549 08f7 E1030000 		.4byte	.LASF112
 3550 08fb 01       		.byte	0x1
 3551 08fc E207     		.2byte	0x7e2
 3552 08fe 83000000 		.4byte	0x83
 3553 0902 0F040000 		.4byte	.LLST24
 3554 0906 19       		.uleb128 0x19
 3555 0907 3F010000 		.4byte	.LASF116
 3556 090b 01       		.byte	0x1
 3557 090c E407     		.2byte	0x7e4
 3558 090e 83000000 		.4byte	0x83
 3559 0912 3B040000 		.4byte	.LLST25
 3560 0916 19       		.uleb128 0x19
 3561 0917 D2060000 		.4byte	.LASF117
 3562 091b 01       		.byte	0x1
 3563 091c E507     		.2byte	0x7e5
 3564 091e 83000000 		.4byte	0x83
 3565 0922 71040000 		.4byte	.LLST26
 3566 0926 19       		.uleb128 0x19
 3567 0927 3E050000 		.4byte	.LASF126
 3568 092b 01       		.byte	0x1
ARM GAS  C:\Users\ADSTRU~1\AppData\Local\Temp\ccLLBSlA.s 			page 117


 3569 092c E607     		.2byte	0x7e6
 3570 092e 83000000 		.4byte	0x83
 3571 0932 B3040000 		.4byte	.LLST27
 3572 0936 19       		.uleb128 0x19
 3573 0937 D4080000 		.4byte	.LASF127
 3574 093b 01       		.byte	0x1
 3575 093c E707     		.2byte	0x7e7
 3576 093e 83000000 		.4byte	0x83
 3577 0942 D1040000 		.4byte	.LLST28
 3578 0946 19       		.uleb128 0x19
 3579 0947 4A040000 		.4byte	.LASF130
 3580 094b 01       		.byte	0x1
 3581 094c E807     		.2byte	0x7e8
 3582 094e 83000000 		.4byte	0x83
 3583 0952 10050000 		.4byte	.LLST29
 3584 0956 19       		.uleb128 0x19
 3585 0957 38070000 		.4byte	.LASF131
 3586 095b 01       		.byte	0x1
 3587 095c E907     		.2byte	0x7e9
 3588 095e 83000000 		.4byte	0x83
 3589 0962 2E050000 		.4byte	.LLST30
 3590 0966 19       		.uleb128 0x19
 3591 0967 1D040000 		.4byte	.LASF132
 3592 096b 01       		.byte	0x1
 3593 096c EA07     		.2byte	0x7ea
 3594 096e 83000000 		.4byte	0x83
 3595 0972 4D050000 		.4byte	.LLST31
 3596 0976 19       		.uleb128 0x19
 3597 0977 77000000 		.4byte	.LASF133
 3598 097b 01       		.byte	0x1
 3599 097c EB07     		.2byte	0x7eb
 3600 097e 83000000 		.4byte	0x83
 3601 0982 6B050000 		.4byte	.LLST32
 3602 0986 19       		.uleb128 0x19
 3603 0987 D4030000 		.4byte	.LASF121
 3604 098b 01       		.byte	0x1
 3605 098c ED07     		.2byte	0x7ed
 3606 098e 0F080000 		.4byte	0x80f
 3607 0992 B5050000 		.4byte	.LLST33
 3608 0996 19       		.uleb128 0x19
 3609 0997 67050000 		.4byte	.LASF122
 3610 099b 01       		.byte	0x1
 3611 099c EE07     		.2byte	0x7ee
 3612 099e 47060000 		.4byte	0x647
 3613 09a2 D3050000 		.4byte	.LLST34
 3614 09a6 00       		.byte	0
 3615 09a7 1B       		.uleb128 0x1b
 3616 09a8 C6050000 		.4byte	.LASF135
 3617 09ac 01       		.byte	0x1
 3618 09ad 0C02     		.2byte	0x20c
 3619 09af 00000000 		.4byte	.LFB4
 3620 09b3 3C010000 		.4byte	.LFE4-.LFB4
 3621 09b7 01       		.uleb128 0x1
 3622 09b8 9C       		.byte	0x9c
 3623 09b9 4C0A0000 		.4byte	0xa4c
 3624 09bd 19       		.uleb128 0x19
 3625 09be CD0B0000 		.4byte	.LASF134
ARM GAS  C:\Users\ADSTRU~1\AppData\Local\Temp\ccLLBSlA.s 			page 118


 3626 09c2 01       		.byte	0x1
 3627 09c3 0F02     		.2byte	0x20f
 3628 09c5 83000000 		.4byte	0x83
 3629 09c9 F1050000 		.4byte	.LLST35
 3630 09cd 1C       		.uleb128 0x1c
 3631 09ce 14000000 		.4byte	.LVL118
 3632 09d2 C3120000 		.4byte	0x12c3
 3633 09d6 1D       		.uleb128 0x1d
 3634 09d7 24000000 		.4byte	.LVL119
 3635 09db CE120000 		.4byte	0x12ce
 3636 09df E9090000 		.4byte	0x9e9
 3637 09e3 1E       		.uleb128 0x1e
 3638 09e4 01       		.uleb128 0x1
 3639 09e5 50       		.byte	0x50
 3640 09e6 01       		.uleb128 0x1
 3641 09e7 31       		.byte	0x31
 3642 09e8 00       		.byte	0
 3643 09e9 1D       		.uleb128 0x1d
 3644 09ea 6C000000 		.4byte	.LVL124
 3645 09ee D9120000 		.4byte	0x12d9
 3646 09f2 0E0A0000 		.4byte	0xa0e
 3647 09f6 1E       		.uleb128 0x1e
 3648 09f7 01       		.uleb128 0x1
 3649 09f8 50       		.byte	0x50
 3650 09f9 05       		.uleb128 0x5
 3651 09fa 0C       		.byte	0xc
 3652 09fb 00040240 		.4byte	0x40020400
 3653 09ff 1E       		.uleb128 0x1e
 3654 0a00 01       		.uleb128 0x1
 3655 0a01 51       		.byte	0x51
 3656 0a02 03       		.uleb128 0x3
 3657 0a03 0A       		.byte	0xa
 3658 0a04 00F0     		.2byte	0xf000
 3659 0a06 1E       		.uleb128 0x1e
 3660 0a07 01       		.uleb128 0x1
 3661 0a08 52       		.byte	0x52
 3662 0a09 03       		.uleb128 0x3
 3663 0a0a 0A       		.byte	0xa
 3664 0a0b 0060     		.2byte	0x6000
 3665 0a0d 00       		.byte	0
 3666 0a0e 1D       		.uleb128 0x1d
 3667 0a0f 76000000 		.4byte	.LVL125
 3668 0a13 D9120000 		.4byte	0x12d9
 3669 0a17 300A0000 		.4byte	0xa30
 3670 0a1b 1E       		.uleb128 0x1e
 3671 0a1c 01       		.uleb128 0x1
 3672 0a1d 50       		.byte	0x50
 3673 0a1e 05       		.uleb128 0x5
 3674 0a1f 0C       		.byte	0xc
 3675 0a20 00040440 		.4byte	0x40040400
 3676 0a24 1E       		.uleb128 0x1e
 3677 0a25 01       		.uleb128 0x1
 3678 0a26 51       		.byte	0x51
 3679 0a27 01       		.uleb128 0x1
 3680 0a28 38       		.byte	0x38
 3681 0a29 1E       		.uleb128 0x1e
 3682 0a2a 01       		.uleb128 0x1
ARM GAS  C:\Users\ADSTRU~1\AppData\Local\Temp\ccLLBSlA.s 			page 119


 3683 0a2b 52       		.byte	0x52
 3684 0a2c 02       		.uleb128 0x2
 3685 0a2d 74       		.byte	0x74
 3686 0a2e 00       		.sleb128 0
 3687 0a2f 00       		.byte	0
 3688 0a30 1C       		.uleb128 0x1c
 3689 0a31 A6000000 		.4byte	.LVL134
 3690 0a35 27070000 		.4byte	0x727
 3691 0a39 1C       		.uleb128 0x1c
 3692 0a3a AE000000 		.4byte	.LVL135
 3693 0a3e E4120000 		.4byte	0x12e4
 3694 0a42 1C       		.uleb128 0x1c
 3695 0a43 B2000000 		.4byte	.LVL136
 3696 0a47 02070000 		.4byte	0x702
 3697 0a4b 00       		.byte	0
 3698 0a4c 1B       		.uleb128 0x1b
 3699 0a4d 51040000 		.4byte	.LASF136
 3700 0a51 01       		.byte	0x1
 3701 0a52 1E03     		.2byte	0x31e
 3702 0a54 00000000 		.4byte	.LFB6
 3703 0a58 60000000 		.4byte	.LFE6-.LFB6
 3704 0a5c 01       		.uleb128 0x1
 3705 0a5d 9C       		.byte	0x9c
 3706 0a5e D70A0000 		.4byte	0xad7
 3707 0a62 14       		.uleb128 0x14
 3708 0a63 98010000 		.4byte	.LASF137
 3709 0a67 01       		.byte	0x1
 3710 0a68 1E03     		.2byte	0x31e
 3711 0a6a D70A0000 		.4byte	0xad7
 3712 0a6e 41060000 		.4byte	.LLST36
 3713 0a72 19       		.uleb128 0x19
 3714 0a73 AE000000 		.4byte	.LASF138
 3715 0a77 01       		.byte	0x1
 3716 0a78 2003     		.2byte	0x320
 3717 0a7a 6B000000 		.4byte	0x6b
 3718 0a7e 6D060000 		.4byte	.LLST37
 3719 0a82 19       		.uleb128 0x19
 3720 0a83 760C0000 		.4byte	.LASF139
 3721 0a87 01       		.byte	0x1
 3722 0a88 2103     		.2byte	0x321
 3723 0a8a 83000000 		.4byte	0x83
 3724 0a8e 8B060000 		.4byte	.LLST38
 3725 0a92 19       		.uleb128 0x19
 3726 0a93 0C090000 		.4byte	.LASF140
 3727 0a97 01       		.byte	0x1
 3728 0a98 2703     		.2byte	0x327
 3729 0a9a 83000000 		.4byte	0x83
 3730 0a9e 9E060000 		.4byte	.LLST39
 3731 0aa2 19       		.uleb128 0x19
 3732 0aa3 00000000 		.4byte	.LASF141
 3733 0aa7 01       		.byte	0x1
 3734 0aa8 2903     		.2byte	0x329
 3735 0aaa 83000000 		.4byte	0x83
 3736 0aae B1060000 		.4byte	.LLST40
 3737 0ab2 1C       		.uleb128 0x1c
 3738 0ab3 10000000 		.4byte	.LVL139
 3739 0ab7 EF120000 		.4byte	0x12ef
ARM GAS  C:\Users\ADSTRU~1\AppData\Local\Temp\ccLLBSlA.s 			page 120


 3740 0abb 1C       		.uleb128 0x1c
 3741 0abc 2A000000 		.4byte	.LVL145
 3742 0ac0 FA120000 		.4byte	0x12fa
 3743 0ac4 1C       		.uleb128 0x1c
 3744 0ac5 2E000000 		.4byte	.LVL146
 3745 0ac9 EF120000 		.4byte	0x12ef
 3746 0acd 1C       		.uleb128 0x1c
 3747 0ace 46000000 		.4byte	.LVL151
 3748 0ad2 FA120000 		.4byte	0x12fa
 3749 0ad6 00       		.byte	0
 3750 0ad7 10       		.uleb128 0x10
 3751 0ad8 04       		.byte	0x4
 3752 0ad9 DD0A0000 		.4byte	0xadd
 3753 0add 1A       		.uleb128 0x1a
 3754 0ade 2D020000 		.4byte	0x22d
 3755 0ae2 1F       		.uleb128 0x1f
 3756 0ae3 19050000 		.4byte	.LASF171
 3757 0ae7 01       		.byte	0x1
 3758 0ae8 9803     		.2byte	0x398
 3759 0aea 83000000 		.4byte	0x83
 3760 0aee 00000000 		.4byte	.LFB7
 3761 0af2 2A000000 		.4byte	.LFE7-.LFB7
 3762 0af6 01       		.uleb128 0x1
 3763 0af7 9C       		.byte	0x9c
 3764 0af8 3D0B0000 		.4byte	0xb3d
 3765 0afc 14       		.uleb128 0x14
 3766 0afd 680C0000 		.4byte	.LASF108
 3767 0b01 01       		.byte	0x1
 3768 0b02 9803     		.2byte	0x398
 3769 0b04 83000000 		.4byte	0x83
 3770 0b08 C4060000 		.4byte	.LLST41
 3771 0b0c 14       		.uleb128 0x14
 3772 0b0d 74050000 		.4byte	.LASF32
 3773 0b11 01       		.byte	0x1
 3774 0b12 9803     		.2byte	0x398
 3775 0b14 83000000 		.4byte	0x83
 3776 0b18 F0060000 		.4byte	.LLST42
 3777 0b1c 14       		.uleb128 0x14
 3778 0b1d 85020000 		.4byte	.LASF142
 3779 0b21 01       		.byte	0x1
 3780 0b22 9803     		.2byte	0x398
 3781 0b24 83000000 		.4byte	0x83
 3782 0b28 11070000 		.4byte	.LLST43
 3783 0b2c 19       		.uleb128 0x19
 3784 0b2d 58050000 		.4byte	.LASF143
 3785 0b31 01       		.byte	0x1
 3786 0b32 9A03     		.2byte	0x39a
 3787 0b34 83000000 		.4byte	0x83
 3788 0b38 4A070000 		.4byte	.LLST44
 3789 0b3c 00       		.byte	0
 3790 0b3d 1B       		.uleb128 0x1b
 3791 0b3e AC070000 		.4byte	.LASF144
 3792 0b42 01       		.byte	0x1
 3793 0b43 EA03     		.2byte	0x3ea
 3794 0b45 00000000 		.4byte	.LFB8
 3795 0b49 40000000 		.4byte	.LFE8-.LFB8
 3796 0b4d 01       		.uleb128 0x1
ARM GAS  C:\Users\ADSTRU~1\AppData\Local\Temp\ccLLBSlA.s 			page 121


 3797 0b4e 9C       		.byte	0x9c
 3798 0b4f 9D0B0000 		.4byte	0xb9d
 3799 0b53 19       		.uleb128 0x19
 3800 0b54 680C0000 		.4byte	.LASF108
 3801 0b58 01       		.byte	0x1
 3802 0b59 EC03     		.2byte	0x3ec
 3803 0b5b 83000000 		.4byte	0x83
 3804 0b5f 68070000 		.4byte	.LLST45
 3805 0b63 19       		.uleb128 0x19
 3806 0b64 85020000 		.4byte	.LASF142
 3807 0b68 01       		.byte	0x1
 3808 0b69 ED03     		.2byte	0x3ed
 3809 0b6b 83000000 		.4byte	0x83
 3810 0b6f 7B070000 		.4byte	.LLST46
 3811 0b73 19       		.uleb128 0x19
 3812 0b74 CD0B0000 		.4byte	.LASF134
 3813 0b78 01       		.byte	0x1
 3814 0b79 EE03     		.2byte	0x3ee
 3815 0b7b 83000000 		.4byte	0x83
 3816 0b7f 9B070000 		.4byte	.LLST47
 3817 0b83 19       		.uleb128 0x19
 3818 0b84 98010000 		.4byte	.LASF137
 3819 0b88 01       		.byte	0x1
 3820 0b89 F003     		.2byte	0x3f0
 3821 0b8b D70A0000 		.4byte	0xad7
 3822 0b8f AE070000 		.4byte	.LLST48
 3823 0b93 1C       		.uleb128 0x1c
 3824 0b94 34000000 		.4byte	.LVL172
 3825 0b98 CB060000 		.4byte	0x6cb
 3826 0b9c 00       		.byte	0
 3827 0b9d 1B       		.uleb128 0x1b
 3828 0b9e 19000000 		.4byte	.LASF145
 3829 0ba2 01       		.byte	0x1
 3830 0ba3 5104     		.2byte	0x451
 3831 0ba5 00000000 		.4byte	.LFB9
 3832 0ba9 1C000000 		.4byte	.LFE9-.LFB9
 3833 0bad 01       		.uleb128 0x1
 3834 0bae 9C       		.byte	0x9c
 3835 0baf ED0B0000 		.4byte	0xbed
 3836 0bb3 14       		.uleb128 0x14
 3837 0bb4 98010000 		.4byte	.LASF137
 3838 0bb8 01       		.byte	0x1
 3839 0bb9 5104     		.2byte	0x451
 3840 0bbb D70A0000 		.4byte	0xad7
 3841 0bbf C1070000 		.4byte	.LLST49
 3842 0bc3 19       		.uleb128 0x19
 3843 0bc4 58050000 		.4byte	.LASF143
 3844 0bc8 01       		.byte	0x1
 3845 0bc9 5404     		.2byte	0x454
 3846 0bcb 83000000 		.4byte	0x83
 3847 0bcf ED070000 		.4byte	.LLST50
 3848 0bd3 19       		.uleb128 0x19
 3849 0bd4 680C0000 		.4byte	.LASF108
 3850 0bd8 01       		.byte	0x1
 3851 0bd9 5504     		.2byte	0x455
 3852 0bdb 83000000 		.4byte	0x83
 3853 0bdf 00080000 		.4byte	.LLST51
ARM GAS  C:\Users\ADSTRU~1\AppData\Local\Temp\ccLLBSlA.s 			page 122


 3854 0be3 1C       		.uleb128 0x1c
 3855 0be4 0E000000 		.4byte	.LVL175
 3856 0be8 E20A0000 		.4byte	0xae2
 3857 0bec 00       		.byte	0
 3858 0bed 20       		.uleb128 0x20
 3859 0bee D3010000 		.4byte	.LASF146
 3860 0bf2 01       		.byte	0x1
 3861 0bf3 8B0A     		.2byte	0xa8b
 3862 0bf5 03       		.byte	0x3
 3863 0bf6 070C0000 		.4byte	0xc07
 3864 0bfa 21       		.uleb128 0x21
 3865 0bfb 8F020000 		.4byte	.LASF148
 3866 0bff 01       		.byte	0x1
 3867 0c00 910A     		.2byte	0xa91
 3868 0c02 83000000 		.4byte	0x83
 3869 0c06 00       		.byte	0
 3870 0c07 20       		.uleb128 0x20
 3871 0c08 7C030000 		.4byte	.LASF147
 3872 0c0c 01       		.byte	0x1
 3873 0c0d 130A     		.2byte	0xa13
 3874 0c0f 03       		.byte	0x3
 3875 0c10 210C0000 		.4byte	0xc21
 3876 0c14 21       		.uleb128 0x21
 3877 0c15 8F020000 		.4byte	.LASF148
 3878 0c19 01       		.byte	0x1
 3879 0c1a 160A     		.2byte	0xa16
 3880 0c1c 83000000 		.4byte	0x83
 3881 0c20 00       		.byte	0
 3882 0c21 1B       		.uleb128 0x1b
 3883 0c22 A60B0000 		.4byte	.LASF149
 3884 0c26 01       		.byte	0x1
 3885 0c27 2F05     		.2byte	0x52f
 3886 0c29 00000000 		.4byte	.LFB12
 3887 0c2d F8000000 		.4byte	.LFE12-.LFB12
 3888 0c31 01       		.uleb128 0x1
 3889 0c32 9C       		.byte	0x9c
 3890 0c33 B90C0000 		.4byte	0xcb9
 3891 0c37 22       		.uleb128 0x22
 3892 0c38 070C0000 		.4byte	0xc07
 3893 0c3c 0E000000 		.4byte	.LBB6
 3894 0c40 4E000000 		.4byte	.LBE6-.LBB6
 3895 0c44 01       		.byte	0x1
 3896 0c45 4C05     		.2byte	0x54c
 3897 0c47 5F0C0000 		.4byte	0xc5f
 3898 0c4b 23       		.uleb128 0x23
 3899 0c4c 0E000000 		.4byte	.LBB7
 3900 0c50 4E000000 		.4byte	.LBE7-.LBB7
 3901 0c54 24       		.uleb128 0x24
 3902 0c55 140C0000 		.4byte	0xc14
 3903 0c59 13080000 		.4byte	.LLST52
 3904 0c5d 00       		.byte	0
 3905 0c5e 00       		.byte	0
 3906 0c5f 22       		.uleb128 0x22
 3907 0c60 ED0B0000 		.4byte	0xbed
 3908 0c64 5C000000 		.4byte	.LBB8
 3909 0c68 60000000 		.4byte	.LBE8-.LBB8
 3910 0c6c 01       		.byte	0x1
ARM GAS  C:\Users\ADSTRU~1\AppData\Local\Temp\ccLLBSlA.s 			page 123


 3911 0c6d 4F05     		.2byte	0x54f
 3912 0c6f A90C0000 		.4byte	0xca9
 3913 0c73 23       		.uleb128 0x23
 3914 0c74 5C000000 		.4byte	.LBB9
 3915 0c78 60000000 		.4byte	.LBE9-.LBB9
 3916 0c7c 24       		.uleb128 0x24
 3917 0c7d FA0B0000 		.4byte	0xbfa
 3918 0c81 33080000 		.4byte	.LLST53
 3919 0c85 1D       		.uleb128 0x1d
 3920 0c86 6A000000 		.4byte	.LVL182
 3921 0c8a 05130000 		.4byte	0x1305
 3922 0c8e 980C0000 		.4byte	0xc98
 3923 0c92 1E       		.uleb128 0x1e
 3924 0c93 01       		.uleb128 0x1
 3925 0c94 50       		.byte	0x50
 3926 0c95 01       		.uleb128 0x1
 3927 0c96 3A       		.byte	0x3a
 3928 0c97 00       		.byte	0
 3929 0c98 25       		.uleb128 0x25
 3930 0c99 70000000 		.4byte	.LVL183
 3931 0c9d 10130000 		.4byte	0x1310
 3932 0ca1 1E       		.uleb128 0x1e
 3933 0ca2 01       		.uleb128 0x1
 3934 0ca3 50       		.byte	0x50
 3935 0ca4 01       		.uleb128 0x1
 3936 0ca5 3A       		.byte	0x3a
 3937 0ca6 00       		.byte	0
 3938 0ca7 00       		.byte	0
 3939 0ca8 00       		.byte	0
 3940 0ca9 25       		.uleb128 0x25
 3941 0caa 08000000 		.4byte	.LVL177
 3942 0cae 1B130000 		.4byte	0x131b
 3943 0cb2 1E       		.uleb128 0x1e
 3944 0cb3 01       		.uleb128 0x1
 3945 0cb4 50       		.byte	0x50
 3946 0cb5 01       		.uleb128 0x1
 3947 0cb6 3A       		.byte	0x3a
 3948 0cb7 00       		.byte	0
 3949 0cb8 00       		.byte	0
 3950 0cb9 1B       		.uleb128 0x1b
 3951 0cba 59090000 		.4byte	.LASF150
 3952 0cbe 01       		.byte	0x1
 3953 0cbf A005     		.2byte	0x5a0
 3954 0cc1 00000000 		.4byte	.LFB13
 3955 0cc5 20000000 		.4byte	.LFE13-.LFB13
 3956 0cc9 01       		.uleb128 0x1
 3957 0cca 9C       		.byte	0x9c
 3958 0ccb EC0C0000 		.4byte	0xcec
 3959 0ccf 1D       		.uleb128 0x1d
 3960 0cd0 12000000 		.4byte	.LVL188
 3961 0cd4 26130000 		.4byte	0x1326
 3962 0cd8 E20C0000 		.4byte	0xce2
 3963 0cdc 1E       		.uleb128 0x1e
 3964 0cdd 01       		.uleb128 0x1
 3965 0cde 50       		.byte	0x50
 3966 0cdf 01       		.uleb128 0x1
 3967 0ce0 3A       		.byte	0x3a
ARM GAS  C:\Users\ADSTRU~1\AppData\Local\Temp\ccLLBSlA.s 			page 124


 3968 0ce1 00       		.byte	0
 3969 0ce2 1C       		.uleb128 0x1c
 3970 0ce3 16000000 		.4byte	.LVL189
 3971 0ce7 210C0000 		.4byte	0xc21
 3972 0ceb 00       		.byte	0
 3973 0cec 1B       		.uleb128 0x1b
 3974 0ced 0A0A0000 		.4byte	.LASF151
 3975 0cf1 01       		.byte	0x1
 3976 0cf2 C506     		.2byte	0x6c5
 3977 0cf4 00000000 		.4byte	.LFB17
 3978 0cf8 34000000 		.4byte	.LFE17-.LFB17
 3979 0cfc 01       		.uleb128 0x1
 3980 0cfd 9C       		.byte	0x9c
 3981 0cfe 650D0000 		.4byte	0xd65
 3982 0d02 14       		.uleb128 0x14
 3983 0d03 0E000000 		.4byte	.LASF152
 3984 0d07 01       		.byte	0x1
 3985 0d08 C506     		.2byte	0x6c5
 3986 0d0a 650D0000 		.4byte	0xd65
 3987 0d0e 53080000 		.4byte	.LLST54
 3988 0d12 19       		.uleb128 0x19
 3989 0d13 A1030000 		.4byte	.LASF153
 3990 0d17 01       		.byte	0x1
 3991 0d18 C706     		.2byte	0x6c7
 3992 0d1a 83000000 		.4byte	0x83
 3993 0d1e 7F080000 		.4byte	.LLST55
 3994 0d22 19       		.uleb128 0x19
 3995 0d23 AE000000 		.4byte	.LASF138
 3996 0d27 01       		.byte	0x1
 3997 0d28 C806     		.2byte	0x6c8
 3998 0d2a 6B000000 		.4byte	0x6b
 3999 0d2e A8080000 		.4byte	.LLST56
 4000 0d32 19       		.uleb128 0x19
 4001 0d33 32010000 		.4byte	.LASF154
 4002 0d37 01       		.byte	0x1
 4003 0d38 C906     		.2byte	0x6c9
 4004 0d3a 83000000 		.4byte	0x83
 4005 0d3e BB080000 		.4byte	.LLST57
 4006 0d42 19       		.uleb128 0x19
 4007 0d43 B7020000 		.4byte	.LASF155
 4008 0d47 01       		.byte	0x1
 4009 0d48 CA06     		.2byte	0x6ca
 4010 0d4a 83000000 		.4byte	0x83
 4011 0d4e CE080000 		.4byte	.LLST58
 4012 0d52 1C       		.uleb128 0x1c
 4013 0d53 0C000000 		.4byte	.LVL193
 4014 0d57 EF120000 		.4byte	0x12ef
 4015 0d5b 1C       		.uleb128 0x1c
 4016 0d5c 32000000 		.4byte	.LVL199
 4017 0d60 FA120000 		.4byte	0x12fa
 4018 0d64 00       		.byte	0
 4019 0d65 10       		.uleb128 0x10
 4020 0d66 04       		.byte	0x4
 4021 0d67 6B0D0000 		.4byte	0xd6b
 4022 0d6b 1A       		.uleb128 0x1a
 4023 0d6c 7F050000 		.4byte	0x57f
 4024 0d70 1B       		.uleb128 0x1b
ARM GAS  C:\Users\ADSTRU~1\AppData\Local\Temp\ccLLBSlA.s 			page 125


 4025 0d71 DA0A0000 		.4byte	.LASF156
 4026 0d75 01       		.byte	0x1
 4027 0d76 E305     		.2byte	0x5e3
 4028 0d78 00000000 		.4byte	.LFB14
 4029 0d7c A4000000 		.4byte	.LFE14-.LFB14
 4030 0d80 01       		.uleb128 0x1
 4031 0d81 9C       		.byte	0x9c
 4032 0d82 CF0D0000 		.4byte	0xdcf
 4033 0d86 19       		.uleb128 0x19
 4034 0d87 98010000 		.4byte	.LASF137
 4035 0d8b 01       		.byte	0x1
 4036 0d8c E505     		.2byte	0x5e5
 4037 0d8e D70A0000 		.4byte	0xad7
 4038 0d92 E1080000 		.4byte	.LLST59
 4039 0d96 1C       		.uleb128 0x1c
 4040 0d97 28000000 		.4byte	.LVL204
 4041 0d9b C3120000 		.4byte	0x12c3
 4042 0d9f 1D       		.uleb128 0x1d
 4043 0da0 5C000000 		.4byte	.LVL205
 4044 0da4 4C0A0000 		.4byte	0xa4c
 4045 0da8 B30D0000 		.4byte	0xdb3
 4046 0dac 1E       		.uleb128 0x1e
 4047 0dad 01       		.uleb128 0x1
 4048 0dae 50       		.byte	0x50
 4049 0daf 02       		.uleb128 0x2
 4050 0db0 78       		.byte	0x78
 4051 0db1 00       		.sleb128 0
 4052 0db2 00       		.byte	0
 4053 0db3 1C       		.uleb128 0x1c
 4054 0db4 76000000 		.4byte	.LVL206
 4055 0db8 EC0C0000 		.4byte	0xcec
 4056 0dbc 1C       		.uleb128 0x1c
 4057 0dbd 7C000000 		.4byte	.LVL207
 4058 0dc1 31130000 		.4byte	0x1331
 4059 0dc5 1C       		.uleb128 0x1c
 4060 0dc6 80000000 		.4byte	.LVL208
 4061 0dca B90C0000 		.4byte	0xcb9
 4062 0dce 00       		.byte	0
 4063 0dcf 1B       		.uleb128 0x1b
 4064 0dd0 AE010000 		.4byte	.LASF157
 4065 0dd4 01       		.byte	0x1
 4066 0dd5 3606     		.2byte	0x636
 4067 0dd7 00000000 		.4byte	.LFB15
 4068 0ddb 24000000 		.4byte	.LFE15-.LFB15
 4069 0ddf 01       		.uleb128 0x1
 4070 0de0 9C       		.byte	0x9c
 4071 0de1 0F0E0000 		.4byte	0xe0f
 4072 0de5 14       		.uleb128 0x14
 4073 0de6 880C0000 		.4byte	.LASF111
 4074 0dea 01       		.byte	0x1
 4075 0deb 3606     		.2byte	0x636
 4076 0ded 83000000 		.4byte	0x83
 4077 0df1 FF080000 		.4byte	.LLST60
 4078 0df5 14       		.uleb128 0x14
 4079 0df6 8F010000 		.4byte	.LASF158
 4080 0dfa 01       		.byte	0x1
 4081 0dfb 3606     		.2byte	0x636
ARM GAS  C:\Users\ADSTRU~1\AppData\Local\Temp\ccLLBSlA.s 			page 126


 4082 0dfd 83000000 		.4byte	0x83
 4083 0e01 20090000 		.4byte	.LLST61
 4084 0e05 1C       		.uleb128 0x1c
 4085 0e06 1A000000 		.4byte	.LVL213
 4086 0e0a EC0C0000 		.4byte	0xcec
 4087 0e0e 00       		.byte	0
 4088 0e0f 1B       		.uleb128 0x1b
 4089 0e10 62080000 		.4byte	.LASF159
 4090 0e14 01       		.byte	0x1
 4091 0e15 F906     		.2byte	0x6f9
 4092 0e17 00000000 		.4byte	.LFB18
 4093 0e1b 64000000 		.4byte	.LFE18-.LFB18
 4094 0e1f 01       		.uleb128 0x1
 4095 0e20 9C       		.byte	0x9c
 4096 0e21 980E0000 		.4byte	0xe98
 4097 0e25 14       		.uleb128 0x14
 4098 0e26 0E000000 		.4byte	.LASF152
 4099 0e2a 01       		.byte	0x1
 4100 0e2b F906     		.2byte	0x6f9
 4101 0e2d 650D0000 		.4byte	0xd65
 4102 0e31 41090000 		.4byte	.LLST62
 4103 0e35 19       		.uleb128 0x19
 4104 0e36 AE000000 		.4byte	.LASF138
 4105 0e3a 01       		.byte	0x1
 4106 0e3b FB06     		.2byte	0x6fb
 4107 0e3d 6B000000 		.4byte	0x6b
 4108 0e41 6D090000 		.4byte	.LLST63
 4109 0e45 19       		.uleb128 0x19
 4110 0e46 B7020000 		.4byte	.LASF155
 4111 0e4a 01       		.byte	0x1
 4112 0e4b FC06     		.2byte	0x6fc
 4113 0e4d 83000000 		.4byte	0x83
 4114 0e51 80090000 		.4byte	.LLST64
 4115 0e55 19       		.uleb128 0x19
 4116 0e56 32010000 		.4byte	.LASF154
 4117 0e5a 01       		.byte	0x1
 4118 0e5b FD06     		.2byte	0x6fd
 4119 0e5d 83000000 		.4byte	0x83
 4120 0e61 93090000 		.4byte	.LLST65
 4121 0e65 19       		.uleb128 0x19
 4122 0e66 910C0000 		.4byte	.LASF160
 4123 0e6a 01       		.byte	0x1
 4124 0e6b FE06     		.2byte	0x6fe
 4125 0e6d 83000000 		.4byte	0x83
 4126 0e71 A6090000 		.4byte	.LLST66
 4127 0e75 19       		.uleb128 0x19
 4128 0e76 3D080000 		.4byte	.LASF161
 4129 0e7a 01       		.byte	0x1
 4130 0e7b FF06     		.2byte	0x6ff
 4131 0e7d 83000000 		.4byte	0x83
 4132 0e81 B9090000 		.4byte	.LLST67
 4133 0e85 1C       		.uleb128 0x1c
 4134 0e86 0C000000 		.4byte	.LVL217
 4135 0e8a EF120000 		.4byte	0x12ef
 4136 0e8e 1C       		.uleb128 0x1c
 4137 0e8f 5C000000 		.4byte	.LVL229
 4138 0e93 FA120000 		.4byte	0x12fa
ARM GAS  C:\Users\ADSTRU~1\AppData\Local\Temp\ccLLBSlA.s 			page 127


 4139 0e97 00       		.byte	0
 4140 0e98 1B       		.uleb128 0x1b
 4141 0e99 0A080000 		.4byte	.LASF162
 4142 0e9d 01       		.byte	0x1
 4143 0e9e E102     		.2byte	0x2e1
 4144 0ea0 00000000 		.4byte	.LFB5
 4145 0ea4 24000000 		.4byte	.LFE5-.LFB5
 4146 0ea8 01       		.uleb128 0x1
 4147 0ea9 9C       		.byte	0x9c
 4148 0eaa B80E0000 		.4byte	0xeb8
 4149 0eae 1C       		.uleb128 0x1c
 4150 0eaf 12000000 		.4byte	.LVL232
 4151 0eb3 0F0E0000 		.4byte	0xe0f
 4152 0eb7 00       		.byte	0
 4153 0eb8 1B       		.uleb128 0x1b
 4154 0eb9 9F020000 		.4byte	.LASF163
 4155 0ebd 01       		.byte	0x1
 4156 0ebe 9B04     		.2byte	0x49b
 4157 0ec0 00000000 		.4byte	.LFB10
 4158 0ec4 58000000 		.4byte	.LFE10-.LFB10
 4159 0ec8 01       		.uleb128 0x1
 4160 0ec9 9C       		.byte	0x9c
 4161 0eca 280F0000 		.4byte	0xf28
 4162 0ece 14       		.uleb128 0x14
 4163 0ecf 880C0000 		.4byte	.LASF111
 4164 0ed3 01       		.byte	0x1
 4165 0ed4 9B04     		.2byte	0x49b
 4166 0ed6 83000000 		.4byte	0x83
 4167 0eda D7090000 		.4byte	.LLST68
 4168 0ede 19       		.uleb128 0x19
 4169 0edf 98010000 		.4byte	.LASF137
 4170 0ee3 01       		.byte	0x1
 4171 0ee4 9D04     		.2byte	0x49d
 4172 0ee6 D70A0000 		.4byte	0xad7
 4173 0eea F8090000 		.4byte	.LLST69
 4174 0eee 1D       		.uleb128 0x1d
 4175 0eef 1A000000 		.4byte	.LVL236
 4176 0ef3 3C130000 		.4byte	0x133c
 4177 0ef7 010F0000 		.4byte	0xf01
 4178 0efb 1E       		.uleb128 0x1e
 4179 0efc 01       		.uleb128 0x1
 4180 0efd 50       		.byte	0x50
 4181 0efe 01       		.uleb128 0x1
 4182 0eff 31       		.byte	0x31
 4183 0f00 00       		.byte	0
 4184 0f01 1C       		.uleb128 0x1c
 4185 0f02 1E000000 		.4byte	.LVL237
 4186 0f06 980E0000 		.4byte	0xe98
 4187 0f0a 1D       		.uleb128 0x1d
 4188 0f0b 40000000 		.4byte	.LVL238
 4189 0f0f 9D0B0000 		.4byte	0xb9d
 4190 0f13 1E0F0000 		.4byte	0xf1e
 4191 0f17 1E       		.uleb128 0x1e
 4192 0f18 01       		.uleb128 0x1
 4193 0f19 50       		.byte	0x50
 4194 0f1a 02       		.uleb128 0x2
 4195 0f1b 75       		.byte	0x75
ARM GAS  C:\Users\ADSTRU~1\AppData\Local\Temp\ccLLBSlA.s 			page 128


 4196 0f1c 00       		.sleb128 0
 4197 0f1d 00       		.byte	0
 4198 0f1e 1C       		.uleb128 0x1c
 4199 0f1f 44000000 		.4byte	.LVL239
 4200 0f23 3D0B0000 		.4byte	0xb3d
 4201 0f27 00       		.byte	0
 4202 0f28 1B       		.uleb128 0x1b
 4203 0f29 61030000 		.4byte	.LASF164
 4204 0f2d 01       		.byte	0x1
 4205 0f2e F104     		.2byte	0x4f1
 4206 0f30 00000000 		.4byte	.LFB11
 4207 0f34 6C000000 		.4byte	.LFE11-.LFB11
 4208 0f38 01       		.uleb128 0x1
 4209 0f39 9C       		.byte	0x9c
 4210 0f3a AA0F0000 		.4byte	0xfaa
 4211 0f3e 14       		.uleb128 0x14
 4212 0f3f 880C0000 		.4byte	.LASF111
 4213 0f43 01       		.byte	0x1
 4214 0f44 F104     		.2byte	0x4f1
 4215 0f46 83000000 		.4byte	0x83
 4216 0f4a 200A0000 		.4byte	.LLST70
 4217 0f4e 14       		.uleb128 0x14
 4218 0f4f 8F010000 		.4byte	.LASF158
 4219 0f53 01       		.byte	0x1
 4220 0f54 F104     		.2byte	0x4f1
 4221 0f56 83000000 		.4byte	0x83
 4222 0f5a 410A0000 		.4byte	.LLST71
 4223 0f5e 19       		.uleb128 0x19
 4224 0f5f 98010000 		.4byte	.LASF137
 4225 0f63 01       		.byte	0x1
 4226 0f64 F304     		.2byte	0x4f3
 4227 0f66 D70A0000 		.4byte	0xad7
 4228 0f6a 620A0000 		.4byte	.LLST72
 4229 0f6e 1D       		.uleb128 0x1d
 4230 0f6f 28000000 		.4byte	.LVL246
 4231 0f73 B80E0000 		.4byte	0xeb8
 4232 0f77 830F0000 		.4byte	0xf83
 4233 0f7b 1E       		.uleb128 0x1e
 4234 0f7c 01       		.uleb128 0x1
 4235 0f7d 50       		.byte	0x50
 4236 0f7e 03       		.uleb128 0x3
 4237 0f7f F3       		.byte	0xf3
 4238 0f80 01       		.uleb128 0x1
 4239 0f81 50       		.byte	0x50
 4240 0f82 00       		.byte	0
 4241 0f83 1D       		.uleb128 0x1d
 4242 0f84 2E000000 		.4byte	.LVL247
 4243 0f88 4C0A0000 		.4byte	0xa4c
 4244 0f8c 970F0000 		.4byte	0xf97
 4245 0f90 1E       		.uleb128 0x1e
 4246 0f91 01       		.uleb128 0x1
 4247 0f92 50       		.byte	0x50
 4248 0f93 02       		.uleb128 0x2
 4249 0f94 75       		.byte	0x75
 4250 0f95 00       		.sleb128 0
 4251 0f96 00       		.byte	0
 4252 0f97 1C       		.uleb128 0x1c
ARM GAS  C:\Users\ADSTRU~1\AppData\Local\Temp\ccLLBSlA.s 			page 129


 4253 0f98 46000000 		.4byte	.LVL248
 4254 0f9c EC0C0000 		.4byte	0xcec
 4255 0fa0 1C       		.uleb128 0x1c
 4256 0fa1 52000000 		.4byte	.LVL249
 4257 0fa5 31130000 		.4byte	0x1331
 4258 0fa9 00       		.byte	0
 4259 0faa 15       		.uleb128 0x15
 4260 0fab F5050000 		.4byte	.LASF165
 4261 0faf 01       		.byte	0x1
 4262 0fb0 7E08     		.2byte	0x87e
 4263 0fb2 00000000 		.4byte	.LFB22
 4264 0fb6 64010000 		.4byte	.LFE22-.LFB22
 4265 0fba 01       		.uleb128 0x1
 4266 0fbb 9C       		.byte	0x9c
 4267 0fbc ED100000 		.4byte	0x10ed
 4268 0fc0 14       		.uleb128 0x14
 4269 0fc1 880C0000 		.4byte	.LASF111
 4270 0fc5 01       		.byte	0x1
 4271 0fc6 7E08     		.2byte	0x87e
 4272 0fc8 83000000 		.4byte	0x83
 4273 0fcc 750A0000 		.4byte	.LLST73
 4274 0fd0 14       		.uleb128 0x14
 4275 0fd1 E1030000 		.4byte	.LASF112
 4276 0fd5 01       		.byte	0x1
 4277 0fd6 7E08     		.2byte	0x87e
 4278 0fd8 83000000 		.4byte	0x83
 4279 0fdc 940A0000 		.4byte	.LLST74
 4280 0fe0 19       		.uleb128 0x19
 4281 0fe1 3F010000 		.4byte	.LASF116
 4282 0fe5 01       		.byte	0x1
 4283 0fe6 8008     		.2byte	0x880
 4284 0fe8 83000000 		.4byte	0x83
 4285 0fec B50A0000 		.4byte	.LLST75
 4286 0ff0 19       		.uleb128 0x19
 4287 0ff1 D2060000 		.4byte	.LASF117
 4288 0ff5 01       		.byte	0x1
 4289 0ff6 8108     		.2byte	0x881
 4290 0ff8 83000000 		.4byte	0x83
 4291 0ffc EC0A0000 		.4byte	.LLST76
 4292 1000 19       		.uleb128 0x19
 4293 1001 50030000 		.4byte	.LASF166
 4294 1005 01       		.byte	0x1
 4295 1006 8208     		.2byte	0x882
 4296 1008 83000000 		.4byte	0x83
 4297 100c D30B0000 		.4byte	.LLST77
 4298 1010 19       		.uleb128 0x19
 4299 1011 E5080000 		.4byte	.LASF167
 4300 1015 01       		.byte	0x1
 4301 1016 8308     		.2byte	0x883
 4302 1018 83000000 		.4byte	0x83
 4303 101c F30B0000 		.4byte	.LLST78
 4304 1020 19       		.uleb128 0x19
 4305 1021 8F020000 		.4byte	.LASF148
 4306 1025 01       		.byte	0x1
 4307 1026 8408     		.2byte	0x884
 4308 1028 83000000 		.4byte	0x83
 4309 102c 110C0000 		.4byte	.LLST79
ARM GAS  C:\Users\ADSTRU~1\AppData\Local\Temp\ccLLBSlA.s 			page 130


 4310 1030 19       		.uleb128 0x19
 4311 1031 5D0C0000 		.4byte	.LASF168
 4312 1035 01       		.byte	0x1
 4313 1036 8608     		.2byte	0x886
 4314 1038 4D060000 		.4byte	0x64d
 4315 103c 670C0000 		.4byte	.LLST80
 4316 1040 19       		.uleb128 0x19
 4317 1041 2D070000 		.4byte	.LASF169
 4318 1045 01       		.byte	0x1
 4319 1046 8708     		.2byte	0x887
 4320 1048 4D060000 		.4byte	0x64d
 4321 104c 870C0000 		.4byte	.LLST81
 4322 1050 16       		.uleb128 0x16
 4323 1051 3E050000 		.4byte	.LASF126
 4324 1055 01       		.byte	0x1
 4325 1056 8908     		.2byte	0x889
 4326 1058 16020000 		.4byte	0x216
 4327 105c 02       		.uleb128 0x2
 4328 105d 91       		.byte	0x91
 4329 105e 64       		.sleb128 -28
 4330 105f 19       		.uleb128 0x19
 4331 1060 67050000 		.4byte	.LASF122
 4332 1064 01       		.byte	0x1
 4333 1065 9008     		.2byte	0x890
 4334 1067 47060000 		.4byte	0x647
 4335 106b E40C0000 		.4byte	.LLST82
 4336 106f 19       		.uleb128 0x19
 4337 1070 D7000000 		.4byte	.LASF120
 4338 1074 01       		.byte	0x1
 4339 1075 9108     		.2byte	0x891
 4340 1077 04080000 		.4byte	0x804
 4341 107b F70C0000 		.4byte	.LLST83
 4342 107f 19       		.uleb128 0x19
 4343 1080 D4030000 		.4byte	.LASF121
 4344 1084 01       		.byte	0x1
 4345 1085 9208     		.2byte	0x892
 4346 1087 0F080000 		.4byte	0x80f
 4347 108b 0A0D0000 		.4byte	.LLST84
 4348 108f 1D       		.uleb128 0x1d
 4349 1090 7E000000 		.4byte	.LVL272
 4350 1094 280F0000 		.4byte	0xf28
 4351 1098 AB100000 		.4byte	0x10ab
 4352 109c 1E       		.uleb128 0x1e
 4353 109d 01       		.uleb128 0x1
 4354 109e 50       		.byte	0x50
 4355 109f 03       		.uleb128 0x3
 4356 10a0 91       		.byte	0x91
 4357 10a1 5C       		.sleb128 -36
 4358 10a2 06       		.byte	0x6
 4359 10a3 1E       		.uleb128 0x1e
 4360 10a4 01       		.uleb128 0x1
 4361 10a5 51       		.byte	0x51
 4362 10a6 03       		.uleb128 0x3
 4363 10a7 7D       		.byte	0x7d
 4364 10a8 00       		.sleb128 0
 4365 10a9 06       		.byte	0x6
 4366 10aa 00       		.byte	0
ARM GAS  C:\Users\ADSTRU~1\AppData\Local\Temp\ccLLBSlA.s 			page 131


 4367 10ab 1D       		.uleb128 0x1d
 4368 10ac 84000000 		.4byte	.LVL273
 4369 10b0 CE120000 		.4byte	0x12ce
 4370 10b4 BE100000 		.4byte	0x10be
 4371 10b8 1E       		.uleb128 0x1e
 4372 10b9 01       		.uleb128 0x1
 4373 10ba 50       		.byte	0x50
 4374 10bb 01       		.uleb128 0x1
 4375 10bc 31       		.byte	0x31
 4376 10bd 00       		.byte	0
 4377 10be 1C       		.uleb128 0x1c
 4378 10bf 88000000 		.4byte	.LVL274
 4379 10c3 B90C0000 		.4byte	0xcb9
 4380 10c7 1D       		.uleb128 0x1d
 4381 10c8 0C010000 		.4byte	.LVL290
 4382 10cc 280F0000 		.4byte	0xf28
 4383 10d0 E3100000 		.4byte	0x10e3
 4384 10d4 1E       		.uleb128 0x1e
 4385 10d5 01       		.uleb128 0x1
 4386 10d6 50       		.byte	0x50
 4387 10d7 03       		.uleb128 0x3
 4388 10d8 91       		.byte	0x91
 4389 10d9 5C       		.sleb128 -36
 4390 10da 06       		.byte	0x6
 4391 10db 1E       		.uleb128 0x1e
 4392 10dc 01       		.uleb128 0x1
 4393 10dd 51       		.byte	0x51
 4394 10de 03       		.uleb128 0x3
 4395 10df 7D       		.byte	0x7d
 4396 10e0 00       		.sleb128 0
 4397 10e1 06       		.byte	0x6
 4398 10e2 00       		.byte	0
 4399 10e3 1C       		.uleb128 0x1c
 4400 10e4 10010000 		.4byte	.LVL291
 4401 10e8 B90C0000 		.4byte	0xcb9
 4402 10ec 00       		.byte	0
 4403 10ed 1B       		.uleb128 0x1b
 4404 10ee 76040000 		.4byte	.LASF170
 4405 10f2 01       		.byte	0x1
 4406 10f3 7C06     		.2byte	0x67c
 4407 10f5 00000000 		.4byte	.LFB16
 4408 10f9 24000000 		.4byte	.LFE16-.LFB16
 4409 10fd 01       		.uleb128 0x1
 4410 10fe 9C       		.byte	0x9c
 4411 10ff 2D110000 		.4byte	0x112d
 4412 1103 14       		.uleb128 0x14
 4413 1104 880C0000 		.4byte	.LASF111
 4414 1108 01       		.byte	0x1
 4415 1109 7C06     		.2byte	0x67c
 4416 110b 83000000 		.4byte	0x83
 4417 110f 280D0000 		.4byte	.LLST85
 4418 1113 14       		.uleb128 0x14
 4419 1114 8F010000 		.4byte	.LASF158
 4420 1118 01       		.byte	0x1
 4421 1119 7C06     		.2byte	0x67c
 4422 111b 83000000 		.4byte	0x83
 4423 111f 490D0000 		.4byte	.LLST86
ARM GAS  C:\Users\ADSTRU~1\AppData\Local\Temp\ccLLBSlA.s 			page 132


 4424 1123 1C       		.uleb128 0x1c
 4425 1124 1A000000 		.4byte	.LVL308
 4426 1128 0F0E0000 		.4byte	0xe0f
 4427 112c 00       		.byte	0
 4428 112d 26       		.uleb128 0x26
 4429 112e 1A090000 		.4byte	.LASF172
 4430 1132 01       		.byte	0x1
 4431 1133 7009     		.2byte	0x970
 4432 1135 A4000000 		.4byte	0xa4
 4433 1139 00000000 		.4byte	.LFB23
 4434 113d 74000000 		.4byte	.LFE23-.LFB23
 4435 1141 01       		.uleb128 0x1
 4436 1142 9C       		.byte	0x9c
 4437 1143 23120000 		.4byte	0x1223
 4438 1147 14       		.uleb128 0x14
 4439 1148 880C0000 		.4byte	.LASF111
 4440 114c 01       		.byte	0x1
 4441 114d 7009     		.2byte	0x970
 4442 114f 83000000 		.4byte	0x83
 4443 1153 6A0D0000 		.4byte	.LLST87
 4444 1157 14       		.uleb128 0x14
 4445 1158 E1030000 		.4byte	.LASF112
 4446 115c 01       		.byte	0x1
 4447 115d 7009     		.2byte	0x970
 4448 115f 83000000 		.4byte	0x83
 4449 1163 AC0D0000 		.4byte	.LLST88
 4450 1167 19       		.uleb128 0x19
 4451 1168 0D060000 		.4byte	.LASF114
 4452 116c 01       		.byte	0x1
 4453 116d 7209     		.2byte	0x972
 4454 116f A4000000 		.4byte	0xa4
 4455 1173 EE0D0000 		.4byte	.LLST89
 4456 1177 19       		.uleb128 0x19
 4457 1178 8F020000 		.4byte	.LASF148
 4458 117c 01       		.byte	0x1
 4459 117d 7309     		.2byte	0x973
 4460 117f 83000000 		.4byte	0x83
 4461 1183 240E0000 		.4byte	.LLST90
 4462 1187 19       		.uleb128 0x19
 4463 1188 330B0000 		.4byte	.LASF173
 4464 118c 01       		.byte	0x1
 4465 118d 7609     		.2byte	0x976
 4466 118f 83000000 		.4byte	0x83
 4467 1193 520E0000 		.4byte	.LLST91
 4468 1197 19       		.uleb128 0x19
 4469 1198 D7000000 		.4byte	.LASF120
 4470 119c 01       		.byte	0x1
 4471 119d 7909     		.2byte	0x979
 4472 119f 04080000 		.4byte	0x804
 4473 11a3 650E0000 		.4byte	.LLST92
 4474 11a7 1D       		.uleb128 0x1d
 4475 11a8 24000000 		.4byte	.LVL313
 4476 11ac AA0F0000 		.4byte	0xfaa
 4477 11b0 C1110000 		.4byte	0x11c1
 4478 11b4 1E       		.uleb128 0x1e
 4479 11b5 01       		.uleb128 0x1
 4480 11b6 50       		.byte	0x50
ARM GAS  C:\Users\ADSTRU~1\AppData\Local\Temp\ccLLBSlA.s 			page 133


 4481 11b7 02       		.uleb128 0x2
 4482 11b8 74       		.byte	0x74
 4483 11b9 00       		.sleb128 0
 4484 11ba 1E       		.uleb128 0x1e
 4485 11bb 01       		.uleb128 0x1
 4486 11bc 51       		.byte	0x51
 4487 11bd 02       		.uleb128 0x2
 4488 11be 75       		.byte	0x75
 4489 11bf 00       		.sleb128 0
 4490 11c0 00       		.byte	0
 4491 11c1 1D       		.uleb128 0x1d
 4492 11c2 2A000000 		.4byte	.LVL314
 4493 11c6 15080000 		.4byte	0x815
 4494 11ca D5110000 		.4byte	0x11d5
 4495 11ce 1E       		.uleb128 0x1e
 4496 11cf 01       		.uleb128 0x1
 4497 11d0 50       		.byte	0x50
 4498 11d1 02       		.uleb128 0x2
 4499 11d2 76       		.byte	0x76
 4500 11d3 00       		.sleb128 0
 4501 11d4 00       		.byte	0
 4502 11d5 1D       		.uleb128 0x1d
 4503 11d6 36000000 		.4byte	.LVL316
 4504 11da D0080000 		.4byte	0x8d0
 4505 11de EF110000 		.4byte	0x11ef
 4506 11e2 1E       		.uleb128 0x1e
 4507 11e3 01       		.uleb128 0x1
 4508 11e4 50       		.byte	0x50
 4509 11e5 02       		.uleb128 0x2
 4510 11e6 76       		.byte	0x76
 4511 11e7 00       		.sleb128 0
 4512 11e8 1E       		.uleb128 0x1e
 4513 11e9 01       		.uleb128 0x1
 4514 11ea 51       		.byte	0x51
 4515 11eb 02       		.uleb128 0x2
 4516 11ec 75       		.byte	0x75
 4517 11ed 00       		.sleb128 0
 4518 11ee 00       		.byte	0
 4519 11ef 1D       		.uleb128 0x1d
 4520 11f0 3C000000 		.4byte	.LVL317
 4521 11f4 B80E0000 		.4byte	0xeb8
 4522 11f8 03120000 		.4byte	0x1203
 4523 11fc 1E       		.uleb128 0x1e
 4524 11fd 01       		.uleb128 0x1
 4525 11fe 50       		.byte	0x50
 4526 11ff 02       		.uleb128 0x2
 4527 1200 74       		.byte	0x74
 4528 1201 00       		.sleb128 0
 4529 1202 00       		.byte	0
 4530 1203 1C       		.uleb128 0x1c
 4531 1204 40000000 		.4byte	.LVL318
 4532 1208 700D0000 		.4byte	0xd70
 4533 120c 25       		.uleb128 0x25
 4534 120d 5E000000 		.4byte	.LVL321
 4535 1211 39070000 		.4byte	0x739
 4536 1215 1E       		.uleb128 0x1e
 4537 1216 01       		.uleb128 0x1
ARM GAS  C:\Users\ADSTRU~1\AppData\Local\Temp\ccLLBSlA.s 			page 134


 4538 1217 50       		.byte	0x50
 4539 1218 02       		.uleb128 0x2
 4540 1219 74       		.byte	0x74
 4541 121a 00       		.sleb128 0
 4542 121b 1E       		.uleb128 0x1e
 4543 121c 01       		.uleb128 0x1
 4544 121d 51       		.byte	0x51
 4545 121e 02       		.uleb128 0x2
 4546 121f 75       		.byte	0x75
 4547 1220 00       		.sleb128 0
 4548 1221 00       		.byte	0
 4549 1222 00       		.byte	0
 4550 1223 27       		.uleb128 0x27
 4551 1224 E6000000 		.4byte	.LASF174
 4552 1228 01       		.byte	0x1
 4553 1229 7B       		.byte	0x7b
 4554 122a 6B000000 		.4byte	0x6b
 4555 122e 05       		.uleb128 0x5
 4556 122f 03       		.byte	0x3
 4557 1230 00000000 		.4byte	CapSense_eleCsdDisconnectFlag
 4558 1234 28       		.uleb128 0x28
 4559 1235 53060000 		.4byte	.LASF175
 4560 1239 05       		.byte	0x5
 4561 123a 6804     		.2byte	0x468
 4562 123c EE040000 		.4byte	0x4ee
 4563 1240 28       		.uleb128 0x28
 4564 1241 3E090000 		.4byte	.LASF176
 4565 1245 05       		.byte	0x5
 4566 1246 6904     		.2byte	0x469
 4567 1248 4C120000 		.4byte	0x124c
 4568 124c 1A       		.uleb128 0x1a
 4569 124d 8C060000 		.4byte	0x68c
 4570 1251 29       		.uleb128 0x29
 4571 1252 3D000000 		.4byte	.LASF177
 4572 1256 06       		.byte	0x6
 4573 1257 B1       		.byte	0xb1
 4574 1258 B0000000 		.4byte	0xb0
 4575 125c 29       		.uleb128 0x29
 4576 125d 03030000 		.4byte	.LASF178
 4577 1261 06       		.byte	0x6
 4578 1262 B2       		.byte	0xb2
 4579 1263 B0000000 		.4byte	0xb0
 4580 1267 29       		.uleb128 0x29
 4581 1268 550B0000 		.4byte	.LASF179
 4582 126c 06       		.byte	0x6
 4583 126d B5       		.byte	0xb5
 4584 126e 47060000 		.4byte	0x647
 4585 1272 29       		.uleb128 0x29
 4586 1273 770B0000 		.4byte	.LASF180
 4587 1277 06       		.byte	0x6
 4588 1278 BC       		.byte	0xbc
 4589 1279 7D120000 		.4byte	0x127d
 4590 127d 1A       		.uleb128 0x1a
 4591 127e 6B000000 		.4byte	0x6b
 4592 1282 29       		.uleb128 0x29
 4593 1283 08070000 		.4byte	.LASF181
 4594 1287 06       		.byte	0x6
ARM GAS  C:\Users\ADSTRU~1\AppData\Local\Temp\ccLLBSlA.s 			page 135


 4595 1288 CA       		.byte	0xca
 4596 1289 650D0000 		.4byte	0xd65
 4597 128d 0B       		.uleb128 0xb
 4598 128e 9D120000 		.4byte	0x129d
 4599 1292 9D120000 		.4byte	0x129d
 4600 1296 0C       		.uleb128 0xc
 4601 1297 26020000 		.4byte	0x226
 4602 129b 05       		.byte	0x5
 4603 129c 00       		.byte	0
 4604 129d 1A       		.uleb128 0x1a
 4605 129e C0060000 		.4byte	0x6c0
 4606 12a2 29       		.uleb128 0x29
 4607 12a3 A80C0000 		.4byte	.LASF182
 4608 12a7 06       		.byte	0x6
 4609 12a8 F5       		.byte	0xf5
 4610 12a9 AD120000 		.4byte	0x12ad
 4611 12ad 1A       		.uleb128 0x1a
 4612 12ae 8D120000 		.4byte	0x128d
 4613 12b2 2A       		.uleb128 0x2a
 4614 12b3 72060000 		.4byte	.LASF183
 4615 12b7 01       		.byte	0x1
 4616 12b8 74       		.byte	0x74
 4617 12b9 83000000 		.4byte	0x83
 4618 12bd 05       		.uleb128 0x5
 4619 12be 03       		.byte	0x3
 4620 12bf 00000000 		.4byte	CapSense_configCsd
 4621 12c3 2B       		.uleb128 0x2b
 4622 12c4 A1080000 		.4byte	.LASF184
 4623 12c8 A1080000 		.4byte	.LASF184
 4624 12cc 06       		.byte	0x6
 4625 12cd 84       		.byte	0x84
 4626 12ce 2B       		.uleb128 0x2b
 4627 12cf F9040000 		.4byte	.LASF185
 4628 12d3 F9040000 		.4byte	.LASF185
 4629 12d7 06       		.byte	0x6
 4630 12d8 A8       		.byte	0xa8
 4631 12d9 2B       		.uleb128 0x2b
 4632 12da 3C060000 		.4byte	.LASF186
 4633 12de 3C060000 		.4byte	.LASF186
 4634 12e2 06       		.byte	0x6
 4635 12e3 A9       		.byte	0xa9
 4636 12e4 2B       		.uleb128 0x2b
 4637 12e5 11010000 		.4byte	.LASF187
 4638 12e9 11010000 		.4byte	.LASF187
 4639 12ed 06       		.byte	0x6
 4640 12ee 7F       		.byte	0x7f
 4641 12ef 2B       		.uleb128 0x2b
 4642 12f0 3E0B0000 		.4byte	.LASF188
 4643 12f4 3E0B0000 		.4byte	.LASF188
 4644 12f8 07       		.byte	0x7
 4645 12f9 F8       		.byte	0xf8
 4646 12fa 2B       		.uleb128 0x2b
 4647 12fb E3040000 		.4byte	.LASF189
 4648 12ff E3040000 		.4byte	.LASF189
 4649 1303 07       		.byte	0x7
 4650 1304 F9       		.byte	0xf9
 4651 1305 2B       		.uleb128 0x2b
ARM GAS  C:\Users\ADSTRU~1\AppData\Local\Temp\ccLLBSlA.s 			page 136


 4652 1306 CC040000 		.4byte	.LASF190
 4653 130a CC040000 		.4byte	.LASF190
 4654 130e 07       		.byte	0x7
 4655 130f DB       		.byte	0xdb
 4656 1310 2B       		.uleb128 0x2b
 4657 1311 200B0000 		.4byte	.LASF191
 4658 1315 200B0000 		.4byte	.LASF191
 4659 1319 07       		.byte	0x7
 4660 131a D6       		.byte	0xd6
 4661 131b 2B       		.uleb128 0x2b
 4662 131c 04010000 		.4byte	.LASF192
 4663 1320 04010000 		.4byte	.LASF192
 4664 1324 07       		.byte	0x7
 4665 1325 D8       		.byte	0xd8
 4666 1326 2B       		.uleb128 0x2b
 4667 1327 C5020000 		.4byte	.LASF193
 4668 132b C5020000 		.4byte	.LASF193
 4669 132f 07       		.byte	0x7
 4670 1330 ED       		.byte	0xed
 4671 1331 2B       		.uleb128 0x2b
 4672 1332 D7020000 		.4byte	.LASF194
 4673 1336 D7020000 		.4byte	.LASF194
 4674 133a 08       		.byte	0x8
 4675 133b 18       		.byte	0x18
 4676 133c 2B       		.uleb128 0x2b
 4677 133d EE030000 		.4byte	.LASF195
 4678 1341 EE030000 		.4byte	.LASF195
 4679 1345 06       		.byte	0x6
 4680 1346 85       		.byte	0x85
 4681 1347 00       		.byte	0
 4682              		.section	.debug_abbrev,"",%progbits
 4683              	.Ldebug_abbrev0:
 4684 0000 01       		.uleb128 0x1
 4685 0001 11       		.uleb128 0x11
 4686 0002 01       		.byte	0x1
 4687 0003 25       		.uleb128 0x25
 4688 0004 0E       		.uleb128 0xe
 4689 0005 13       		.uleb128 0x13
 4690 0006 0B       		.uleb128 0xb
 4691 0007 03       		.uleb128 0x3
 4692 0008 0E       		.uleb128 0xe
 4693 0009 1B       		.uleb128 0x1b
 4694 000a 0E       		.uleb128 0xe
 4695 000b 55       		.uleb128 0x55
 4696 000c 17       		.uleb128 0x17
 4697 000d 11       		.uleb128 0x11
 4698 000e 01       		.uleb128 0x1
 4699 000f 10       		.uleb128 0x10
 4700 0010 17       		.uleb128 0x17
 4701 0011 00       		.byte	0
 4702 0012 00       		.byte	0
 4703 0013 02       		.uleb128 0x2
 4704 0014 24       		.uleb128 0x24
 4705 0015 00       		.byte	0
 4706 0016 0B       		.uleb128 0xb
 4707 0017 0B       		.uleb128 0xb
 4708 0018 3E       		.uleb128 0x3e
ARM GAS  C:\Users\ADSTRU~1\AppData\Local\Temp\ccLLBSlA.s 			page 137


 4709 0019 0B       		.uleb128 0xb
 4710 001a 03       		.uleb128 0x3
 4711 001b 0E       		.uleb128 0xe
 4712 001c 00       		.byte	0
 4713 001d 00       		.byte	0
 4714 001e 03       		.uleb128 0x3
 4715 001f 24       		.uleb128 0x24
 4716 0020 00       		.byte	0
 4717 0021 0B       		.uleb128 0xb
 4718 0022 0B       		.uleb128 0xb
 4719 0023 3E       		.uleb128 0x3e
 4720 0024 0B       		.uleb128 0xb
 4721 0025 03       		.uleb128 0x3
 4722 0026 08       		.uleb128 0x8
 4723 0027 00       		.byte	0
 4724 0028 00       		.byte	0
 4725 0029 04       		.uleb128 0x4
 4726 002a 16       		.uleb128 0x16
 4727 002b 00       		.byte	0
 4728 002c 03       		.uleb128 0x3
 4729 002d 0E       		.uleb128 0xe
 4730 002e 3A       		.uleb128 0x3a
 4731 002f 0B       		.uleb128 0xb
 4732 0030 3B       		.uleb128 0x3b
 4733 0031 05       		.uleb128 0x5
 4734 0032 49       		.uleb128 0x49
 4735 0033 13       		.uleb128 0x13
 4736 0034 00       		.byte	0
 4737 0035 00       		.byte	0
 4738 0036 05       		.uleb128 0x5
 4739 0037 35       		.uleb128 0x35
 4740 0038 00       		.byte	0
 4741 0039 49       		.uleb128 0x49
 4742 003a 13       		.uleb128 0x13
 4743 003b 00       		.byte	0
 4744 003c 00       		.byte	0
 4745 003d 06       		.uleb128 0x6
 4746 003e 13       		.uleb128 0x13
 4747 003f 01       		.byte	0x1
 4748 0040 0B       		.uleb128 0xb
 4749 0041 0B       		.uleb128 0xb
 4750 0042 3A       		.uleb128 0x3a
 4751 0043 0B       		.uleb128 0xb
 4752 0044 3B       		.uleb128 0x3b
 4753 0045 0B       		.uleb128 0xb
 4754 0046 01       		.uleb128 0x1
 4755 0047 13       		.uleb128 0x13
 4756 0048 00       		.byte	0
 4757 0049 00       		.byte	0
 4758 004a 07       		.uleb128 0x7
 4759 004b 0D       		.uleb128 0xd
 4760 004c 00       		.byte	0
 4761 004d 03       		.uleb128 0x3
 4762 004e 0E       		.uleb128 0xe
 4763 004f 3A       		.uleb128 0x3a
 4764 0050 0B       		.uleb128 0xb
 4765 0051 3B       		.uleb128 0x3b
ARM GAS  C:\Users\ADSTRU~1\AppData\Local\Temp\ccLLBSlA.s 			page 138


 4766 0052 0B       		.uleb128 0xb
 4767 0053 49       		.uleb128 0x49
 4768 0054 13       		.uleb128 0x13
 4769 0055 38       		.uleb128 0x38
 4770 0056 0B       		.uleb128 0xb
 4771 0057 00       		.byte	0
 4772 0058 00       		.byte	0
 4773 0059 08       		.uleb128 0x8
 4774 005a 16       		.uleb128 0x16
 4775 005b 00       		.byte	0
 4776 005c 03       		.uleb128 0x3
 4777 005d 0E       		.uleb128 0xe
 4778 005e 3A       		.uleb128 0x3a
 4779 005f 0B       		.uleb128 0xb
 4780 0060 3B       		.uleb128 0x3b
 4781 0061 0B       		.uleb128 0xb
 4782 0062 49       		.uleb128 0x49
 4783 0063 13       		.uleb128 0x13
 4784 0064 00       		.byte	0
 4785 0065 00       		.byte	0
 4786 0066 09       		.uleb128 0x9
 4787 0067 04       		.uleb128 0x4
 4788 0068 01       		.byte	0x1
 4789 0069 0B       		.uleb128 0xb
 4790 006a 0B       		.uleb128 0xb
 4791 006b 49       		.uleb128 0x49
 4792 006c 13       		.uleb128 0x13
 4793 006d 3A       		.uleb128 0x3a
 4794 006e 0B       		.uleb128 0xb
 4795 006f 3B       		.uleb128 0x3b
 4796 0070 0B       		.uleb128 0xb
 4797 0071 01       		.uleb128 0x1
 4798 0072 13       		.uleb128 0x13
 4799 0073 00       		.byte	0
 4800 0074 00       		.byte	0
 4801 0075 0A       		.uleb128 0xa
 4802 0076 28       		.uleb128 0x28
 4803 0077 00       		.byte	0
 4804 0078 03       		.uleb128 0x3
 4805 0079 0E       		.uleb128 0xe
 4806 007a 1C       		.uleb128 0x1c
 4807 007b 0B       		.uleb128 0xb
 4808 007c 00       		.byte	0
 4809 007d 00       		.byte	0
 4810 007e 0B       		.uleb128 0xb
 4811 007f 01       		.uleb128 0x1
 4812 0080 01       		.byte	0x1
 4813 0081 49       		.uleb128 0x49
 4814 0082 13       		.uleb128 0x13
 4815 0083 01       		.uleb128 0x1
 4816 0084 13       		.uleb128 0x13
 4817 0085 00       		.byte	0
 4818 0086 00       		.byte	0
 4819 0087 0C       		.uleb128 0xc
 4820 0088 21       		.uleb128 0x21
 4821 0089 00       		.byte	0
 4822 008a 49       		.uleb128 0x49
ARM GAS  C:\Users\ADSTRU~1\AppData\Local\Temp\ccLLBSlA.s 			page 139


 4823 008b 13       		.uleb128 0x13
 4824 008c 2F       		.uleb128 0x2f
 4825 008d 0B       		.uleb128 0xb
 4826 008e 00       		.byte	0
 4827 008f 00       		.byte	0
 4828 0090 0D       		.uleb128 0xd
 4829 0091 0D       		.uleb128 0xd
 4830 0092 00       		.byte	0
 4831 0093 03       		.uleb128 0x3
 4832 0094 0E       		.uleb128 0xe
 4833 0095 3A       		.uleb128 0x3a
 4834 0096 0B       		.uleb128 0xb
 4835 0097 3B       		.uleb128 0x3b
 4836 0098 05       		.uleb128 0x5
 4837 0099 49       		.uleb128 0x49
 4838 009a 13       		.uleb128 0x13
 4839 009b 38       		.uleb128 0x38
 4840 009c 0B       		.uleb128 0xb
 4841 009d 00       		.byte	0
 4842 009e 00       		.byte	0
 4843 009f 0E       		.uleb128 0xe
 4844 00a0 13       		.uleb128 0x13
 4845 00a1 01       		.byte	0x1
 4846 00a2 0B       		.uleb128 0xb
 4847 00a3 0B       		.uleb128 0xb
 4848 00a4 3A       		.uleb128 0x3a
 4849 00a5 0B       		.uleb128 0xb
 4850 00a6 3B       		.uleb128 0x3b
 4851 00a7 05       		.uleb128 0x5
 4852 00a8 01       		.uleb128 0x1
 4853 00a9 13       		.uleb128 0x13
 4854 00aa 00       		.byte	0
 4855 00ab 00       		.byte	0
 4856 00ac 0F       		.uleb128 0xf
 4857 00ad 0D       		.uleb128 0xd
 4858 00ae 00       		.byte	0
 4859 00af 03       		.uleb128 0x3
 4860 00b0 08       		.uleb128 0x8
 4861 00b1 3A       		.uleb128 0x3a
 4862 00b2 0B       		.uleb128 0xb
 4863 00b3 3B       		.uleb128 0x3b
 4864 00b4 05       		.uleb128 0x5
 4865 00b5 49       		.uleb128 0x49
 4866 00b6 13       		.uleb128 0x13
 4867 00b7 38       		.uleb128 0x38
 4868 00b8 0B       		.uleb128 0xb
 4869 00b9 00       		.byte	0
 4870 00ba 00       		.byte	0
 4871 00bb 10       		.uleb128 0x10
 4872 00bc 0F       		.uleb128 0xf
 4873 00bd 00       		.byte	0
 4874 00be 0B       		.uleb128 0xb
 4875 00bf 0B       		.uleb128 0xb
 4876 00c0 49       		.uleb128 0x49
 4877 00c1 13       		.uleb128 0x13
 4878 00c2 00       		.byte	0
 4879 00c3 00       		.byte	0
ARM GAS  C:\Users\ADSTRU~1\AppData\Local\Temp\ccLLBSlA.s 			page 140


 4880 00c4 11       		.uleb128 0x11
 4881 00c5 26       		.uleb128 0x26
 4882 00c6 00       		.byte	0
 4883 00c7 00       		.byte	0
 4884 00c8 00       		.byte	0
 4885 00c9 12       		.uleb128 0x12
 4886 00ca 0F       		.uleb128 0xf
 4887 00cb 00       		.byte	0
 4888 00cc 0B       		.uleb128 0xb
 4889 00cd 0B       		.uleb128 0xb
 4890 00ce 00       		.byte	0
 4891 00cf 00       		.byte	0
 4892 00d0 13       		.uleb128 0x13
 4893 00d1 2E       		.uleb128 0x2e
 4894 00d2 01       		.byte	0x1
 4895 00d3 03       		.uleb128 0x3
 4896 00d4 0E       		.uleb128 0xe
 4897 00d5 3A       		.uleb128 0x3a
 4898 00d6 0B       		.uleb128 0xb
 4899 00d7 3B       		.uleb128 0x3b
 4900 00d8 05       		.uleb128 0x5
 4901 00d9 27       		.uleb128 0x27
 4902 00da 19       		.uleb128 0x19
 4903 00db 11       		.uleb128 0x11
 4904 00dc 01       		.uleb128 0x1
 4905 00dd 12       		.uleb128 0x12
 4906 00de 06       		.uleb128 0x6
 4907 00df 40       		.uleb128 0x40
 4908 00e0 18       		.uleb128 0x18
 4909 00e1 9742     		.uleb128 0x2117
 4910 00e3 19       		.uleb128 0x19
 4911 00e4 01       		.uleb128 0x1
 4912 00e5 13       		.uleb128 0x13
 4913 00e6 00       		.byte	0
 4914 00e7 00       		.byte	0
 4915 00e8 14       		.uleb128 0x14
 4916 00e9 05       		.uleb128 0x5
 4917 00ea 00       		.byte	0
 4918 00eb 03       		.uleb128 0x3
 4919 00ec 0E       		.uleb128 0xe
 4920 00ed 3A       		.uleb128 0x3a
 4921 00ee 0B       		.uleb128 0xb
 4922 00ef 3B       		.uleb128 0x3b
 4923 00f0 05       		.uleb128 0x5
 4924 00f1 49       		.uleb128 0x49
 4925 00f2 13       		.uleb128 0x13
 4926 00f3 02       		.uleb128 0x2
 4927 00f4 17       		.uleb128 0x17
 4928 00f5 00       		.byte	0
 4929 00f6 00       		.byte	0
 4930 00f7 15       		.uleb128 0x15
 4931 00f8 2E       		.uleb128 0x2e
 4932 00f9 01       		.byte	0x1
 4933 00fa 03       		.uleb128 0x3
 4934 00fb 0E       		.uleb128 0xe
 4935 00fc 3A       		.uleb128 0x3a
 4936 00fd 0B       		.uleb128 0xb
ARM GAS  C:\Users\ADSTRU~1\AppData\Local\Temp\ccLLBSlA.s 			page 141


 4937 00fe 3B       		.uleb128 0x3b
 4938 00ff 05       		.uleb128 0x5
 4939 0100 27       		.uleb128 0x27
 4940 0101 19       		.uleb128 0x19
 4941 0102 11       		.uleb128 0x11
 4942 0103 01       		.uleb128 0x1
 4943 0104 12       		.uleb128 0x12
 4944 0105 06       		.uleb128 0x6
 4945 0106 40       		.uleb128 0x40
 4946 0107 18       		.uleb128 0x18
 4947 0108 9642     		.uleb128 0x2116
 4948 010a 19       		.uleb128 0x19
 4949 010b 01       		.uleb128 0x1
 4950 010c 13       		.uleb128 0x13
 4951 010d 00       		.byte	0
 4952 010e 00       		.byte	0
 4953 010f 16       		.uleb128 0x16
 4954 0110 34       		.uleb128 0x34
 4955 0111 00       		.byte	0
 4956 0112 03       		.uleb128 0x3
 4957 0113 0E       		.uleb128 0xe
 4958 0114 3A       		.uleb128 0x3a
 4959 0115 0B       		.uleb128 0xb
 4960 0116 3B       		.uleb128 0x3b
 4961 0117 05       		.uleb128 0x5
 4962 0118 49       		.uleb128 0x49
 4963 0119 13       		.uleb128 0x13
 4964 011a 02       		.uleb128 0x2
 4965 011b 18       		.uleb128 0x18
 4966 011c 00       		.byte	0
 4967 011d 00       		.byte	0
 4968 011e 17       		.uleb128 0x17
 4969 011f 2E       		.uleb128 0x2e
 4970 0120 00       		.byte	0
 4971 0121 03       		.uleb128 0x3
 4972 0122 0E       		.uleb128 0xe
 4973 0123 3A       		.uleb128 0x3a
 4974 0124 0B       		.uleb128 0xb
 4975 0125 3B       		.uleb128 0x3b
 4976 0126 05       		.uleb128 0x5
 4977 0127 27       		.uleb128 0x27
 4978 0128 19       		.uleb128 0x19
 4979 0129 11       		.uleb128 0x11
 4980 012a 01       		.uleb128 0x1
 4981 012b 12       		.uleb128 0x12
 4982 012c 06       		.uleb128 0x6
 4983 012d 40       		.uleb128 0x40
 4984 012e 18       		.uleb128 0x18
 4985 012f 9742     		.uleb128 0x2117
 4986 0131 19       		.uleb128 0x19
 4987 0132 00       		.byte	0
 4988 0133 00       		.byte	0
 4989 0134 18       		.uleb128 0x18
 4990 0135 2E       		.uleb128 0x2e
 4991 0136 01       		.byte	0x1
 4992 0137 03       		.uleb128 0x3
 4993 0138 0E       		.uleb128 0xe
ARM GAS  C:\Users\ADSTRU~1\AppData\Local\Temp\ccLLBSlA.s 			page 142


 4994 0139 3A       		.uleb128 0x3a
 4995 013a 0B       		.uleb128 0xb
 4996 013b 3B       		.uleb128 0x3b
 4997 013c 05       		.uleb128 0x5
 4998 013d 27       		.uleb128 0x27
 4999 013e 19       		.uleb128 0x19
 5000 013f 49       		.uleb128 0x49
 5001 0140 13       		.uleb128 0x13
 5002 0141 11       		.uleb128 0x11
 5003 0142 01       		.uleb128 0x1
 5004 0143 12       		.uleb128 0x12
 5005 0144 06       		.uleb128 0x6
 5006 0145 40       		.uleb128 0x40
 5007 0146 18       		.uleb128 0x18
 5008 0147 9642     		.uleb128 0x2116
 5009 0149 19       		.uleb128 0x19
 5010 014a 01       		.uleb128 0x1
 5011 014b 13       		.uleb128 0x13
 5012 014c 00       		.byte	0
 5013 014d 00       		.byte	0
 5014 014e 19       		.uleb128 0x19
 5015 014f 34       		.uleb128 0x34
 5016 0150 00       		.byte	0
 5017 0151 03       		.uleb128 0x3
 5018 0152 0E       		.uleb128 0xe
 5019 0153 3A       		.uleb128 0x3a
 5020 0154 0B       		.uleb128 0xb
 5021 0155 3B       		.uleb128 0x3b
 5022 0156 05       		.uleb128 0x5
 5023 0157 49       		.uleb128 0x49
 5024 0158 13       		.uleb128 0x13
 5025 0159 02       		.uleb128 0x2
 5026 015a 17       		.uleb128 0x17
 5027 015b 00       		.byte	0
 5028 015c 00       		.byte	0
 5029 015d 1A       		.uleb128 0x1a
 5030 015e 26       		.uleb128 0x26
 5031 015f 00       		.byte	0
 5032 0160 49       		.uleb128 0x49
 5033 0161 13       		.uleb128 0x13
 5034 0162 00       		.byte	0
 5035 0163 00       		.byte	0
 5036 0164 1B       		.uleb128 0x1b
 5037 0165 2E       		.uleb128 0x2e
 5038 0166 01       		.byte	0x1
 5039 0167 3F       		.uleb128 0x3f
 5040 0168 19       		.uleb128 0x19
 5041 0169 03       		.uleb128 0x3
 5042 016a 0E       		.uleb128 0xe
 5043 016b 3A       		.uleb128 0x3a
 5044 016c 0B       		.uleb128 0xb
 5045 016d 3B       		.uleb128 0x3b
 5046 016e 05       		.uleb128 0x5
 5047 016f 27       		.uleb128 0x27
 5048 0170 19       		.uleb128 0x19
 5049 0171 11       		.uleb128 0x11
 5050 0172 01       		.uleb128 0x1
ARM GAS  C:\Users\ADSTRU~1\AppData\Local\Temp\ccLLBSlA.s 			page 143


 5051 0173 12       		.uleb128 0x12
 5052 0174 06       		.uleb128 0x6
 5053 0175 40       		.uleb128 0x40
 5054 0176 18       		.uleb128 0x18
 5055 0177 9742     		.uleb128 0x2117
 5056 0179 19       		.uleb128 0x19
 5057 017a 01       		.uleb128 0x1
 5058 017b 13       		.uleb128 0x13
 5059 017c 00       		.byte	0
 5060 017d 00       		.byte	0
 5061 017e 1C       		.uleb128 0x1c
 5062 017f 898201   		.uleb128 0x4109
 5063 0182 00       		.byte	0
 5064 0183 11       		.uleb128 0x11
 5065 0184 01       		.uleb128 0x1
 5066 0185 31       		.uleb128 0x31
 5067 0186 13       		.uleb128 0x13
 5068 0187 00       		.byte	0
 5069 0188 00       		.byte	0
 5070 0189 1D       		.uleb128 0x1d
 5071 018a 898201   		.uleb128 0x4109
 5072 018d 01       		.byte	0x1
 5073 018e 11       		.uleb128 0x11
 5074 018f 01       		.uleb128 0x1
 5075 0190 31       		.uleb128 0x31
 5076 0191 13       		.uleb128 0x13
 5077 0192 01       		.uleb128 0x1
 5078 0193 13       		.uleb128 0x13
 5079 0194 00       		.byte	0
 5080 0195 00       		.byte	0
 5081 0196 1E       		.uleb128 0x1e
 5082 0197 8A8201   		.uleb128 0x410a
 5083 019a 00       		.byte	0
 5084 019b 02       		.uleb128 0x2
 5085 019c 18       		.uleb128 0x18
 5086 019d 9142     		.uleb128 0x2111
 5087 019f 18       		.uleb128 0x18
 5088 01a0 00       		.byte	0
 5089 01a1 00       		.byte	0
 5090 01a2 1F       		.uleb128 0x1f
 5091 01a3 2E       		.uleb128 0x2e
 5092 01a4 01       		.byte	0x1
 5093 01a5 3F       		.uleb128 0x3f
 5094 01a6 19       		.uleb128 0x19
 5095 01a7 03       		.uleb128 0x3
 5096 01a8 0E       		.uleb128 0xe
 5097 01a9 3A       		.uleb128 0x3a
 5098 01aa 0B       		.uleb128 0xb
 5099 01ab 3B       		.uleb128 0x3b
 5100 01ac 05       		.uleb128 0x5
 5101 01ad 27       		.uleb128 0x27
 5102 01ae 19       		.uleb128 0x19
 5103 01af 49       		.uleb128 0x49
 5104 01b0 13       		.uleb128 0x13
 5105 01b1 11       		.uleb128 0x11
 5106 01b2 01       		.uleb128 0x1
 5107 01b3 12       		.uleb128 0x12
ARM GAS  C:\Users\ADSTRU~1\AppData\Local\Temp\ccLLBSlA.s 			page 144


 5108 01b4 06       		.uleb128 0x6
 5109 01b5 40       		.uleb128 0x40
 5110 01b6 18       		.uleb128 0x18
 5111 01b7 9642     		.uleb128 0x2116
 5112 01b9 19       		.uleb128 0x19
 5113 01ba 01       		.uleb128 0x1
 5114 01bb 13       		.uleb128 0x13
 5115 01bc 00       		.byte	0
 5116 01bd 00       		.byte	0
 5117 01be 20       		.uleb128 0x20
 5118 01bf 2E       		.uleb128 0x2e
 5119 01c0 01       		.byte	0x1
 5120 01c1 03       		.uleb128 0x3
 5121 01c2 0E       		.uleb128 0xe
 5122 01c3 3A       		.uleb128 0x3a
 5123 01c4 0B       		.uleb128 0xb
 5124 01c5 3B       		.uleb128 0x3b
 5125 01c6 05       		.uleb128 0x5
 5126 01c7 27       		.uleb128 0x27
 5127 01c8 19       		.uleb128 0x19
 5128 01c9 20       		.uleb128 0x20
 5129 01ca 0B       		.uleb128 0xb
 5130 01cb 01       		.uleb128 0x1
 5131 01cc 13       		.uleb128 0x13
 5132 01cd 00       		.byte	0
 5133 01ce 00       		.byte	0
 5134 01cf 21       		.uleb128 0x21
 5135 01d0 34       		.uleb128 0x34
 5136 01d1 00       		.byte	0
 5137 01d2 03       		.uleb128 0x3
 5138 01d3 0E       		.uleb128 0xe
 5139 01d4 3A       		.uleb128 0x3a
 5140 01d5 0B       		.uleb128 0xb
 5141 01d6 3B       		.uleb128 0x3b
 5142 01d7 05       		.uleb128 0x5
 5143 01d8 49       		.uleb128 0x49
 5144 01d9 13       		.uleb128 0x13
 5145 01da 00       		.byte	0
 5146 01db 00       		.byte	0
 5147 01dc 22       		.uleb128 0x22
 5148 01dd 1D       		.uleb128 0x1d
 5149 01de 01       		.byte	0x1
 5150 01df 31       		.uleb128 0x31
 5151 01e0 13       		.uleb128 0x13
 5152 01e1 11       		.uleb128 0x11
 5153 01e2 01       		.uleb128 0x1
 5154 01e3 12       		.uleb128 0x12
 5155 01e4 06       		.uleb128 0x6
 5156 01e5 58       		.uleb128 0x58
 5157 01e6 0B       		.uleb128 0xb
 5158 01e7 59       		.uleb128 0x59
 5159 01e8 05       		.uleb128 0x5
 5160 01e9 01       		.uleb128 0x1
 5161 01ea 13       		.uleb128 0x13
 5162 01eb 00       		.byte	0
 5163 01ec 00       		.byte	0
 5164 01ed 23       		.uleb128 0x23
ARM GAS  C:\Users\ADSTRU~1\AppData\Local\Temp\ccLLBSlA.s 			page 145


 5165 01ee 0B       		.uleb128 0xb
 5166 01ef 01       		.byte	0x1
 5167 01f0 11       		.uleb128 0x11
 5168 01f1 01       		.uleb128 0x1
 5169 01f2 12       		.uleb128 0x12
 5170 01f3 06       		.uleb128 0x6
 5171 01f4 00       		.byte	0
 5172 01f5 00       		.byte	0
 5173 01f6 24       		.uleb128 0x24
 5174 01f7 34       		.uleb128 0x34
 5175 01f8 00       		.byte	0
 5176 01f9 31       		.uleb128 0x31
 5177 01fa 13       		.uleb128 0x13
 5178 01fb 02       		.uleb128 0x2
 5179 01fc 17       		.uleb128 0x17
 5180 01fd 00       		.byte	0
 5181 01fe 00       		.byte	0
 5182 01ff 25       		.uleb128 0x25
 5183 0200 898201   		.uleb128 0x4109
 5184 0203 01       		.byte	0x1
 5185 0204 11       		.uleb128 0x11
 5186 0205 01       		.uleb128 0x1
 5187 0206 31       		.uleb128 0x31
 5188 0207 13       		.uleb128 0x13
 5189 0208 00       		.byte	0
 5190 0209 00       		.byte	0
 5191 020a 26       		.uleb128 0x26
 5192 020b 2E       		.uleb128 0x2e
 5193 020c 01       		.byte	0x1
 5194 020d 3F       		.uleb128 0x3f
 5195 020e 19       		.uleb128 0x19
 5196 020f 03       		.uleb128 0x3
 5197 0210 0E       		.uleb128 0xe
 5198 0211 3A       		.uleb128 0x3a
 5199 0212 0B       		.uleb128 0xb
 5200 0213 3B       		.uleb128 0x3b
 5201 0214 05       		.uleb128 0x5
 5202 0215 27       		.uleb128 0x27
 5203 0216 19       		.uleb128 0x19
 5204 0217 49       		.uleb128 0x49
 5205 0218 13       		.uleb128 0x13
 5206 0219 11       		.uleb128 0x11
 5207 021a 01       		.uleb128 0x1
 5208 021b 12       		.uleb128 0x12
 5209 021c 06       		.uleb128 0x6
 5210 021d 40       		.uleb128 0x40
 5211 021e 18       		.uleb128 0x18
 5212 021f 9742     		.uleb128 0x2117
 5213 0221 19       		.uleb128 0x19
 5214 0222 01       		.uleb128 0x1
 5215 0223 13       		.uleb128 0x13
 5216 0224 00       		.byte	0
 5217 0225 00       		.byte	0
 5218 0226 27       		.uleb128 0x27
 5219 0227 34       		.uleb128 0x34
 5220 0228 00       		.byte	0
 5221 0229 03       		.uleb128 0x3
ARM GAS  C:\Users\ADSTRU~1\AppData\Local\Temp\ccLLBSlA.s 			page 146


 5222 022a 0E       		.uleb128 0xe
 5223 022b 3A       		.uleb128 0x3a
 5224 022c 0B       		.uleb128 0xb
 5225 022d 3B       		.uleb128 0x3b
 5226 022e 0B       		.uleb128 0xb
 5227 022f 49       		.uleb128 0x49
 5228 0230 13       		.uleb128 0x13
 5229 0231 02       		.uleb128 0x2
 5230 0232 18       		.uleb128 0x18
 5231 0233 00       		.byte	0
 5232 0234 00       		.byte	0
 5233 0235 28       		.uleb128 0x28
 5234 0236 34       		.uleb128 0x34
 5235 0237 00       		.byte	0
 5236 0238 03       		.uleb128 0x3
 5237 0239 0E       		.uleb128 0xe
 5238 023a 3A       		.uleb128 0x3a
 5239 023b 0B       		.uleb128 0xb
 5240 023c 3B       		.uleb128 0x3b
 5241 023d 05       		.uleb128 0x5
 5242 023e 49       		.uleb128 0x49
 5243 023f 13       		.uleb128 0x13
 5244 0240 3F       		.uleb128 0x3f
 5245 0241 19       		.uleb128 0x19
 5246 0242 3C       		.uleb128 0x3c
 5247 0243 19       		.uleb128 0x19
 5248 0244 00       		.byte	0
 5249 0245 00       		.byte	0
 5250 0246 29       		.uleb128 0x29
 5251 0247 34       		.uleb128 0x34
 5252 0248 00       		.byte	0
 5253 0249 03       		.uleb128 0x3
 5254 024a 0E       		.uleb128 0xe
 5255 024b 3A       		.uleb128 0x3a
 5256 024c 0B       		.uleb128 0xb
 5257 024d 3B       		.uleb128 0x3b
 5258 024e 0B       		.uleb128 0xb
 5259 024f 49       		.uleb128 0x49
 5260 0250 13       		.uleb128 0x13
 5261 0251 3F       		.uleb128 0x3f
 5262 0252 19       		.uleb128 0x19
 5263 0253 3C       		.uleb128 0x3c
 5264 0254 19       		.uleb128 0x19
 5265 0255 00       		.byte	0
 5266 0256 00       		.byte	0
 5267 0257 2A       		.uleb128 0x2a
 5268 0258 34       		.uleb128 0x34
 5269 0259 00       		.byte	0
 5270 025a 03       		.uleb128 0x3
 5271 025b 0E       		.uleb128 0xe
 5272 025c 3A       		.uleb128 0x3a
 5273 025d 0B       		.uleb128 0xb
 5274 025e 3B       		.uleb128 0x3b
 5275 025f 0B       		.uleb128 0xb
 5276 0260 49       		.uleb128 0x49
 5277 0261 13       		.uleb128 0x13
 5278 0262 3F       		.uleb128 0x3f
ARM GAS  C:\Users\ADSTRU~1\AppData\Local\Temp\ccLLBSlA.s 			page 147


 5279 0263 19       		.uleb128 0x19
 5280 0264 02       		.uleb128 0x2
 5281 0265 18       		.uleb128 0x18
 5282 0266 00       		.byte	0
 5283 0267 00       		.byte	0
 5284 0268 2B       		.uleb128 0x2b
 5285 0269 2E       		.uleb128 0x2e
 5286 026a 00       		.byte	0
 5287 026b 3F       		.uleb128 0x3f
 5288 026c 19       		.uleb128 0x19
 5289 026d 3C       		.uleb128 0x3c
 5290 026e 19       		.uleb128 0x19
 5291 026f 6E       		.uleb128 0x6e
 5292 0270 0E       		.uleb128 0xe
 5293 0271 03       		.uleb128 0x3
 5294 0272 0E       		.uleb128 0xe
 5295 0273 3A       		.uleb128 0x3a
 5296 0274 0B       		.uleb128 0xb
 5297 0275 3B       		.uleb128 0x3b
 5298 0276 0B       		.uleb128 0xb
 5299 0277 00       		.byte	0
 5300 0278 00       		.byte	0
 5301 0279 00       		.byte	0
 5302              		.section	.debug_loc,"",%progbits
 5303              	.Ldebug_loc0:
 5304              	.LLST0:
 5305 0000 00000000 		.4byte	.LVL0
 5306 0004 04000000 		.4byte	.LVL2
 5307 0008 0100     		.2byte	0x1
 5308 000a 50       		.byte	0x50
 5309 000b 04000000 		.4byte	.LVL2
 5310 000f 10000000 		.4byte	.LFE1
 5311 0013 0400     		.2byte	0x4
 5312 0015 F3       		.byte	0xf3
 5313 0016 01       		.uleb128 0x1
 5314 0017 50       		.byte	0x50
 5315 0018 9F       		.byte	0x9f
 5316 0019 00000000 		.4byte	0
 5317 001d 00000000 		.4byte	0
 5318              	.LLST1:
 5319 0021 00000000 		.4byte	.LVL0
 5320 0025 02000000 		.4byte	.LVL1
 5321 0029 0100     		.2byte	0x1
 5322 002b 51       		.byte	0x51
 5323 002c 02000000 		.4byte	.LVL1
 5324 0030 10000000 		.4byte	.LFE1
 5325 0034 0300     		.2byte	0x3
 5326 0036 71       		.byte	0x71
 5327 0037 01       		.sleb128 1
 5328 0038 9F       		.byte	0x9f
 5329 0039 00000000 		.4byte	0
 5330 003d 00000000 		.4byte	0
 5331              	.LLST2:
 5332 0041 00000000 		.4byte	.LVL4
 5333 0045 24000000 		.4byte	.LVL11
 5334 0049 0100     		.2byte	0x1
 5335 004b 50       		.byte	0x50
ARM GAS  C:\Users\ADSTRU~1\AppData\Local\Temp\ccLLBSlA.s 			page 148


 5336 004c 24000000 		.4byte	.LVL11
 5337 0050 28000000 		.4byte	.LVL13
 5338 0054 0100     		.2byte	0x1
 5339 0056 55       		.byte	0x55
 5340 0057 28000000 		.4byte	.LVL13
 5341 005b 2A000000 		.4byte	.LVL14
 5342 005f 0100     		.2byte	0x1
 5343 0061 50       		.byte	0x50
 5344 0062 2A000000 		.4byte	.LVL14
 5345 0066 92000000 		.4byte	.LVL37
 5346 006a 0100     		.2byte	0x1
 5347 006c 55       		.byte	0x55
 5348 006d 92000000 		.4byte	.LVL37
 5349 0071 9C000000 		.4byte	.LFE19
 5350 0075 0400     		.2byte	0x4
 5351 0077 F3       		.byte	0xf3
 5352 0078 01       		.uleb128 0x1
 5353 0079 50       		.byte	0x50
 5354 007a 9F       		.byte	0x9f
 5355 007b 00000000 		.4byte	0
 5356 007f 00000000 		.4byte	0
 5357              	.LLST3:
 5358 0083 00000000 		.4byte	.LVL4
 5359 0087 3E000000 		.4byte	.LVL18
 5360 008b 0100     		.2byte	0x1
 5361 008d 51       		.byte	0x51
 5362 008e 3E000000 		.4byte	.LVL18
 5363 0092 9C000000 		.4byte	.LFE19
 5364 0096 0400     		.2byte	0x4
 5365 0098 F3       		.byte	0xf3
 5366 0099 01       		.uleb128 0x1
 5367 009a 51       		.byte	0x51
 5368 009b 9F       		.byte	0x9f
 5369 009c 00000000 		.4byte	0
 5370 00a0 00000000 		.4byte	0
 5371              	.LLST4:
 5372 00a4 0A000000 		.4byte	.LVL5
 5373 00a8 58000000 		.4byte	.LVL25
 5374 00ac 0200     		.2byte	0x2
 5375 00ae 30       		.byte	0x30
 5376 00af 9F       		.byte	0x9f
 5377 00b0 58000000 		.4byte	.LVL25
 5378 00b4 76000000 		.4byte	.LVL31
 5379 00b8 0200     		.2byte	0x2
 5380 00ba 91       		.byte	0x91
 5381 00bb 64       		.sleb128 -28
 5382 00bc 78000000 		.4byte	.LVL32
 5383 00c0 9C000000 		.4byte	.LFE19
 5384 00c4 0200     		.2byte	0x2
 5385 00c6 91       		.byte	0x91
 5386 00c7 64       		.sleb128 -28
 5387 00c8 00000000 		.4byte	0
 5388 00cc 00000000 		.4byte	0
 5389              	.LLST5:
 5390 00d0 1E000000 		.4byte	.LVL10
 5391 00d4 52000000 		.4byte	.LVL24
 5392 00d8 0100     		.2byte	0x1
ARM GAS  C:\Users\ADSTRU~1\AppData\Local\Temp\ccLLBSlA.s 			page 149


 5393 00da 57       		.byte	0x57
 5394 00db 5C000000 		.4byte	.LVL26
 5395 00df 68000000 		.4byte	.LVL27
 5396 00e3 0100     		.2byte	0x1
 5397 00e5 50       		.byte	0x50
 5398 00e6 72000000 		.4byte	.LVL30
 5399 00ea 7C000000 		.4byte	.LVL33
 5400 00ee 0100     		.2byte	0x1
 5401 00f0 50       		.byte	0x50
 5402 00f1 00000000 		.4byte	0
 5403 00f5 00000000 		.4byte	0
 5404              	.LLST6:
 5405 00f9 50000000 		.4byte	.LVL23
 5406 00fd 58000000 		.4byte	.LVL25
 5407 0101 0200     		.2byte	0x2
 5408 0103 30       		.byte	0x30
 5409 0104 9F       		.byte	0x9f
 5410 0105 58000000 		.4byte	.LVL25
 5411 0109 92000000 		.4byte	.LVL39
 5412 010d 0100     		.2byte	0x1
 5413 010f 57       		.byte	0x57
 5414 0110 00000000 		.4byte	0
 5415 0114 00000000 		.4byte	0
 5416              	.LLST7:
 5417 0118 58000000 		.4byte	.LVL25
 5418 011c 68000000 		.4byte	.LVL27
 5419 0120 0100     		.2byte	0x1
 5420 0122 51       		.byte	0x51
 5421 0123 6A000000 		.4byte	.LVL28
 5422 0127 6C000000 		.4byte	.LVL29
 5423 012b 0100     		.2byte	0x1
 5424 012d 53       		.byte	0x53
 5425 012e 6C000000 		.4byte	.LVL29
 5426 0132 80000000 		.4byte	.LVL35
 5427 0136 0100     		.2byte	0x1
 5428 0138 51       		.byte	0x51
 5429 0139 00000000 		.4byte	0
 5430 013d 00000000 		.4byte	0
 5431              	.LLST8:
 5432 0141 30000000 		.4byte	.LVL15
 5433 0145 50000000 		.4byte	.LVL23
 5434 0149 0100     		.2byte	0x1
 5435 014b 58       		.byte	0x58
 5436 014c 50000000 		.4byte	.LVL23
 5437 0150 58000000 		.4byte	.LVL25
 5438 0154 0100     		.2byte	0x1
 5439 0156 50       		.byte	0x50
 5440 0157 58000000 		.4byte	.LVL25
 5441 015b 9C000000 		.4byte	.LFE19
 5442 015f 0100     		.2byte	0x1
 5443 0161 52       		.byte	0x52
 5444 0162 00000000 		.4byte	0
 5445 0166 00000000 		.4byte	0
 5446              	.LLST9:
 5447 016a 1E000000 		.4byte	.LVL10
 5448 016e 26000000 		.4byte	.LVL12
 5449 0172 0200     		.2byte	0x2
ARM GAS  C:\Users\ADSTRU~1\AppData\Local\Temp\ccLLBSlA.s 			page 150


 5450 0174 30       		.byte	0x30
 5451 0175 9F       		.byte	0x9f
 5452 0176 26000000 		.4byte	.LVL12
 5453 017a 28000000 		.4byte	.LVL13
 5454 017e 0100     		.2byte	0x1
 5455 0180 50       		.byte	0x50
 5456 0181 28000000 		.4byte	.LVL13
 5457 0185 2A000000 		.4byte	.LVL14
 5458 0189 0200     		.2byte	0x2
 5459 018b 30       		.byte	0x30
 5460 018c 9F       		.byte	0x9f
 5461 018d 2A000000 		.4byte	.LVL14
 5462 0191 3C000000 		.4byte	.LVL17
 5463 0195 0100     		.2byte	0x1
 5464 0197 50       		.byte	0x50
 5465 0198 44000000 		.4byte	.LVL20
 5466 019c 46000000 		.4byte	.LVL21
 5467 01a0 0100     		.2byte	0x1
 5468 01a2 50       		.byte	0x50
 5469 01a3 46000000 		.4byte	.LVL21
 5470 01a7 92000000 		.4byte	.LVL38
 5471 01ab 0100     		.2byte	0x1
 5472 01ad 56       		.byte	0x56
 5473 01ae 00000000 		.4byte	0
 5474 01b2 00000000 		.4byte	0
 5475              	.LLST10:
 5476 01b6 12000000 		.4byte	.LVL6
 5477 01ba 18000000 		.4byte	.LVL9
 5478 01be 0100     		.2byte	0x1
 5479 01c0 53       		.byte	0x53
 5480 01c1 00000000 		.4byte	0
 5481 01c5 00000000 		.4byte	0
 5482              	.LLST11:
 5483 01c9 14000000 		.4byte	.LVL7
 5484 01cd 41000000 		.4byte	.LVL19-1
 5485 01d1 0100     		.2byte	0x1
 5486 01d3 52       		.byte	0x52
 5487 01d4 00000000 		.4byte	0
 5488 01d8 00000000 		.4byte	0
 5489              	.LLST12:
 5490 01dc 16000000 		.4byte	.LVL8
 5491 01e0 92000000 		.4byte	.LVL36
 5492 01e4 0100     		.2byte	0x1
 5493 01e6 54       		.byte	0x54
 5494 01e7 00000000 		.4byte	0
 5495 01eb 00000000 		.4byte	0
 5496              	.LLST13:
 5497 01ef 00000000 		.4byte	.LVL40
 5498 01f3 16000000 		.4byte	.LVL45
 5499 01f7 0100     		.2byte	0x1
 5500 01f9 50       		.byte	0x50
 5501 01fa 16000000 		.4byte	.LVL45
 5502 01fe 78000000 		.4byte	.LVL64
 5503 0202 0100     		.2byte	0x1
 5504 0204 57       		.byte	0x57
 5505 0205 78000000 		.4byte	.LVL64
 5506 0209 86000000 		.4byte	.LVL68
ARM GAS  C:\Users\ADSTRU~1\AppData\Local\Temp\ccLLBSlA.s 			page 151


 5507 020d 0400     		.2byte	0x4
 5508 020f F3       		.byte	0xf3
 5509 0210 01       		.uleb128 0x1
 5510 0211 50       		.byte	0x50
 5511 0212 9F       		.byte	0x9f
 5512 0213 86000000 		.4byte	.LVL68
 5513 0217 8E000000 		.4byte	.LVL72
 5514 021b 0100     		.2byte	0x1
 5515 021d 57       		.byte	0x57
 5516 021e 8E000000 		.4byte	.LVL72
 5517 0222 9C000000 		.4byte	.LFE20
 5518 0226 0400     		.2byte	0x4
 5519 0228 F3       		.byte	0xf3
 5520 0229 01       		.uleb128 0x1
 5521 022a 50       		.byte	0x50
 5522 022b 9F       		.byte	0x9f
 5523 022c 00000000 		.4byte	0
 5524 0230 00000000 		.4byte	0
 5525              	.LLST14:
 5526 0234 76000000 		.4byte	.LVL63
 5527 0238 84000000 		.4byte	.LVL67
 5528 023c 0100     		.2byte	0x1
 5529 023e 50       		.byte	0x50
 5530 023f 8E000000 		.4byte	.LVL72
 5531 0243 90000000 		.4byte	.LVL73
 5532 0247 0100     		.2byte	0x1
 5533 0249 50       		.byte	0x50
 5534 024a 00000000 		.4byte	0
 5535 024e 00000000 		.4byte	0
 5536              	.LLST15:
 5537 0252 12000000 		.4byte	.LVL44
 5538 0256 1C000000 		.4byte	.LVL46
 5539 025a 0200     		.2byte	0x2
 5540 025c 30       		.byte	0x30
 5541 025d 9F       		.byte	0x9f
 5542 025e 1C000000 		.4byte	.LVL46
 5543 0262 90000000 		.4byte	.LVL77
 5544 0266 0100     		.2byte	0x1
 5545 0268 59       		.byte	0x59
 5546 0269 00000000 		.4byte	0
 5547 026d 00000000 		.4byte	0
 5548              	.LLST16:
 5549 0271 12000000 		.4byte	.LVL44
 5550 0275 1C000000 		.4byte	.LVL46
 5551 0279 0300     		.2byte	0x3
 5552 027b 08       		.byte	0x8
 5553 027c 7F       		.byte	0x7f
 5554 027d 9F       		.byte	0x9f
 5555 027e 1C000000 		.4byte	.LVL46
 5556 0282 2C000000 		.4byte	.LVL48
 5557 0286 0100     		.2byte	0x1
 5558 0288 50       		.byte	0x50
 5559 0289 2E000000 		.4byte	.LVL49
 5560 028d 42000000 		.4byte	.LVL52
 5561 0291 0100     		.2byte	0x1
 5562 0293 50       		.byte	0x50
 5563 0294 46000000 		.4byte	.LVL53
ARM GAS  C:\Users\ADSTRU~1\AppData\Local\Temp\ccLLBSlA.s 			page 152


 5564 0298 6A000000 		.4byte	.LVL61
 5565 029c 0100     		.2byte	0x1
 5566 029e 50       		.byte	0x50
 5567 029f 86000000 		.4byte	.LVL68
 5568 02a3 88000000 		.4byte	.LVL69
 5569 02a7 0100     		.2byte	0x1
 5570 02a9 50       		.byte	0x50
 5571 02aa 8A000000 		.4byte	.LVL70
 5572 02ae 8C000000 		.4byte	.LVL71
 5573 02b2 0100     		.2byte	0x1
 5574 02b4 50       		.byte	0x50
 5575 02b5 00000000 		.4byte	0
 5576 02b9 00000000 		.4byte	0
 5577              	.LLST17:
 5578 02bd 0A000000 		.4byte	.LVL41
 5579 02c1 82000000 		.4byte	.LVL66
 5580 02c5 0200     		.2byte	0x2
 5581 02c7 30       		.byte	0x30
 5582 02c8 9F       		.byte	0x9f
 5583 02c9 82000000 		.4byte	.LVL66
 5584 02cd 86000000 		.4byte	.LVL68
 5585 02d1 0200     		.2byte	0x2
 5586 02d3 31       		.byte	0x31
 5587 02d4 9F       		.byte	0x9f
 5588 02d5 86000000 		.4byte	.LVL68
 5589 02d9 90000000 		.4byte	.LVL73
 5590 02dd 0200     		.2byte	0x2
 5591 02df 30       		.byte	0x30
 5592 02e0 9F       		.byte	0x9f
 5593 02e1 90000000 		.4byte	.LVL73
 5594 02e5 9C000000 		.4byte	.LFE20
 5595 02e9 0100     		.2byte	0x1
 5596 02eb 50       		.byte	0x50
 5597 02ec 00000000 		.4byte	0
 5598 02f0 00000000 		.4byte	0
 5599              	.LLST18:
 5600 02f4 12000000 		.4byte	.LVL44
 5601 02f8 1C000000 		.4byte	.LVL46
 5602 02fc 0200     		.2byte	0x2
 5603 02fe 31       		.byte	0x31
 5604 02ff 9F       		.byte	0x9f
 5605 0300 1C000000 		.4byte	.LVL46
 5606 0304 2E000000 		.4byte	.LVL49
 5607 0308 0100     		.2byte	0x1
 5608 030a 52       		.byte	0x52
 5609 030b 2E000000 		.4byte	.LVL49
 5610 030f 30000000 		.4byte	.LVL50
 5611 0313 0100     		.2byte	0x1
 5612 0315 53       		.byte	0x53
 5613 0316 30000000 		.4byte	.LVL50
 5614 031a 48000000 		.4byte	.LVL54
 5615 031e 0100     		.2byte	0x1
 5616 0320 52       		.byte	0x52
 5617 0321 48000000 		.4byte	.LVL54
 5618 0325 4A000000 		.4byte	.LVL55
 5619 0329 0100     		.2byte	0x1
 5620 032b 53       		.byte	0x53
ARM GAS  C:\Users\ADSTRU~1\AppData\Local\Temp\ccLLBSlA.s 			page 153


 5621 032c 4A000000 		.4byte	.LVL55
 5622 0330 66000000 		.4byte	.LVL60
 5623 0334 0100     		.2byte	0x1
 5624 0336 52       		.byte	0x52
 5625 0337 86000000 		.4byte	.LVL68
 5626 033b 8E000000 		.4byte	.LVL72
 5627 033f 0100     		.2byte	0x1
 5628 0341 52       		.byte	0x52
 5629 0342 00000000 		.4byte	0
 5630 0346 00000000 		.4byte	0
 5631              	.LLST19:
 5632 034a 12000000 		.4byte	.LVL44
 5633 034e 5E000000 		.4byte	.LVL58
 5634 0352 0100     		.2byte	0x1
 5635 0354 55       		.byte	0x55
 5636 0355 5E000000 		.4byte	.LVL58
 5637 0359 6C000000 		.4byte	.LVL62
 5638 035d 0100     		.2byte	0x1
 5639 035f 53       		.byte	0x53
 5640 0360 6C000000 		.4byte	.LVL62
 5641 0364 80000000 		.4byte	.LVL65
 5642 0368 0100     		.2byte	0x1
 5643 036a 55       		.byte	0x55
 5644 036b 80000000 		.4byte	.LVL65
 5645 036f 86000000 		.4byte	.LVL68
 5646 0373 0100     		.2byte	0x1
 5647 0375 58       		.byte	0x58
 5648 0376 86000000 		.4byte	.LVL68
 5649 037a 8E000000 		.4byte	.LVL72
 5650 037e 0100     		.2byte	0x1
 5651 0380 53       		.byte	0x53
 5652 0381 8E000000 		.4byte	.LVL72
 5653 0385 90000000 		.4byte	.LVL73
 5654 0389 0100     		.2byte	0x1
 5655 038b 55       		.byte	0x55
 5656 038c 90000000 		.4byte	.LVL73
 5657 0390 90000000 		.4byte	.LVL76
 5658 0394 0100     		.2byte	0x1
 5659 0396 58       		.byte	0x58
 5660 0397 00000000 		.4byte	0
 5661 039b 00000000 		.4byte	0
 5662              	.LLST20:
 5663 039f 0C000000 		.4byte	.LVL42
 5664 03a3 90000000 		.4byte	.LVL75
 5665 03a7 0100     		.2byte	0x1
 5666 03a9 56       		.byte	0x56
 5667 03aa 00000000 		.4byte	0
 5668 03ae 00000000 		.4byte	0
 5669              	.LLST21:
 5670 03b2 38000000 		.4byte	.LVL51
 5671 03b6 64000000 		.4byte	.LVL59
 5672 03ba 0100     		.2byte	0x1
 5673 03bc 51       		.byte	0x51
 5674 03bd 86000000 		.4byte	.LVL68
 5675 03c1 8E000000 		.4byte	.LVL72
 5676 03c5 0100     		.2byte	0x1
 5677 03c7 51       		.byte	0x51
ARM GAS  C:\Users\ADSTRU~1\AppData\Local\Temp\ccLLBSlA.s 			page 154


 5678 03c8 00000000 		.4byte	0
 5679 03cc 00000000 		.4byte	0
 5680              	.LLST22:
 5681 03d0 0E000000 		.4byte	.LVL43
 5682 03d4 90000000 		.4byte	.LVL74
 5683 03d8 0100     		.2byte	0x1
 5684 03da 54       		.byte	0x54
 5685 03db 00000000 		.4byte	0
 5686 03df 00000000 		.4byte	0
 5687              	.LLST23:
 5688 03e3 00000000 		.4byte	.LVL78
 5689 03e7 24000000 		.4byte	.LVL83
 5690 03eb 0100     		.2byte	0x1
 5691 03ed 50       		.byte	0x50
 5692 03ee 24000000 		.4byte	.LVL83
 5693 03f2 C2000000 		.4byte	.LVL115
 5694 03f6 0100     		.2byte	0x1
 5695 03f8 57       		.byte	0x57
 5696 03f9 C2000000 		.4byte	.LVL115
 5697 03fd CC000000 		.4byte	.LFE21
 5698 0401 0400     		.2byte	0x4
 5699 0403 F3       		.byte	0xf3
 5700 0404 01       		.uleb128 0x1
 5701 0405 50       		.byte	0x50
 5702 0406 9F       		.byte	0x9f
 5703 0407 00000000 		.4byte	0
 5704 040b 00000000 		.4byte	0
 5705              	.LLST24:
 5706 040f 00000000 		.4byte	.LVL78
 5707 0413 24000000 		.4byte	.LVL83
 5708 0417 0100     		.2byte	0x1
 5709 0419 51       		.byte	0x51
 5710 041a 24000000 		.4byte	.LVL83
 5711 041e C2000000 		.4byte	.LVL116
 5712 0422 0100     		.2byte	0x1
 5713 0424 5A       		.byte	0x5a
 5714 0425 C2000000 		.4byte	.LVL116
 5715 0429 CC000000 		.4byte	.LFE21
 5716 042d 0400     		.2byte	0x4
 5717 042f F3       		.byte	0xf3
 5718 0430 01       		.uleb128 0x1
 5719 0431 51       		.byte	0x51
 5720 0432 9F       		.byte	0x9f
 5721 0433 00000000 		.4byte	0
 5722 0437 00000000 		.4byte	0
 5723              	.LLST25:
 5724 043b 32000000 		.4byte	.LVL86
 5725 043f 38000000 		.4byte	.LVL87
 5726 0443 0200     		.2byte	0x2
 5727 0445 30       		.byte	0x30
 5728 0446 9F       		.byte	0x9f
 5729 0447 38000000 		.4byte	.LVL87
 5730 044b 59000000 		.4byte	.LVL96-1
 5731 044f 0100     		.2byte	0x1
 5732 0451 52       		.byte	0x52
 5733 0452 74000000 		.4byte	.LVL101
 5734 0456 78000000 		.4byte	.LVL102
ARM GAS  C:\Users\ADSTRU~1\AppData\Local\Temp\ccLLBSlA.s 			page 155


 5735 045a 0200     		.2byte	0x2
 5736 045c 30       		.byte	0x30
 5737 045d 9F       		.byte	0x9f
 5738 045e 78000000 		.4byte	.LVL102
 5739 0462 BA000000 		.4byte	.LVL112
 5740 0466 0100     		.2byte	0x1
 5741 0468 56       		.byte	0x56
 5742 0469 00000000 		.4byte	0
 5743 046d 00000000 		.4byte	0
 5744              	.LLST26:
 5745 0471 20000000 		.4byte	.LVL81
 5746 0475 24000000 		.4byte	.LVL83
 5747 0479 0200     		.2byte	0x2
 5748 047b 31       		.byte	0x31
 5749 047c 9F       		.byte	0x9f
 5750 047d 24000000 		.4byte	.LVL83
 5751 0481 BA000000 		.4byte	.LVL112
 5752 0485 0100     		.2byte	0x1
 5753 0487 55       		.byte	0x55
 5754 0488 BA000000 		.4byte	.LVL112
 5755 048c BC000000 		.4byte	.LVL113
 5756 0490 0100     		.2byte	0x1
 5757 0492 53       		.byte	0x53
 5758 0493 BC000000 		.4byte	.LVL113
 5759 0497 C2000000 		.4byte	.LVL114
 5760 049b 0100     		.2byte	0x1
 5761 049d 55       		.byte	0x55
 5762 049e C2000000 		.4byte	.LVL114
 5763 04a2 CC000000 		.4byte	.LFE21
 5764 04a6 0300     		.2byte	0x3
 5765 04a8 73       		.byte	0x73
 5766 04a9 7F       		.sleb128 -1
 5767 04aa 9F       		.byte	0x9f
 5768 04ab 00000000 		.4byte	0
 5769 04af 00000000 		.4byte	0
 5770              	.LLST27:
 5771 04b3 2C000000 		.4byte	.LVL84
 5772 04b7 2E000000 		.4byte	.LVL85
 5773 04bb 0100     		.2byte	0x1
 5774 04bd 53       		.byte	0x53
 5775 04be 2E000000 		.4byte	.LVL85
 5776 04c2 6A000000 		.4byte	.LVL100
 5777 04c6 0100     		.2byte	0x1
 5778 04c8 59       		.byte	0x59
 5779 04c9 00000000 		.4byte	0
 5780 04cd 00000000 		.4byte	0
 5781              	.LLST28:
 5782 04d1 2C000000 		.4byte	.LVL84
 5783 04d5 2E000000 		.4byte	.LVL85
 5784 04d9 0100     		.2byte	0x1
 5785 04db 53       		.byte	0x53
 5786 04dc 2E000000 		.4byte	.LVL85
 5787 04e0 38000000 		.4byte	.LVL87
 5788 04e4 0100     		.2byte	0x1
 5789 04e6 59       		.byte	0x59
 5790 04e7 38000000 		.4byte	.LVL87
 5791 04eb 40000000 		.4byte	.LVL88
ARM GAS  C:\Users\ADSTRU~1\AppData\Local\Temp\ccLLBSlA.s 			page 156


 5792 04ef 0100     		.2byte	0x1
 5793 04f1 54       		.byte	0x54
 5794 04f2 40000000 		.4byte	.LVL88
 5795 04f6 46000000 		.4byte	.LVL91
 5796 04fa 0100     		.2byte	0x1
 5797 04fc 51       		.byte	0x51
 5798 04fd 46000000 		.4byte	.LVL91
 5799 0501 74000000 		.4byte	.LVL101
 5800 0505 0100     		.2byte	0x1
 5801 0507 54       		.byte	0x54
 5802 0508 00000000 		.4byte	0
 5803 050c 00000000 		.4byte	0
 5804              	.LLST29:
 5805 0510 32000000 		.4byte	.LVL86
 5806 0514 42000000 		.4byte	.LVL89
 5807 0518 0100     		.2byte	0x1
 5808 051a 50       		.byte	0x50
 5809 051b 44000000 		.4byte	.LVL90
 5810 051f 54000000 		.4byte	.LVL95
 5811 0523 0100     		.2byte	0x1
 5812 0525 50       		.byte	0x50
 5813 0526 00000000 		.4byte	0
 5814 052a 00000000 		.4byte	0
 5815              	.LLST30:
 5816 052e 20000000 		.4byte	.LVL81
 5817 0532 22000000 		.4byte	.LVL82
 5818 0536 0100     		.2byte	0x1
 5819 0538 53       		.byte	0x53
 5820 0539 22000000 		.4byte	.LVL82
 5821 053d CC000000 		.4byte	.LFE21
 5822 0541 0200     		.2byte	0x2
 5823 0543 91       		.byte	0x91
 5824 0544 5C       		.sleb128 -36
 5825 0545 00000000 		.4byte	0
 5826 0549 00000000 		.4byte	0
 5827              	.LLST31:
 5828 054d 5C000000 		.4byte	.LVL97
 5829 0551 5E000000 		.4byte	.LVL98
 5830 0555 0100     		.2byte	0x1
 5831 0557 50       		.byte	0x50
 5832 0558 8E000000 		.4byte	.LVL104
 5833 055c A2000000 		.4byte	.LVL108
 5834 0560 0100     		.2byte	0x1
 5835 0562 50       		.byte	0x50
 5836 0563 00000000 		.4byte	0
 5837 0567 00000000 		.4byte	0
 5838              	.LLST32:
 5839 056b 64000000 		.4byte	.LVL99
 5840 056f 6A000000 		.4byte	.LVL100
 5841 0573 0100     		.2byte	0x1
 5842 0575 50       		.byte	0x50
 5843 0576 6A000000 		.4byte	.LVL100
 5844 057a 98000000 		.4byte	.LVL105
 5845 057e 0100     		.2byte	0x1
 5846 0580 59       		.byte	0x59
 5847 0581 98000000 		.4byte	.LVL105
 5848 0585 9C000000 		.4byte	.LVL106
ARM GAS  C:\Users\ADSTRU~1\AppData\Local\Temp\ccLLBSlA.s 			page 157


 5849 0589 0100     		.2byte	0x1
 5850 058b 52       		.byte	0x52
 5851 058c 9C000000 		.4byte	.LVL106
 5852 0590 A0000000 		.4byte	.LVL107
 5853 0594 0100     		.2byte	0x1
 5854 0596 59       		.byte	0x59
 5855 0597 A0000000 		.4byte	.LVL107
 5856 059b A9000000 		.4byte	.LVL109-1
 5857 059f 0100     		.2byte	0x1
 5858 05a1 52       		.byte	0x52
 5859 05a2 A9000000 		.4byte	.LVL109-1
 5860 05a6 BA000000 		.4byte	.LVL112
 5861 05aa 0100     		.2byte	0x1
 5862 05ac 59       		.byte	0x59
 5863 05ad 00000000 		.4byte	0
 5864 05b1 00000000 		.4byte	0
 5865              	.LLST33:
 5866 05b5 14000000 		.4byte	.LVL79
 5867 05b9 16000000 		.4byte	.LVL80
 5868 05bd 0100     		.2byte	0x1
 5869 05bf 53       		.byte	0x53
 5870 05c0 16000000 		.4byte	.LVL80
 5871 05c4 C2000000 		.4byte	.LVL117
 5872 05c8 0100     		.2byte	0x1
 5873 05ca 5B       		.byte	0x5b
 5874 05cb 00000000 		.4byte	0
 5875 05cf 00000000 		.4byte	0
 5876              	.LLST34:
 5877 05d3 2E000000 		.4byte	.LVL85
 5878 05d7 52000000 		.4byte	.LVL94
 5879 05db 0100     		.2byte	0x1
 5880 05dd 53       		.byte	0x53
 5881 05de 74000000 		.4byte	.LVL101
 5882 05e2 BA000000 		.4byte	.LVL112
 5883 05e6 0100     		.2byte	0x1
 5884 05e8 54       		.byte	0x54
 5885 05e9 00000000 		.4byte	0
 5886 05ed 00000000 		.4byte	0
 5887              	.LLST35:
 5888 05f1 30000000 		.4byte	.LVL120
 5889 05f5 3A000000 		.4byte	.LVL122
 5890 05f9 0100     		.2byte	0x1
 5891 05fb 53       		.byte	0x53
 5892 05fc 3A000000 		.4byte	.LVL122
 5893 0600 3C000000 		.4byte	.LVL123
 5894 0604 0200     		.2byte	0x2
 5895 0606 75       		.byte	0x75
 5896 0607 00       		.sleb128 0
 5897 0608 7A000000 		.4byte	.LVL126
 5898 060c 86000000 		.4byte	.LVL128
 5899 0610 0100     		.2byte	0x1
 5900 0612 53       		.byte	0x53
 5901 0613 86000000 		.4byte	.LVL128
 5902 0617 88000000 		.4byte	.LVL129
 5903 061b 0500     		.2byte	0x5
 5904 061d 0C       		.byte	0xc
 5905 061e 94020B40 		.4byte	0x400b0294
ARM GAS  C:\Users\ADSTRU~1\AppData\Local\Temp\ccLLBSlA.s 			page 158


 5906 0622 8A000000 		.4byte	.LVL130
 5907 0626 90000000 		.4byte	.LVL132
 5908 062a 0100     		.2byte	0x1
 5909 062c 53       		.byte	0x53
 5910 062d 90000000 		.4byte	.LVL132
 5911 0631 96000000 		.4byte	.LVL133
 5912 0635 0200     		.2byte	0x2
 5913 0637 75       		.byte	0x75
 5914 0638 00       		.sleb128 0
 5915 0639 00000000 		.4byte	0
 5916 063d 00000000 		.4byte	0
 5917              	.LLST36:
 5918 0641 00000000 		.4byte	.LVL137
 5919 0645 0F000000 		.4byte	.LVL139-1
 5920 0649 0100     		.2byte	0x1
 5921 064b 50       		.byte	0x50
 5922 064c 0F000000 		.4byte	.LVL139-1
 5923 0650 1E000000 		.4byte	.LVL142
 5924 0654 0100     		.2byte	0x1
 5925 0656 57       		.byte	0x57
 5926 0657 1E000000 		.4byte	.LVL142
 5927 065b 60000000 		.4byte	.LFE6
 5928 065f 0400     		.2byte	0x4
 5929 0661 F3       		.byte	0xf3
 5930 0662 01       		.uleb128 0x1
 5931 0663 50       		.byte	0x50
 5932 0664 9F       		.byte	0x9f
 5933 0665 00000000 		.4byte	0
 5934 0669 00000000 		.4byte	0
 5935              	.LLST37:
 5936 066d 10000000 		.4byte	.LVL139
 5937 0671 29000000 		.4byte	.LVL145-1
 5938 0675 0100     		.2byte	0x1
 5939 0677 50       		.byte	0x50
 5940 0678 2E000000 		.4byte	.LVL146
 5941 067c 45000000 		.4byte	.LVL151-1
 5942 0680 0100     		.2byte	0x1
 5943 0682 50       		.byte	0x50
 5944 0683 00000000 		.4byte	0
 5945 0687 00000000 		.4byte	0
 5946              	.LLST38:
 5947 068b 0C000000 		.4byte	.LVL138
 5948 068f 46000000 		.4byte	.LVL152
 5949 0693 0100     		.2byte	0x1
 5950 0695 55       		.byte	0x55
 5951 0696 00000000 		.4byte	0
 5952 069a 00000000 		.4byte	0
 5953              	.LLST39:
 5954 069e 14000000 		.4byte	.LVL140
 5955 06a2 29000000 		.4byte	.LVL145-1
 5956 06a6 0100     		.2byte	0x1
 5957 06a8 52       		.byte	0x52
 5958 06a9 00000000 		.4byte	0
 5959 06ad 00000000 		.4byte	0
 5960              	.LLST40:
 5961 06b1 32000000 		.4byte	.LVL147
 5962 06b5 45000000 		.4byte	.LVL151-1
ARM GAS  C:\Users\ADSTRU~1\AppData\Local\Temp\ccLLBSlA.s 			page 159


 5963 06b9 0100     		.2byte	0x1
 5964 06bb 53       		.byte	0x53
 5965 06bc 00000000 		.4byte	0
 5966 06c0 00000000 		.4byte	0
 5967              	.LLST41:
 5968 06c4 00000000 		.4byte	.LVL153
 5969 06c8 08000000 		.4byte	.LVL154
 5970 06cc 0100     		.2byte	0x1
 5971 06ce 50       		.byte	0x50
 5972 06cf 08000000 		.4byte	.LVL154
 5973 06d3 19000000 		.4byte	.LVL158-1
 5974 06d7 0100     		.2byte	0x1
 5975 06d9 53       		.byte	0x53
 5976 06da 19000000 		.4byte	.LVL158-1
 5977 06de 2A000000 		.4byte	.LFE7
 5978 06e2 0400     		.2byte	0x4
 5979 06e4 F3       		.byte	0xf3
 5980 06e5 01       		.uleb128 0x1
 5981 06e6 50       		.byte	0x50
 5982 06e7 9F       		.byte	0x9f
 5983 06e8 00000000 		.4byte	0
 5984 06ec 00000000 		.4byte	0
 5985              	.LLST42:
 5986 06f0 00000000 		.4byte	.LVL153
 5987 06f4 16000000 		.4byte	.LVL157
 5988 06f8 0100     		.2byte	0x1
 5989 06fa 51       		.byte	0x51
 5990 06fb 16000000 		.4byte	.LVL157
 5991 06ff 2A000000 		.4byte	.LFE7
 5992 0703 0400     		.2byte	0x4
 5993 0705 F3       		.byte	0xf3
 5994 0706 01       		.uleb128 0x1
 5995 0707 51       		.byte	0x51
 5996 0708 9F       		.byte	0x9f
 5997 0709 00000000 		.4byte	0
 5998 070d 00000000 		.4byte	0
 5999              	.LLST43:
 6000 0711 00000000 		.4byte	.LVL153
 6001 0715 19000000 		.4byte	.LVL158-1
 6002 0719 0100     		.2byte	0x1
 6003 071b 52       		.byte	0x52
 6004 071c 19000000 		.4byte	.LVL158-1
 6005 0720 1C000000 		.4byte	.LVL159
 6006 0724 0100     		.2byte	0x1
 6007 0726 54       		.byte	0x54
 6008 0727 1C000000 		.4byte	.LVL159
 6009 072b 28000000 		.4byte	.LVL162
 6010 072f 0300     		.2byte	0x3
 6011 0731 74       		.byte	0x74
 6012 0732 05       		.sleb128 5
 6013 0733 9F       		.byte	0x9f
 6014 0734 28000000 		.4byte	.LVL162
 6015 0738 2A000000 		.4byte	.LFE7
 6016 073c 0400     		.2byte	0x4
 6017 073e F3       		.byte	0xf3
 6018 073f 01       		.uleb128 0x1
 6019 0740 52       		.byte	0x52
ARM GAS  C:\Users\ADSTRU~1\AppData\Local\Temp\ccLLBSlA.s 			page 160


 6020 0741 9F       		.byte	0x9f
 6021 0742 00000000 		.4byte	0
 6022 0746 00000000 		.4byte	0
 6023              	.LLST44:
 6024 074a 0A000000 		.4byte	.LVL155
 6025 074e 19000000 		.4byte	.LVL158-1
 6026 0752 0100     		.2byte	0x1
 6027 0754 50       		.byte	0x50
 6028 0755 1A000000 		.4byte	.LVL158
 6029 0759 28000000 		.4byte	.LVL161
 6030 075d 0100     		.2byte	0x1
 6031 075f 50       		.byte	0x50
 6032 0760 00000000 		.4byte	0
 6033 0764 00000000 		.4byte	0
 6034              	.LLST45:
 6035 0768 12000000 		.4byte	.LVL164
 6036 076c 33000000 		.4byte	.LVL172-1
 6037 0770 0100     		.2byte	0x1
 6038 0772 51       		.byte	0x51
 6039 0773 00000000 		.4byte	0
 6040 0777 00000000 		.4byte	0
 6041              	.LLST46:
 6042 077b 14000000 		.4byte	.LVL165
 6043 077f 24000000 		.4byte	.LVL168
 6044 0783 0100     		.2byte	0x1
 6045 0785 53       		.byte	0x53
 6046 0786 24000000 		.4byte	.LVL168
 6047 078a 26000000 		.4byte	.LVL169
 6048 078e 0300     		.2byte	0x3
 6049 0790 73       		.byte	0x73
 6050 0791 05       		.sleb128 5
 6051 0792 9F       		.byte	0x9f
 6052 0793 00000000 		.4byte	0
 6053 0797 00000000 		.4byte	0
 6054              	.LLST47:
 6055 079b 16000000 		.4byte	.LVL166
 6056 079f 33000000 		.4byte	.LVL172-1
 6057 07a3 0100     		.2byte	0x1
 6058 07a5 50       		.byte	0x50
 6059 07a6 00000000 		.4byte	0
 6060 07aa 00000000 		.4byte	0
 6061              	.LLST48:
 6062 07ae 10000000 		.4byte	.LVL163
 6063 07b2 14000000 		.4byte	.LVL165
 6064 07b6 0100     		.2byte	0x1
 6065 07b8 53       		.byte	0x53
 6066 07b9 00000000 		.4byte	0
 6067 07bd 00000000 		.4byte	0
 6068              	.LLST49:
 6069 07c1 00000000 		.4byte	.LVL173
 6070 07c5 06000000 		.4byte	.LVL174
 6071 07c9 0100     		.2byte	0x1
 6072 07cb 50       		.byte	0x50
 6073 07cc 06000000 		.4byte	.LVL174
 6074 07d0 0D000000 		.4byte	.LVL175-1
 6075 07d4 0100     		.2byte	0x1
 6076 07d6 53       		.byte	0x53
ARM GAS  C:\Users\ADSTRU~1\AppData\Local\Temp\ccLLBSlA.s 			page 161


 6077 07d7 0D000000 		.4byte	.LVL175-1
 6078 07db 1C000000 		.4byte	.LFE9
 6079 07df 0400     		.2byte	0x4
 6080 07e1 F3       		.byte	0xf3
 6081 07e2 01       		.uleb128 0x1
 6082 07e3 50       		.byte	0x50
 6083 07e4 9F       		.byte	0x9f
 6084 07e5 00000000 		.4byte	0
 6085 07e9 00000000 		.4byte	0
 6086              	.LLST50:
 6087 07ed 0E000000 		.4byte	.LVL175
 6088 07f1 10000000 		.4byte	.LVL176
 6089 07f5 0100     		.2byte	0x1
 6090 07f7 50       		.byte	0x50
 6091 07f8 00000000 		.4byte	0
 6092 07fc 00000000 		.4byte	0
 6093              	.LLST51:
 6094 0800 06000000 		.4byte	.LVL174
 6095 0804 0D000000 		.4byte	.LVL175-1
 6096 0808 0100     		.2byte	0x1
 6097 080a 50       		.byte	0x50
 6098 080b 00000000 		.4byte	0
 6099 080f 00000000 		.4byte	0
 6100              	.LLST52:
 6101 0813 40000000 		.4byte	.LVL178
 6102 0817 44000000 		.4byte	.LVL179
 6103 081b 0300     		.2byte	0x3
 6104 081d 08       		.byte	0x8
 6105 081e F0       		.byte	0xf0
 6106 081f 9F       		.byte	0x9f
 6107 0820 44000000 		.4byte	.LVL179
 6108 0824 5A000000 		.4byte	.LVL181
 6109 0828 0100     		.2byte	0x1
 6110 082a 53       		.byte	0x53
 6111 082b 00000000 		.4byte	0
 6112 082f 00000000 		.4byte	0
 6113              	.LLST53:
 6114 0833 A4000000 		.4byte	.LVL184
 6115 0837 A8000000 		.4byte	.LVL185
 6116 083b 0300     		.2byte	0x3
 6117 083d 08       		.byte	0x8
 6118 083e F0       		.byte	0xf0
 6119 083f 9F       		.byte	0x9f
 6120 0840 A8000000 		.4byte	.LVL185
 6121 0844 BA000000 		.4byte	.LVL187
 6122 0848 0100     		.2byte	0x1
 6123 084a 53       		.byte	0x53
 6124 084b 00000000 		.4byte	0
 6125 084f 00000000 		.4byte	0
 6126              	.LLST54:
 6127 0853 00000000 		.4byte	.LVL190
 6128 0857 0B000000 		.4byte	.LVL193-1
 6129 085b 0100     		.2byte	0x1
 6130 085d 50       		.byte	0x50
 6131 085e 0B000000 		.4byte	.LVL193-1
 6132 0862 32000000 		.4byte	.LVL200
 6133 0866 0100     		.2byte	0x1
ARM GAS  C:\Users\ADSTRU~1\AppData\Local\Temp\ccLLBSlA.s 			page 162


 6134 0868 54       		.byte	0x54
 6135 0869 32000000 		.4byte	.LVL200
 6136 086d 34000000 		.4byte	.LFE17
 6137 0871 0400     		.2byte	0x4
 6138 0873 F3       		.byte	0xf3
 6139 0874 01       		.uleb128 0x1
 6140 0875 50       		.byte	0x50
 6141 0876 9F       		.byte	0x9f
 6142 0877 00000000 		.4byte	0
 6143 087b 00000000 		.4byte	0
 6144              	.LLST55:
 6145 087f 10000000 		.4byte	.LVL194
 6146 0883 16000000 		.4byte	.LVL195
 6147 0887 0100     		.2byte	0x1
 6148 0889 53       		.byte	0x53
 6149 088a 18000000 		.4byte	.LVL196
 6150 088e 1E000000 		.4byte	.LVL197
 6151 0892 0100     		.2byte	0x1
 6152 0894 52       		.byte	0x52
 6153 0895 1E000000 		.4byte	.LVL197
 6154 0899 31000000 		.4byte	.LVL199-1
 6155 089d 0100     		.2byte	0x1
 6156 089f 53       		.byte	0x53
 6157 08a0 00000000 		.4byte	0
 6158 08a4 00000000 		.4byte	0
 6159              	.LLST56:
 6160 08a8 0C000000 		.4byte	.LVL193
 6161 08ac 31000000 		.4byte	.LVL199-1
 6162 08b0 0100     		.2byte	0x1
 6163 08b2 50       		.byte	0x50
 6164 08b3 00000000 		.4byte	0
 6165 08b7 00000000 		.4byte	0
 6166              	.LLST57:
 6167 08bb 06000000 		.4byte	.LVL191
 6168 08bf 32000000 		.4byte	.LVL201
 6169 08c3 0100     		.2byte	0x1
 6170 08c5 55       		.byte	0x55
 6171 08c6 00000000 		.4byte	0
 6172 08ca 00000000 		.4byte	0
 6173              	.LLST58:
 6174 08ce 08000000 		.4byte	.LVL192
 6175 08d2 20000000 		.4byte	.LVL198
 6176 08d6 0100     		.2byte	0x1
 6177 08d8 56       		.byte	0x56
 6178 08d9 00000000 		.4byte	0
 6179 08dd 00000000 		.4byte	0
 6180              	.LLST59:
 6181 08e1 16000000 		.4byte	.LVL202
 6182 08e5 18000000 		.4byte	.LVL203
 6183 08e9 0100     		.2byte	0x1
 6184 08eb 53       		.byte	0x53
 6185 08ec 18000000 		.4byte	.LVL203
 6186 08f0 80000000 		.4byte	.LVL209
 6187 08f4 0100     		.2byte	0x1
 6188 08f6 58       		.byte	0x58
 6189 08f7 00000000 		.4byte	0
 6190 08fb 00000000 		.4byte	0
ARM GAS  C:\Users\ADSTRU~1\AppData\Local\Temp\ccLLBSlA.s 			page 163


 6191              	.LLST60:
 6192 08ff 00000000 		.4byte	.LVL210
 6193 0903 06000000 		.4byte	.LVL211
 6194 0907 0100     		.2byte	0x1
 6195 0909 50       		.byte	0x50
 6196 090a 06000000 		.4byte	.LVL211
 6197 090e 24000000 		.4byte	.LFE15
 6198 0912 0400     		.2byte	0x4
 6199 0914 F3       		.byte	0xf3
 6200 0915 01       		.uleb128 0x1
 6201 0916 50       		.byte	0x50
 6202 0917 9F       		.byte	0x9f
 6203 0918 00000000 		.4byte	0
 6204 091c 00000000 		.4byte	0
 6205              	.LLST61:
 6206 0920 00000000 		.4byte	.LVL210
 6207 0924 0E000000 		.4byte	.LVL212
 6208 0928 0100     		.2byte	0x1
 6209 092a 51       		.byte	0x51
 6210 092b 0E000000 		.4byte	.LVL212
 6211 092f 24000000 		.4byte	.LFE15
 6212 0933 0400     		.2byte	0x4
 6213 0935 F3       		.byte	0xf3
 6214 0936 01       		.uleb128 0x1
 6215 0937 51       		.byte	0x51
 6216 0938 9F       		.byte	0x9f
 6217 0939 00000000 		.4byte	0
 6218 093d 00000000 		.4byte	0
 6219              	.LLST62:
 6220 0941 00000000 		.4byte	.LVL214
 6221 0945 0B000000 		.4byte	.LVL217-1
 6222 0949 0100     		.2byte	0x1
 6223 094b 50       		.byte	0x50
 6224 094c 0B000000 		.4byte	.LVL217-1
 6225 0950 50000000 		.4byte	.LVL228
 6226 0954 0100     		.2byte	0x1
 6227 0956 54       		.byte	0x54
 6228 0957 50000000 		.4byte	.LVL228
 6229 095b 64000000 		.4byte	.LFE18
 6230 095f 0400     		.2byte	0x4
 6231 0961 F3       		.byte	0xf3
 6232 0962 01       		.uleb128 0x1
 6233 0963 50       		.byte	0x50
 6234 0964 9F       		.byte	0x9f
 6235 0965 00000000 		.4byte	0
 6236 0969 00000000 		.4byte	0
 6237              	.LLST63:
 6238 096d 0C000000 		.4byte	.LVL217
 6239 0971 5B000000 		.4byte	.LVL229-1
 6240 0975 0100     		.2byte	0x1
 6241 0977 50       		.byte	0x50
 6242 0978 00000000 		.4byte	0
 6243 097c 00000000 		.4byte	0
 6244              	.LLST64:
 6245 0980 06000000 		.4byte	.LVL215
 6246 0984 5C000000 		.4byte	.LVL231
 6247 0988 0100     		.2byte	0x1
ARM GAS  C:\Users\ADSTRU~1\AppData\Local\Temp\ccLLBSlA.s 			page 164


 6248 098a 56       		.byte	0x56
 6249 098b 00000000 		.4byte	0
 6250 098f 00000000 		.4byte	0
 6251              	.LLST65:
 6252 0993 08000000 		.4byte	.LVL216
 6253 0997 5C000000 		.4byte	.LVL230
 6254 099b 0100     		.2byte	0x1
 6255 099d 55       		.byte	0x55
 6256 099e 00000000 		.4byte	0
 6257 09a2 00000000 		.4byte	0
 6258              	.LLST66:
 6259 09a6 10000000 		.4byte	.LVL218
 6260 09aa 4C000000 		.4byte	.LVL227
 6261 09ae 0100     		.2byte	0x1
 6262 09b0 51       		.byte	0x51
 6263 09b1 00000000 		.4byte	0
 6264 09b5 00000000 		.4byte	0
 6265              	.LLST67:
 6266 09b9 1A000000 		.4byte	.LVL220
 6267 09bd 2E000000 		.4byte	.LVL222
 6268 09c1 0100     		.2byte	0x1
 6269 09c3 53       		.byte	0x53
 6270 09c4 38000000 		.4byte	.LVL224
 6271 09c8 4A000000 		.4byte	.LVL226
 6272 09cc 0100     		.2byte	0x1
 6273 09ce 53       		.byte	0x53
 6274 09cf 00000000 		.4byte	0
 6275 09d3 00000000 		.4byte	0
 6276              	.LLST68:
 6277 09d7 00000000 		.4byte	.LVL233
 6278 09db 10000000 		.4byte	.LVL235
 6279 09df 0100     		.2byte	0x1
 6280 09e1 50       		.byte	0x50
 6281 09e2 10000000 		.4byte	.LVL235
 6282 09e6 58000000 		.4byte	.LFE10
 6283 09ea 0400     		.2byte	0x4
 6284 09ec F3       		.byte	0xf3
 6285 09ed 01       		.uleb128 0x1
 6286 09ee 50       		.byte	0x50
 6287 09ef 9F       		.byte	0x9f
 6288 09f0 00000000 		.4byte	0
 6289 09f4 00000000 		.4byte	0
 6290              	.LLST69:
 6291 09f8 0E000000 		.4byte	.LVL234
 6292 09fc 44000000 		.4byte	.LVL240
 6293 0a00 0100     		.2byte	0x1
 6294 0a02 55       		.byte	0x55
 6295 0a03 44000000 		.4byte	.LVL240
 6296 0a07 44000000 		.4byte	.LVL241
 6297 0a0b 0B00     		.2byte	0xb
 6298 0a0d 77       		.byte	0x77
 6299 0a0e 00       		.sleb128 0
 6300 0a0f F3       		.byte	0xf3
 6301 0a10 01       		.uleb128 0x1
 6302 0a11 50       		.byte	0x50
 6303 0a12 1E       		.byte	0x1e
 6304 0a13 76       		.byte	0x76
ARM GAS  C:\Users\ADSTRU~1\AppData\Local\Temp\ccLLBSlA.s 			page 165


 6305 0a14 00       		.sleb128 0
 6306 0a15 22       		.byte	0x22
 6307 0a16 23       		.byte	0x23
 6308 0a17 04       		.uleb128 0x4
 6309 0a18 00000000 		.4byte	0
 6310 0a1c 00000000 		.4byte	0
 6311              	.LLST70:
 6312 0a20 00000000 		.4byte	.LVL243
 6313 0a24 27000000 		.4byte	.LVL246-1
 6314 0a28 0100     		.2byte	0x1
 6315 0a2a 50       		.byte	0x50
 6316 0a2b 27000000 		.4byte	.LVL246-1
 6317 0a2f 6C000000 		.4byte	.LFE11
 6318 0a33 0400     		.2byte	0x4
 6319 0a35 F3       		.byte	0xf3
 6320 0a36 01       		.uleb128 0x1
 6321 0a37 50       		.byte	0x50
 6322 0a38 9F       		.byte	0x9f
 6323 0a39 00000000 		.4byte	0
 6324 0a3d 00000000 		.4byte	0
 6325              	.LLST71:
 6326 0a41 00000000 		.4byte	.LVL243
 6327 0a45 0E000000 		.4byte	.LVL245
 6328 0a49 0100     		.2byte	0x1
 6329 0a4b 51       		.byte	0x51
 6330 0a4c 0E000000 		.4byte	.LVL245
 6331 0a50 6C000000 		.4byte	.LFE11
 6332 0a54 0400     		.2byte	0x4
 6333 0a56 F3       		.byte	0xf3
 6334 0a57 01       		.uleb128 0x1
 6335 0a58 51       		.byte	0x51
 6336 0a59 9F       		.byte	0x9f
 6337 0a5a 00000000 		.4byte	0
 6338 0a5e 00000000 		.4byte	0
 6339              	.LLST72:
 6340 0a62 0C000000 		.4byte	.LVL244
 6341 0a66 52000000 		.4byte	.LVL250
 6342 0a6a 0100     		.2byte	0x1
 6343 0a6c 55       		.byte	0x55
 6344 0a6d 00000000 		.4byte	0
 6345 0a71 00000000 		.4byte	0
 6346              	.LLST73:
 6347 0a75 00000000 		.4byte	.LVL251
 6348 0a79 1E000000 		.4byte	.LVL257
 6349 0a7d 0100     		.2byte	0x1
 6350 0a7f 50       		.byte	0x50
 6351 0a80 1E000000 		.4byte	.LVL257
 6352 0a84 64010000 		.4byte	.LFE22
 6353 0a88 0200     		.2byte	0x2
 6354 0a8a 91       		.byte	0x91
 6355 0a8b 5C       		.sleb128 -36
 6356 0a8c 00000000 		.4byte	0
 6357 0a90 00000000 		.4byte	0
 6358              	.LLST74:
 6359 0a94 00000000 		.4byte	.LVL251
 6360 0a98 38000000 		.4byte	.LVL262
 6361 0a9c 0100     		.2byte	0x1
ARM GAS  C:\Users\ADSTRU~1\AppData\Local\Temp\ccLLBSlA.s 			page 166


 6362 0a9e 51       		.byte	0x51
 6363 0a9f 38000000 		.4byte	.LVL262
 6364 0aa3 64010000 		.4byte	.LFE22
 6365 0aa7 0400     		.2byte	0x4
 6366 0aa9 F3       		.byte	0xf3
 6367 0aaa 01       		.uleb128 0x1
 6368 0aab 51       		.byte	0x51
 6369 0aac 9F       		.byte	0x9f
 6370 0aad 00000000 		.4byte	0
 6371 0ab1 00000000 		.4byte	0
 6372              	.LLST75:
 6373 0ab5 42000000 		.4byte	.LVL264
 6374 0ab9 48000000 		.4byte	.LVL265
 6375 0abd 0200     		.2byte	0x2
 6376 0abf 30       		.byte	0x30
 6377 0ac0 9F       		.byte	0x9f
 6378 0ac1 48000000 		.4byte	.LVL265
 6379 0ac5 4C000000 		.4byte	.LVL266
 6380 0ac9 0100     		.2byte	0x1
 6381 0acb 52       		.byte	0x52
 6382 0acc 4C000000 		.4byte	.LVL266
 6383 0ad0 52010000 		.4byte	.LVL301
 6384 0ad4 0200     		.2byte	0x2
 6385 0ad6 7D       		.byte	0x7d
 6386 0ad7 00       		.sleb128 0
 6387 0ad8 52010000 		.4byte	.LVL301
 6388 0adc 64010000 		.4byte	.LFE22
 6389 0ae0 0200     		.2byte	0x2
 6390 0ae2 91       		.byte	0x91
 6391 0ae3 58       		.sleb128 -40
 6392 0ae4 00000000 		.4byte	0
 6393 0ae8 00000000 		.4byte	0
 6394              	.LLST76:
 6395 0aec 1A000000 		.4byte	.LVL255
 6396 0af0 1E000000 		.4byte	.LVL257
 6397 0af4 0200     		.2byte	0x2
 6398 0af6 31       		.byte	0x31
 6399 0af7 9F       		.byte	0x9f
 6400 0af8 1E000000 		.4byte	.LVL257
 6401 0afc 26000000 		.4byte	.LVL259
 6402 0b00 0100     		.2byte	0x1
 6403 0b02 52       		.byte	0x52
 6404 0b03 26000000 		.4byte	.LVL259
 6405 0b07 28000000 		.4byte	.LVL260
 6406 0b0b 0100     		.2byte	0x1
 6407 0b0d 53       		.byte	0x53
 6408 0b0e 28000000 		.4byte	.LVL260
 6409 0b12 30000000 		.4byte	.LVL261
 6410 0b16 0100     		.2byte	0x1
 6411 0b18 52       		.byte	0x52
 6412 0b19 60000000 		.4byte	.LVL267
 6413 0b1d 64000000 		.4byte	.LVL268
 6414 0b21 0200     		.2byte	0x2
 6415 0b23 31       		.byte	0x31
 6416 0b24 9F       		.byte	0x9f
 6417 0b25 64000000 		.4byte	.LVL268
 6418 0b29 6E000000 		.4byte	.LVL269
ARM GAS  C:\Users\ADSTRU~1\AppData\Local\Temp\ccLLBSlA.s 			page 167


 6419 0b2d 0100     		.2byte	0x1
 6420 0b2f 52       		.byte	0x52
 6421 0b30 6E000000 		.4byte	.LVL269
 6422 0b34 70000000 		.4byte	.LVL270
 6423 0b38 0100     		.2byte	0x1
 6424 0b3a 53       		.byte	0x53
 6425 0b3b 70000000 		.4byte	.LVL270
 6426 0b3f 7D000000 		.4byte	.LVL272-1
 6427 0b43 0100     		.2byte	0x1
 6428 0b45 52       		.byte	0x52
 6429 0b46 9E000000 		.4byte	.LVL278
 6430 0b4a B2000000 		.4byte	.LVL279
 6431 0b4e 0100     		.2byte	0x1
 6432 0b50 52       		.byte	0x52
 6433 0b51 B4000000 		.4byte	.LVL280
 6434 0b55 B6000000 		.4byte	.LVL281
 6435 0b59 0100     		.2byte	0x1
 6436 0b5b 53       		.byte	0x53
 6437 0b5c B6000000 		.4byte	.LVL281
 6438 0b60 BC000000 		.4byte	.LVL282
 6439 0b64 0100     		.2byte	0x1
 6440 0b66 52       		.byte	0x52
 6441 0b67 BC000000 		.4byte	.LVL282
 6442 0b6b C0000000 		.4byte	.LVL283
 6443 0b6f 0200     		.2byte	0x2
 6444 0b71 31       		.byte	0x31
 6445 0b72 9F       		.byte	0x9f
 6446 0b73 C0000000 		.4byte	.LVL283
 6447 0b77 E0000000 		.4byte	.LVL284
 6448 0b7b 0100     		.2byte	0x1
 6449 0b7d 52       		.byte	0x52
 6450 0b7e E0000000 		.4byte	.LVL284
 6451 0b82 E2000000 		.4byte	.LVL285
 6452 0b86 0100     		.2byte	0x1
 6453 0b88 53       		.byte	0x53
 6454 0b89 E2000000 		.4byte	.LVL285
 6455 0b8d FE000000 		.4byte	.LVL288
 6456 0b91 0100     		.2byte	0x1
 6457 0b93 52       		.byte	0x52
 6458 0b94 FE000000 		.4byte	.LVL288
 6459 0b98 00010000 		.4byte	.LVL289
 6460 0b9c 0100     		.2byte	0x1
 6461 0b9e 53       		.byte	0x53
 6462 0b9f 00010000 		.4byte	.LVL289
 6463 0ba3 0B010000 		.4byte	.LVL290-1
 6464 0ba7 0100     		.2byte	0x1
 6465 0ba9 52       		.byte	0x52
 6466 0baa 3E010000 		.4byte	.LVL296
 6467 0bae 4A010000 		.4byte	.LVL299
 6468 0bb2 0100     		.2byte	0x1
 6469 0bb4 52       		.byte	0x52
 6470 0bb5 4A010000 		.4byte	.LVL299
 6471 0bb9 4C010000 		.4byte	.LVL300
 6472 0bbd 0100     		.2byte	0x1
 6473 0bbf 53       		.byte	0x53
 6474 0bc0 4C010000 		.4byte	.LVL300
 6475 0bc4 64010000 		.4byte	.LFE22
ARM GAS  C:\Users\ADSTRU~1\AppData\Local\Temp\ccLLBSlA.s 			page 168


 6476 0bc8 0100     		.2byte	0x1
 6477 0bca 52       		.byte	0x52
 6478 0bcb 00000000 		.4byte	0
 6479 0bcf 00000000 		.4byte	0
 6480              	.LLST77:
 6481 0bd3 60000000 		.4byte	.LVL267
 6482 0bd7 76000000 		.4byte	.LVL271
 6483 0bdb 0300     		.2byte	0x3
 6484 0bdd 08       		.byte	0x8
 6485 0bde 40       		.byte	0x40
 6486 0bdf 9F       		.byte	0x9f
 6487 0be0 76000000 		.4byte	.LVL271
 6488 0be4 28010000 		.4byte	.LVL295
 6489 0be8 0100     		.2byte	0x1
 6490 0bea 54       		.byte	0x54
 6491 0beb 00000000 		.4byte	0
 6492 0bef 00000000 		.4byte	0
 6493              	.LLST78:
 6494 0bf3 42000000 		.4byte	.LVL264
 6495 0bf7 48000000 		.4byte	.LVL265
 6496 0bfb 0100     		.2byte	0x1
 6497 0bfd 50       		.byte	0x50
 6498 0bfe 48000000 		.4byte	.LVL265
 6499 0c02 52010000 		.4byte	.LVL303
 6500 0c06 0100     		.2byte	0x1
 6501 0c08 56       		.byte	0x56
 6502 0c09 00000000 		.4byte	0
 6503 0c0d 00000000 		.4byte	0
 6504              	.LLST79:
 6505 0c11 88000000 		.4byte	.LVL274
 6506 0c15 8C000000 		.4byte	.LVL275
 6507 0c19 0600     		.2byte	0x6
 6508 0c1b 0C       		.byte	0xc
 6509 0c1c 00A60E00 		.4byte	0xea600
 6510 0c20 9F       		.byte	0x9f
 6511 0c21 8C000000 		.4byte	.LVL275
 6512 0c25 9C000000 		.4byte	.LVL277
 6513 0c29 0100     		.2byte	0x1
 6514 0c2b 53       		.byte	0x53
 6515 0c2c 9C000000 		.4byte	.LVL277
 6516 0c30 9E000000 		.4byte	.LVL278
 6517 0c34 0300     		.2byte	0x3
 6518 0c36 73       		.byte	0x73
 6519 0c37 7F       		.sleb128 -1
 6520 0c38 9F       		.byte	0x9f
 6521 0c39 B2000000 		.4byte	.LVL279
 6522 0c3d B4000000 		.4byte	.LVL280
 6523 0c41 0100     		.2byte	0x1
 6524 0c43 53       		.byte	0x53
 6525 0c44 10010000 		.4byte	.LVL291
 6526 0c48 14010000 		.4byte	.LVL292
 6527 0c4c 0600     		.2byte	0x6
 6528 0c4e 0C       		.byte	0xc
 6529 0c4f 00A60E00 		.4byte	0xea600
 6530 0c53 9F       		.byte	0x9f
 6531 0c54 14010000 		.4byte	.LVL292
 6532 0c58 24010000 		.4byte	.LVL294
ARM GAS  C:\Users\ADSTRU~1\AppData\Local\Temp\ccLLBSlA.s 			page 169


 6533 0c5c 0100     		.2byte	0x1
 6534 0c5e 53       		.byte	0x53
 6535 0c5f 00000000 		.4byte	0
 6536 0c63 00000000 		.4byte	0
 6537              	.LLST80:
 6538 0c67 1A000000 		.4byte	.LVL255
 6539 0c6b 52010000 		.4byte	.LVL302
 6540 0c6f 0100     		.2byte	0x1
 6541 0c71 55       		.byte	0x55
 6542 0c72 52010000 		.4byte	.LVL302
 6543 0c76 52010000 		.4byte	.LVL304
 6544 0c7a 0300     		.2byte	0x3
 6545 0c7c 7A       		.byte	0x7a
 6546 0c7d 09       		.sleb128 9
 6547 0c7e 9F       		.byte	0x9f
 6548 0c7f 00000000 		.4byte	0
 6549 0c83 00000000 		.4byte	0
 6550              	.LLST81:
 6551 0c87 1A000000 		.4byte	.LVL255
 6552 0c8b 22000000 		.4byte	.LVL258
 6553 0c8f 0300     		.2byte	0x3
 6554 0c91 91       		.byte	0x91
 6555 0c92 64       		.sleb128 -28
 6556 0c93 9F       		.byte	0x9f
 6557 0c94 22000000 		.4byte	.LVL258
 6558 0c98 26000000 		.4byte	.LVL259
 6559 0c9c 0100     		.2byte	0x1
 6560 0c9e 53       		.byte	0x53
 6561 0c9f 26000000 		.4byte	.LVL259
 6562 0ca3 F0000000 		.4byte	.LVL286
 6563 0ca7 0300     		.2byte	0x3
 6564 0ca9 91       		.byte	0x91
 6565 0caa 64       		.sleb128 -28
 6566 0cab 9F       		.byte	0x9f
 6567 0cac F0000000 		.4byte	.LVL286
 6568 0cb0 F2000000 		.4byte	.LVL287
 6569 0cb4 0100     		.2byte	0x1
 6570 0cb6 53       		.byte	0x53
 6571 0cb7 F2000000 		.4byte	.LVL287
 6572 0cbb 40010000 		.4byte	.LVL297
 6573 0cbf 0300     		.2byte	0x3
 6574 0cc1 91       		.byte	0x91
 6575 0cc2 64       		.sleb128 -28
 6576 0cc3 9F       		.byte	0x9f
 6577 0cc4 40010000 		.4byte	.LVL297
 6578 0cc8 44010000 		.4byte	.LVL298
 6579 0ccc 0100     		.2byte	0x1
 6580 0cce 53       		.byte	0x53
 6581 0ccf 44010000 		.4byte	.LVL298
 6582 0cd3 64010000 		.4byte	.LFE22
 6583 0cd7 0300     		.2byte	0x3
 6584 0cd9 91       		.byte	0x91
 6585 0cda 64       		.sleb128 -28
 6586 0cdb 9F       		.byte	0x9f
 6587 0cdc 00000000 		.4byte	0
 6588 0ce0 00000000 		.4byte	0
 6589              	.LLST82:
ARM GAS  C:\Users\ADSTRU~1\AppData\Local\Temp\ccLLBSlA.s 			page 170


 6590 0ce4 60000000 		.4byte	.LVL267
 6591 0ce8 28010000 		.4byte	.LVL295
 6592 0cec 0100     		.2byte	0x1
 6593 0cee 57       		.byte	0x57
 6594 0cef 00000000 		.4byte	0
 6595 0cf3 00000000 		.4byte	0
 6596              	.LLST83:
 6597 0cf7 12000000 		.4byte	.LVL253
 6598 0cfb 1E000000 		.4byte	.LVL257
 6599 0cff 0100     		.2byte	0x1
 6600 0d01 52       		.byte	0x52
 6601 0d02 00000000 		.4byte	0
 6602 0d06 00000000 		.4byte	0
 6603              	.LLST84:
 6604 0d0a 16000000 		.4byte	.LVL254
 6605 0d0e 1C000000 		.4byte	.LVL256
 6606 0d12 0100     		.2byte	0x1
 6607 0d14 53       		.byte	0x53
 6608 0d15 1C000000 		.4byte	.LVL256
 6609 0d19 52010000 		.4byte	.LVL304
 6610 0d1d 0100     		.2byte	0x1
 6611 0d1f 5A       		.byte	0x5a
 6612 0d20 00000000 		.4byte	0
 6613 0d24 00000000 		.4byte	0
 6614              	.LLST85:
 6615 0d28 00000000 		.4byte	.LVL305
 6616 0d2c 06000000 		.4byte	.LVL306
 6617 0d30 0100     		.2byte	0x1
 6618 0d32 50       		.byte	0x50
 6619 0d33 06000000 		.4byte	.LVL306
 6620 0d37 24000000 		.4byte	.LFE16
 6621 0d3b 0400     		.2byte	0x4
 6622 0d3d F3       		.byte	0xf3
 6623 0d3e 01       		.uleb128 0x1
 6624 0d3f 50       		.byte	0x50
 6625 0d40 9F       		.byte	0x9f
 6626 0d41 00000000 		.4byte	0
 6627 0d45 00000000 		.4byte	0
 6628              	.LLST86:
 6629 0d49 00000000 		.4byte	.LVL305
 6630 0d4d 0E000000 		.4byte	.LVL307
 6631 0d51 0100     		.2byte	0x1
 6632 0d53 51       		.byte	0x51
 6633 0d54 0E000000 		.4byte	.LVL307
 6634 0d58 24000000 		.4byte	.LFE16
 6635 0d5c 0400     		.2byte	0x4
 6636 0d5e F3       		.byte	0xf3
 6637 0d5f 01       		.uleb128 0x1
 6638 0d60 51       		.byte	0x51
 6639 0d61 9F       		.byte	0x9f
 6640 0d62 00000000 		.4byte	0
 6641 0d66 00000000 		.4byte	0
 6642              	.LLST87:
 6643 0d6a 00000000 		.4byte	.LVL309
 6644 0d6e 1C000000 		.4byte	.LVL312
 6645 0d72 0100     		.2byte	0x1
 6646 0d74 50       		.byte	0x50
ARM GAS  C:\Users\ADSTRU~1\AppData\Local\Temp\ccLLBSlA.s 			page 171


 6647 0d75 1C000000 		.4byte	.LVL312
 6648 0d79 60000000 		.4byte	.LVL322
 6649 0d7d 0100     		.2byte	0x1
 6650 0d7f 54       		.byte	0x54
 6651 0d80 60000000 		.4byte	.LVL322
 6652 0d84 62000000 		.4byte	.LVL323
 6653 0d88 0100     		.2byte	0x1
 6654 0d8a 50       		.byte	0x50
 6655 0d8b 62000000 		.4byte	.LVL323
 6656 0d8f 66000000 		.4byte	.LVL326
 6657 0d93 0100     		.2byte	0x1
 6658 0d95 54       		.byte	0x54
 6659 0d96 66000000 		.4byte	.LVL326
 6660 0d9a 74000000 		.4byte	.LFE23
 6661 0d9e 0400     		.2byte	0x4
 6662 0da0 F3       		.byte	0xf3
 6663 0da1 01       		.uleb128 0x1
 6664 0da2 50       		.byte	0x50
 6665 0da3 9F       		.byte	0x9f
 6666 0da4 00000000 		.4byte	0
 6667 0da8 00000000 		.4byte	0
 6668              	.LLST88:
 6669 0dac 00000000 		.4byte	.LVL309
 6670 0db0 1C000000 		.4byte	.LVL312
 6671 0db4 0100     		.2byte	0x1
 6672 0db6 51       		.byte	0x51
 6673 0db7 1C000000 		.4byte	.LVL312
 6674 0dbb 60000000 		.4byte	.LVL322
 6675 0dbf 0100     		.2byte	0x1
 6676 0dc1 55       		.byte	0x55
 6677 0dc2 60000000 		.4byte	.LVL322
 6678 0dc6 64000000 		.4byte	.LVL324
 6679 0dca 0100     		.2byte	0x1
 6680 0dcc 51       		.byte	0x51
 6681 0dcd 64000000 		.4byte	.LVL324
 6682 0dd1 66000000 		.4byte	.LVL327
 6683 0dd5 0100     		.2byte	0x1
 6684 0dd7 55       		.byte	0x55
 6685 0dd8 66000000 		.4byte	.LVL327
 6686 0ddc 74000000 		.4byte	.LFE23
 6687 0de0 0400     		.2byte	0x4
 6688 0de2 F3       		.byte	0xf3
 6689 0de3 01       		.uleb128 0x1
 6690 0de4 51       		.byte	0x51
 6691 0de5 9F       		.byte	0x9f
 6692 0de6 00000000 		.4byte	0
 6693 0dea 00000000 		.4byte	0
 6694              	.LLST89:
 6695 0dee 06000000 		.4byte	.LVL310
 6696 0df2 5E000000 		.4byte	.LVL321
 6697 0df6 0200     		.2byte	0x2
 6698 0df8 30       		.byte	0x30
 6699 0df9 9F       		.byte	0x9f
 6700 0dfa 5E000000 		.4byte	.LVL321
 6701 0dfe 60000000 		.4byte	.LVL322
 6702 0e02 0100     		.2byte	0x1
 6703 0e04 50       		.byte	0x50
ARM GAS  C:\Users\ADSTRU~1\AppData\Local\Temp\ccLLBSlA.s 			page 172


 6704 0e05 60000000 		.4byte	.LVL322
 6705 0e09 66000000 		.4byte	.LVL325
 6706 0e0d 0200     		.2byte	0x2
 6707 0e0f 30       		.byte	0x30
 6708 0e10 9F       		.byte	0x9f
 6709 0e11 66000000 		.4byte	.LVL325
 6710 0e15 74000000 		.4byte	.LFE23
 6711 0e19 0100     		.2byte	0x1
 6712 0e1b 50       		.byte	0x50
 6713 0e1c 00000000 		.4byte	0
 6714 0e20 00000000 		.4byte	0
 6715              	.LLST90:
 6716 0e24 40000000 		.4byte	.LVL318
 6717 0e28 44000000 		.4byte	.LVL319
 6718 0e2c 0600     		.2byte	0x6
 6719 0e2e 0C       		.byte	0xc
 6720 0e2f 00366E01 		.4byte	0x16e3600
 6721 0e33 9F       		.byte	0x9f
 6722 0e34 44000000 		.4byte	.LVL319
 6723 0e38 5D000000 		.4byte	.LVL321-1
 6724 0e3c 0100     		.2byte	0x1
 6725 0e3e 53       		.byte	0x53
 6726 0e3f 64000000 		.4byte	.LVL324
 6727 0e43 66000000 		.4byte	.LVL325
 6728 0e47 0100     		.2byte	0x1
 6729 0e49 53       		.byte	0x53
 6730 0e4a 00000000 		.4byte	0
 6731 0e4e 00000000 		.4byte	0
 6732              	.LLST91:
 6733 0e52 2A000000 		.4byte	.LVL314
 6734 0e56 32000000 		.4byte	.LVL315
 6735 0e5a 0100     		.2byte	0x1
 6736 0e5c 50       		.byte	0x50
 6737 0e5d 00000000 		.4byte	0
 6738 0e61 00000000 		.4byte	0
 6739              	.LLST92:
 6740 0e65 0E000000 		.4byte	.LVL311
 6741 0e69 66000000 		.4byte	.LVL328
 6742 0e6d 0100     		.2byte	0x1
 6743 0e6f 56       		.byte	0x56
 6744 0e70 00000000 		.4byte	0
 6745 0e74 00000000 		.4byte	0
 6746              		.section	.debug_aranges,"",%progbits
 6747 0000 CC000000 		.4byte	0xcc
 6748 0004 0200     		.2byte	0x2
 6749 0006 00000000 		.4byte	.Ldebug_info0
 6750 000a 04       		.byte	0x4
 6751 000b 00       		.byte	0
 6752 000c 0000     		.2byte	0
 6753 000e 0000     		.2byte	0
 6754 0010 00000000 		.4byte	.LFB1
 6755 0014 10000000 		.4byte	.LFE1-.LFB1
 6756 0018 00000000 		.4byte	.LFB2
 6757 001c 50000000 		.4byte	.LFE2-.LFB2
 6758 0020 00000000 		.4byte	.LFB3
 6759 0024 1C000000 		.4byte	.LFE3-.LFB3
 6760 0028 00000000 		.4byte	.LFB19
ARM GAS  C:\Users\ADSTRU~1\AppData\Local\Temp\ccLLBSlA.s 			page 173


 6761 002c 9C000000 		.4byte	.LFE19-.LFB19
 6762 0030 00000000 		.4byte	.LFB20
 6763 0034 9C000000 		.4byte	.LFE20-.LFB20
 6764 0038 00000000 		.4byte	.LFB21
 6765 003c CC000000 		.4byte	.LFE21-.LFB21
 6766 0040 00000000 		.4byte	.LFB4
 6767 0044 3C010000 		.4byte	.LFE4-.LFB4
 6768 0048 00000000 		.4byte	.LFB6
 6769 004c 60000000 		.4byte	.LFE6-.LFB6
 6770 0050 00000000 		.4byte	.LFB7
 6771 0054 2A000000 		.4byte	.LFE7-.LFB7
 6772 0058 00000000 		.4byte	.LFB8
 6773 005c 40000000 		.4byte	.LFE8-.LFB8
 6774 0060 00000000 		.4byte	.LFB9
 6775 0064 1C000000 		.4byte	.LFE9-.LFB9
 6776 0068 00000000 		.4byte	.LFB12
 6777 006c F8000000 		.4byte	.LFE12-.LFB12
 6778 0070 00000000 		.4byte	.LFB13
 6779 0074 20000000 		.4byte	.LFE13-.LFB13
 6780 0078 00000000 		.4byte	.LFB17
 6781 007c 34000000 		.4byte	.LFE17-.LFB17
 6782 0080 00000000 		.4byte	.LFB14
 6783 0084 A4000000 		.4byte	.LFE14-.LFB14
 6784 0088 00000000 		.4byte	.LFB15
 6785 008c 24000000 		.4byte	.LFE15-.LFB15
 6786 0090 00000000 		.4byte	.LFB18
 6787 0094 64000000 		.4byte	.LFE18-.LFB18
 6788 0098 00000000 		.4byte	.LFB5
 6789 009c 24000000 		.4byte	.LFE5-.LFB5
 6790 00a0 00000000 		.4byte	.LFB10
 6791 00a4 58000000 		.4byte	.LFE10-.LFB10
 6792 00a8 00000000 		.4byte	.LFB11
 6793 00ac 6C000000 		.4byte	.LFE11-.LFB11
 6794 00b0 00000000 		.4byte	.LFB22
 6795 00b4 64010000 		.4byte	.LFE22-.LFB22
 6796 00b8 00000000 		.4byte	.LFB16
 6797 00bc 24000000 		.4byte	.LFE16-.LFB16
 6798 00c0 00000000 		.4byte	.LFB23
 6799 00c4 74000000 		.4byte	.LFE23-.LFB23
 6800 00c8 00000000 		.4byte	0
 6801 00cc 00000000 		.4byte	0
 6802              		.section	.debug_ranges,"",%progbits
 6803              	.Ldebug_ranges0:
 6804 0000 00000000 		.4byte	.LFB1
 6805 0004 10000000 		.4byte	.LFE1
 6806 0008 00000000 		.4byte	.LFB2
 6807 000c 50000000 		.4byte	.LFE2
 6808 0010 00000000 		.4byte	.LFB3
 6809 0014 1C000000 		.4byte	.LFE3
 6810 0018 00000000 		.4byte	.LFB19
 6811 001c 9C000000 		.4byte	.LFE19
 6812 0020 00000000 		.4byte	.LFB20
 6813 0024 9C000000 		.4byte	.LFE20
 6814 0028 00000000 		.4byte	.LFB21
 6815 002c CC000000 		.4byte	.LFE21
 6816 0030 00000000 		.4byte	.LFB4
 6817 0034 3C010000 		.4byte	.LFE4
ARM GAS  C:\Users\ADSTRU~1\AppData\Local\Temp\ccLLBSlA.s 			page 174


 6818 0038 00000000 		.4byte	.LFB6
 6819 003c 60000000 		.4byte	.LFE6
 6820 0040 00000000 		.4byte	.LFB7
 6821 0044 2A000000 		.4byte	.LFE7
 6822 0048 00000000 		.4byte	.LFB8
 6823 004c 40000000 		.4byte	.LFE8
 6824 0050 00000000 		.4byte	.LFB9
 6825 0054 1C000000 		.4byte	.LFE9
 6826 0058 00000000 		.4byte	.LFB12
 6827 005c F8000000 		.4byte	.LFE12
 6828 0060 00000000 		.4byte	.LFB13
 6829 0064 20000000 		.4byte	.LFE13
 6830 0068 00000000 		.4byte	.LFB17
 6831 006c 34000000 		.4byte	.LFE17
 6832 0070 00000000 		.4byte	.LFB14
 6833 0074 A4000000 		.4byte	.LFE14
 6834 0078 00000000 		.4byte	.LFB15
 6835 007c 24000000 		.4byte	.LFE15
 6836 0080 00000000 		.4byte	.LFB18
 6837 0084 64000000 		.4byte	.LFE18
 6838 0088 00000000 		.4byte	.LFB5
 6839 008c 24000000 		.4byte	.LFE5
 6840 0090 00000000 		.4byte	.LFB10
 6841 0094 58000000 		.4byte	.LFE10
 6842 0098 00000000 		.4byte	.LFB11
 6843 009c 6C000000 		.4byte	.LFE11
 6844 00a0 00000000 		.4byte	.LFB22
 6845 00a4 64010000 		.4byte	.LFE22
 6846 00a8 00000000 		.4byte	.LFB16
 6847 00ac 24000000 		.4byte	.LFE16
 6848 00b0 00000000 		.4byte	.LFB23
 6849 00b4 74000000 		.4byte	.LFE23
 6850 00b8 00000000 		.4byte	0
 6851 00bc 00000000 		.4byte	0
 6852              		.section	.debug_line,"",%progbits
 6853              	.Ldebug_line0:
 6854 0000 E3040000 		.section	.debug_str,"MS",%progbits,1
 6854      0200D600 
 6854      00000201 
 6854      FB0E0D00 
 6854      01010101 
 6855              	.LASF141:
 6856 0000 69646163 		.ascii	"idacBRegValue\000"
 6856      42526567 
 6856      56616C75 
 6856      6500
 6857              	.LASF152:
 6858 000e 736E7341 		.ascii	"snsAddrPtr\000"
 6858      64647250 
 6858      747200
 6859              	.LASF145:
 6860 0019 43617053 		.ascii	"CapSense_SsCSDCalculateScanDuration\000"
 6860      656E7365 
 6860      5F537343 
 6860      53444361 
 6860      6C63756C 
 6861              	.LASF177:
ARM GAS  C:\Users\ADSTRU~1\AppData\Local\Temp\ccLLBSlA.s 			page 175


 6862 003d 43617053 		.ascii	"CapSense_widgetIndex\000"
 6862      656E7365 
 6862      5F776964 
 6862      67657449 
 6862      6E646578 
 6863              	.LASF71:
 6864 0052 736E7254 		.ascii	"snrTestWidgetId\000"
 6864      65737457 
 6864      69646765 
 6864      74496400 
 6865              	.LASF27:
 6866 0062 43617053 		.ascii	"CapSense_UNDEFINED_E\000"
 6866      656E7365 
 6866      5F554E44 
 6866      4546494E 
 6866      45445F45 
 6867              	.LASF133:
 6868 0077 694D6F64 		.ascii	"iMod\000"
 6868      00
 6869              	.LASF8:
 6870 007c 756E7369 		.ascii	"unsigned int\000"
 6870      676E6564 
 6870      20696E74 
 6870      00
 6871              	.LASF62:
 6872 0089 7363616E 		.ascii	"scanCounter\000"
 6872      436F756E 
 6872      74657200 
 6873              	.LASF125:
 6874 0095 72617469 		.ascii	"ratio\000"
 6874      6F00
 6875              	.LASF60:
 6876 009b 6877436C 		.ascii	"hwClock\000"
 6876      6F636B00 
 6877              	.LASF75:
 6878 00a3 7363616E 		.ascii	"scanCsdISC\000"
 6878      43736449 
 6878      534300
 6879              	.LASF138:
 6880 00ae 696E7465 		.ascii	"interruptState\000"
 6880      72727570 
 6880      74537461 
 6880      746500
 6881              	.LASF199:
 6882 00bd 43617053 		.ascii	"CapSense_SsCSDConfigIDACs\000"
 6882      656E7365 
 6882      5F537343 
 6882      5344436F 
 6882      6E666967 
 6883              	.LASF120:
 6884 00d7 70747246 		.ascii	"ptrFlashWidget\000"
 6884      6C617368 
 6884      57696467 
 6884      657400
 6885              	.LASF174:
 6886 00e6 43617053 		.ascii	"CapSense_eleCsdDisconnectFlag\000"
 6886      656E7365 
ARM GAS  C:\Users\ADSTRU~1\AppData\Local\Temp\ccLLBSlA.s 			page 176


 6886      5F656C65 
 6886      43736444 
 6886      6973636F 
 6887              	.LASF192:
 6888 0104 4379496E 		.ascii	"CyIntDisable\000"
 6888      74446973 
 6888      61626C65 
 6888      00
 6889              	.LASF187:
 6890 0111 43617053 		.ascii	"CapSense_SsSetModClkClockDivider\000"
 6890      656E7365 
 6890      5F537353 
 6890      65744D6F 
 6890      64436C6B 
 6891              	.LASF154:
 6892 0132 70696E4D 		.ascii	"pinModeShift\000"
 6892      6F646553 
 6892      68696674 
 6892      00
 6893              	.LASF116:
 6894 013f 736E7349 		.ascii	"snsIndex\000"
 6894      6E646578 
 6894      00
 6895              	.LASF129:
 6896 0148 43617053 		.ascii	"CapSense_SsCSDNormalizeIdac\000"
 6896      656E7365 
 6896      5F537343 
 6896      53444E6F 
 6896      726D616C 
 6897              	.LASF50:
 6898 0164 43617053 		.ascii	"CapSense_RAM_WD_LIST_STRUCT\000"
 6898      656E7365 
 6898      5F52414D 
 6898      5F57445F 
 6898      4C495354 
 6899              	.LASF100:
 6900 0180 69697246 		.ascii	"iirFilterCoeff\000"
 6900      696C7465 
 6900      72436F65 
 6900      666600
 6901              	.LASF158:
 6902 018f 73656E73 		.ascii	"sensorId\000"
 6902      6F724964 
 6902      00
 6903              	.LASF137:
 6904 0198 70747257 		.ascii	"ptrWdgt\000"
 6904      64677400 
 6905              	.LASF40:
 6906 01a0 69646163 		.ascii	"idacGainIndex\000"
 6906      4761696E 
 6906      496E6465 
 6906      7800
 6907              	.LASF157:
 6908 01ae 43617053 		.ascii	"CapSense_SsCSDConnectSensorExt\000"
 6908      656E7365 
 6908      5F537343 
 6908      5344436F 
ARM GAS  C:\Users\ADSTRU~1\AppData\Local\Temp\ccLLBSlA.s 			page 177


 6908      6E6E6563 
 6909              	.LASF12:
 6910 01cd 666C6F61 		.ascii	"float\000"
 6910      7400
 6911              	.LASF146:
 6912 01d3 43617053 		.ascii	"CapSense_SsCSDTriggerScan\000"
 6912      656E7365 
 6912      5F537343 
 6912      53445472 
 6912      69676765 
 6913              	.LASF86:
 6914 01ed 73686966 		.ascii	"shift\000"
 6914      7400
 6915              	.LASF196:
 6916 01f3 474E5520 		.ascii	"GNU C11 5.4.1 20160609 (release) [ARM/embedded-5-br"
 6916      43313120 
 6916      352E342E 
 6916      31203230 
 6916      31363036 
 6917 0226 616E6368 		.ascii	"anch revision 237715] -mcpu=cortex-m0plus -mthumb -"
 6917      20726576 
 6917      6973696F 
 6917      6E203233 
 6917      37373135 
 6918 0259 67202D4F 		.ascii	"g -Og -ffunction-sections -ffat-lto-objects\000"
 6918      67202D66 
 6918      66756E63 
 6918      74696F6E 
 6918      2D736563 
 6919              	.LASF142:
 6920 0285 736E7343 		.ascii	"snsClkSrc\000"
 6920      6C6B5372 
 6920      6300
 6921              	.LASF148:
 6922 028f 77617463 		.ascii	"watchdogCounter\000"
 6922      68646F67 
 6922      436F756E 
 6922      74657200 
 6923              	.LASF163:
 6924 029f 43617053 		.ascii	"CapSense_CSDSetupWidget\000"
 6924      656E7365 
 6924      5F435344 
 6924      53657475 
 6924      70576964 
 6925              	.LASF155:
 6926 02b7 70696E48 		.ascii	"pinHSIOMShift\000"
 6926      53494F4D 
 6926      53686966 
 6926      7400
 6927              	.LASF193:
 6928 02c5 43794465 		.ascii	"CyDelayUs\000"
 6928      6C617955 
 6928      7300
 6929              	.LASF70:
 6930 02cf 736E734C 		.ascii	"snsList\000"
 6930      69737400 
 6931              	.LASF194:
ARM GAS  C:\Users\ADSTRU~1\AppData\Local\Temp\ccLLBSlA.s 			page 178


 6932 02d7 43617053 		.ascii	"CapSense_ISR_StartEx\000"
 6932      656E7365 
 6932      5F495352 
 6932      5F537461 
 6932      72744578 
 6933              	.LASF7:
 6934 02ec 6C6F6E67 		.ascii	"long long unsigned int\000"
 6934      206C6F6E 
 6934      6720756E 
 6934      7369676E 
 6934      65642069 
 6935              	.LASF178:
 6936 0303 43617053 		.ascii	"CapSense_sensorIndex\000"
 6936      656E7365 
 6936      5F73656E 
 6936      736F7249 
 6936      6E646578 
 6937              	.LASF87:
 6938 0318 43617053 		.ascii	"CapSense_FLASH_IO_STRUCT\000"
 6938      656E7365 
 6938      5F464C41 
 6938      53485F49 
 6938      4F5F5354 
 6939              	.LASF72:
 6940 0331 736E7254 		.ascii	"snrTestSensorId\000"
 6940      65737453 
 6940      656E736F 
 6940      72496400 
 6941              	.LASF99:
 6942 0341 70747232 		.ascii	"ptr2NoiseEnvlp\000"
 6942      4E6F6973 
 6942      65456E76 
 6942      6C7000
 6943              	.LASF166:
 6944 0350 63616C4D 		.ascii	"calMask\000"
 6944      61736B00 
 6945              	.LASF95:
 6946 0358 77646774 		.ascii	"wdgtType\000"
 6946      54797065 
 6946      00
 6947              	.LASF164:
 6948 0361 43617053 		.ascii	"CapSense_CSDSetupWidgetExt\000"
 6948      656E7365 
 6948      5F435344 
 6948      53657475 
 6948      70576964 
 6949              	.LASF147:
 6950 037c 43617053 		.ascii	"CapSense_SsCSDCmodPrecharge\000"
 6950      656E7365 
 6950      5F537343 
 6950      5344436D 
 6950      6F645072 
 6951              	.LASF115:
 6952 0398 72617763 		.ascii	"rawcount\000"
 6952      6F756E74 
 6952      00
 6953              	.LASF153:
ARM GAS  C:\Users\ADSTRU~1\AppData\Local\Temp\ccLLBSlA.s 			page 179


 6954 03a1 6E657752 		.ascii	"newRegisterValue\000"
 6954      65676973 
 6954      74657256 
 6954      616C7565 
 6954      00
 6955              	.LASF68:
 6956 03b2 6D6F6443 		.ascii	"modCsdClk\000"
 6956      7364436C 
 6956      6B00
 6957              	.LASF56:
 6958 03bc 43617053 		.ascii	"CapSense_RAM_SNS_STRUCT\000"
 6958      656E7365 
 6958      5F52414D 
 6958      5F534E53 
 6958      5F535452 
 6959              	.LASF121:
 6960 03d4 70747252 		.ascii	"ptrRamWidget\000"
 6960      616D5769 
 6960      64676574 
 6960      00
 6961              	.LASF112:
 6962 03e1 74617267 		.ascii	"target\000"
 6962      657400
 6963              	.LASF80:
 6964 03e8 64725074 		.ascii	"drPtr\000"
 6964      7200
 6965              	.LASF195:
 6966 03ee 43617053 		.ascii	"CapSense_SsSwitchSensingMode\000"
 6966      656E7365 
 6966      5F537353 
 6966      77697463 
 6966      6853656E 
 6967              	.LASF44:
 6968 040b 73696750 		.ascii	"sigPFC\000"
 6968      464300
 6969              	.LASF36:
 6970 0412 68797374 		.ascii	"hysteresis\000"
 6970      65726573 
 6970      697300
 6971              	.LASF132:
 6972 041d 7261774C 		.ascii	"rawLevel\000"
 6972      6576656C 
 6972      00
 6973              	.LASF101:
 6974 0426 43617053 		.ascii	"CapSense_FLASH_WD_STRUCT\000"
 6974      656E7365 
 6974      5F464C41 
 6974      53485F57 
 6974      445F5354 
 6975              	.LASF38:
 6976 043f 6C6F7742 		.ascii	"lowBslnRst\000"
 6976      736C6E52 
 6976      737400
 6977              	.LASF130:
 6978 044a 6D696E52 		.ascii	"minRaw\000"
 6978      617700
 6979              	.LASF136:
ARM GAS  C:\Users\ADSTRU~1\AppData\Local\Temp\ccLLBSlA.s 			page 180


 6980 0451 43617053 		.ascii	"CapSense_SsCSDSetUpIdacs\000"
 6980      656E7365 
 6980      5F537343 
 6980      53445365 
 6980      74557049 
 6981              	.LASF94:
 6982 046a 746F7461 		.ascii	"totalNumSns\000"
 6982      6C4E756D 
 6982      536E7300 
 6983              	.LASF170:
 6984 0476 43617053 		.ascii	"CapSense_SsCSDDisconnectSnsExt\000"
 6984      656E7365 
 6984      5F537343 
 6984      53444469 
 6984      73636F6E 
 6985              	.LASF26:
 6986 0495 534D4152 		.ascii	"SMARTSENSE_CSD_NOISE_ENVELOPE_STRUCT\000"
 6986      5453454E 
 6986      53455F43 
 6986      53445F4E 
 6986      4F495345 
 6987              	.LASF128:
 6988 04ba 6761696E 		.ascii	"gainIndex\000"
 6988      496E6465 
 6988      7800
 6989              	.LASF34:
 6990 04c4 6E6F6973 		.ascii	"noiseTh\000"
 6990      65546800 
 6991              	.LASF190:
 6992 04cc 4379496E 		.ascii	"CyIntClearPending\000"
 6992      74436C65 
 6992      61725065 
 6992      6E64696E 
 6992      6700
 6993              	.LASF14:
 6994 04de 63686172 		.ascii	"char\000"
 6994      00
 6995              	.LASF189:
 6996 04e3 43794578 		.ascii	"CyExitCriticalSection\000"
 6996      69744372 
 6996      69746963 
 6996      616C5365 
 6996      6374696F 
 6997              	.LASF185:
 6998 04f9 43617053 		.ascii	"CapSense_DischargeExtCapacitors\000"
 6998      656E7365 
 6998      5F446973 
 6998      63686172 
 6998      67654578 
 6999              	.LASF171:
 7000 0519 43617053 		.ascii	"CapSense_SsCSDGetNumberOfConversions\000"
 7000      656E7365 
 7000      5F537343 
 7000      53444765 
 7000      744E756D 
 7001              	.LASF126:
 7002 053e 6D617849 		.ascii	"maxIdac\000"
ARM GAS  C:\Users\ADSTRU~1\AppData\Local\Temp\ccLLBSlA.s 			page 181


 7002      64616300 
 7003              	.LASF84:
 7004 0546 6873696F 		.ascii	"hsiomShift\000"
 7004      6D536869 
 7004      667400
 7005              	.LASF10:
 7006 0551 75696E74 		.ascii	"uint16\000"
 7006      313600
 7007              	.LASF143:
 7008 0558 636F6E76 		.ascii	"conversionsNum\000"
 7008      65727369 
 7008      6F6E734E 
 7008      756D00
 7009              	.LASF122:
 7010 0567 70747252 		.ascii	"ptrRamSensor\000"
 7010      616D5365 
 7010      6E736F72 
 7010      00
 7011              	.LASF32:
 7012 0574 7265736F 		.ascii	"resolution\000"
 7012      6C757469 
 7012      6F6E00
 7013              	.LASF63:
 7014 057f 73746174 		.ascii	"status\000"
 7014      757300
 7015              	.LASF18:
 7016 0586 43617053 		.ascii	"CapSense_LOW_BSLN_RST_TYPE\000"
 7016      656E7365 
 7016      5F4C4F57 
 7016      5F42534C 
 7016      4E5F5253 
 7017              	.LASF55:
 7018 05a1 69646163 		.ascii	"idacComp\000"
 7018      436F6D70 
 7018      00
 7019              	.LASF79:
 7020 05aa 70635074 		.ascii	"pcPtr\000"
 7020      7200
 7021              	.LASF6:
 7022 05b0 6C6F6E67 		.ascii	"long long int\000"
 7022      206C6F6E 
 7022      6720696E 
 7022      7400
 7023              	.LASF96:
 7024 05be 6E756D43 		.ascii	"numCols\000"
 7024      6F6C7300 
 7025              	.LASF135:
 7026 05c6 43617053 		.ascii	"CapSense_SsCSDInitialize\000"
 7026      656E7365 
 7026      5F537343 
 7026      5344496E 
 7026      69746961 
 7027              	.LASF37:
 7028 05df 6F6E4465 		.ascii	"onDebounce\000"
 7028      626F756E 
 7028      636500
 7029              	.LASF118:
ARM GAS  C:\Users\ADSTRU~1\AppData\Local\Temp\ccLLBSlA.s 			page 182


 7030 05ea 75707065 		.ascii	"upperLimit\000"
 7030      724C696D 
 7030      697400
 7031              	.LASF165:
 7032 05f5 43617053 		.ascii	"CapSense_SsCSDCalibrate\000"
 7032      656E7365 
 7032      5F537343 
 7032      53444361 
 7032      6C696272 
 7033              	.LASF114:
 7034 060d 63616C69 		.ascii	"calibrateStatus\000"
 7034      62726174 
 7034      65537461 
 7034      74757300 
 7035              	.LASF69:
 7036 061d 77646774 		.ascii	"wdgtList\000"
 7036      4C697374 
 7036      00
 7037              	.LASF103:
 7038 0626 43617053 		.ascii	"CapSense_FLASH_STRUCT\000"
 7038      656E7365 
 7038      5F464C41 
 7038      53485F53 
 7038      54525543 
 7039              	.LASF186:
 7040 063c 43617053 		.ascii	"CapSense_WriteBitsSafe\000"
 7040      656E7365 
 7040      5F577269 
 7040      74654269 
 7040      74735361 
 7041              	.LASF175:
 7042 0653 43617053 		.ascii	"CapSense_dsRam\000"
 7042      656E7365 
 7042      5F647352 
 7042      616D00
 7043              	.LASF74:
 7044 0662 736E7254 		.ascii	"snrTestRawCount\000"
 7044      65737452 
 7044      6177436F 
 7044      756E7400 
 7045              	.LASF183:
 7046 0672 43617053 		.ascii	"CapSense_configCsd\000"
 7046      656E7365 
 7046      5F636F6E 
 7046      66696743 
 7046      736400
 7047              	.LASF35:
 7048 0685 6E4E6F69 		.ascii	"nNoiseTh\000"
 7048      73655468 
 7048      00
 7049              	.LASF67:
 7050 068e 63736430 		.ascii	"csd0Config\000"
 7050      436F6E66 
 7050      696700
 7051              	.LASF123:
 7052 0699 43617053 		.ascii	"CapSense_SsCSDCalibrateCheck\000"
 7052      656E7365 
ARM GAS  C:\Users\ADSTRU~1\AppData\Local\Temp\ccLLBSlA.s 			page 183


 7052      5F537343 
 7052      53444361 
 7052      6C696272 
 7053              	.LASF46:
 7054 06b6 43617053 		.ascii	"CapSense_RAM_WD_BASE_STRUCT\000"
 7054      656E7365 
 7054      5F52414D 
 7054      5F57445F 
 7054      42415345 
 7055              	.LASF117:
 7056 06d2 66726571 		.ascii	"freqChannel\000"
 7056      4368616E 
 7056      6E656C00 
 7057              	.LASF78:
 7058 06de 6873696F 		.ascii	"hsiomPtr\000"
 7058      6D507472 
 7058      00
 7059              	.LASF11:
 7060 06e7 75696E74 		.ascii	"uint32\000"
 7060      333200
 7061              	.LASF91:
 7062 06ee 70747232 		.ascii	"ptr2FltrHistory\000"
 7062      466C7472 
 7062      48697374 
 7062      6F727900 
 7063              	.LASF106:
 7064 06fe 6761696E 		.ascii	"gainValue\000"
 7064      56616C75 
 7064      6500
 7065              	.LASF181:
 7066 0708 43617053 		.ascii	"CapSense_curSnsIOPtr\000"
 7066      656E7365 
 7066      5F637572 
 7066      536E7349 
 7066      4F507472 
 7067              	.LASF83:
 7068 071d 6D61736B 		.ascii	"mask\000"
 7068      00
 7069              	.LASF119:
 7070 0722 6C6F7765 		.ascii	"lowerLimit\000"
 7070      724C696D 
 7070      697400
 7071              	.LASF169:
 7072 072d 7074724D 		.ascii	"ptrMaxIdac\000"
 7072      61784964 
 7072      616300
 7073              	.LASF131:
 7074 0738 6D617852 		.ascii	"maxRawLevel\000"
 7074      61774C65 
 7074      76656C00 
 7075              	.LASF113:
 7076 0744 73616D70 		.ascii	"sampleClkFreqHz\000"
 7076      6C65436C 
 7076      6B467265 
 7076      71487A00 
 7077              	.LASF197:
 7078 0754 47656E65 		.ascii	"Generated_Source\\PSoC4\\CapSense_SensingCSD_LL.c\000"
ARM GAS  C:\Users\ADSTRU~1\AppData\Local\Temp\ccLLBSlA.s 			page 184


 7078      72617465 
 7078      645F536F 
 7078      75726365 
 7078      5C50536F 
 7079              	.LASF31:
 7080 0784 43617053 		.ascii	"CapSense_SENSE_METHOD_ISX_E\000"
 7080      656E7365 
 7080      5F53454E 
 7080      53455F4D 
 7080      4554484F 
 7081              	.LASF104:
 7082 07a0 6C6F6E67 		.ascii	"long double\000"
 7082      20646F75 
 7082      626C6500 
 7083              	.LASF144:
 7084 07ac 43617053 		.ascii	"CapSense_SsCSDConfigClock\000"
 7084      656E7365 
 7084      5F537343 
 7084      5344436F 
 7084      6E666967 
 7085              	.LASF16:
 7086 07c6 72656733 		.ascii	"reg32\000"
 7086      3200
 7087              	.LASF73:
 7088 07cc 736E7254 		.ascii	"snrTestScanCounter\000"
 7088      65737453 
 7088      63616E43 
 7088      6F756E74 
 7088      657200
 7089              	.LASF58:
 7090 07df 636F6E66 		.ascii	"configId\000"
 7090      69674964 
 7090      00
 7091              	.LASF90:
 7092 07e8 70747232 		.ascii	"ptr2SnsRam\000"
 7092      536E7352 
 7092      616D00
 7093              	.LASF66:
 7094 07f3 736E7353 		.ascii	"snsStatus\000"
 7094      74617475 
 7094      7300
 7095              	.LASF42:
 7096 07fd 736E7343 		.ascii	"snsClkSource\000"
 7096      6C6B536F 
 7096      75726365 
 7096      00
 7097              	.LASF162:
 7098 080a 43617053 		.ascii	"CapSense_SsCSDElectrodeCheck\000"
 7098      656E7365 
 7098      5F537343 
 7098      5344456C 
 7098      65637472 
 7099              	.LASF97:
 7100 0827 78526573 		.ascii	"xResolution\000"
 7100      6F6C7574 
 7100      696F6E00 
 7101              	.LASF2:
ARM GAS  C:\Users\ADSTRU~1\AppData\Local\Temp\ccLLBSlA.s 			page 185


 7102 0833 73686F72 		.ascii	"short int\000"
 7102      7420696E 
 7102      7400
 7103              	.LASF161:
 7104 083d 6E657748 		.ascii	"newHsiomRegValue\000"
 7104      73696F6D 
 7104      52656756 
 7104      616C7565 
 7104      00
 7105              	.LASF77:
 7106 084e 43617053 		.ascii	"CapSense_RAM_STRUCT\000"
 7106      656E7365 
 7106      5F52414D 
 7106      5F535452 
 7106      55435400 
 7107              	.LASF159:
 7108 0862 43617053 		.ascii	"CapSense_CSDDisconnectSns\000"
 7108      656E7365 
 7108      5F435344 
 7108      44697363 
 7108      6F6E6E65 
 7109              	.LASF109:
 7110 087c 43617053 		.ascii	"CapSense_SsCSDSetModeSnsClockDivider\000"
 7110      656E7365 
 7110      5F537343 
 7110      53445365 
 7110      744D6F64 
 7111              	.LASF184:
 7112 08a1 43617053 		.ascii	"CapSense_SsSetAllIOsState\000"
 7112      656E7365 
 7112      5F537353 
 7112      6574416C 
 7112      6C494F73 
 7113              	.LASF4:
 7114 08bb 6C6F6E67 		.ascii	"long int\000"
 7114      20696E74 
 7114      00
 7115              	.LASF64:
 7116 08c4 77646774 		.ascii	"wdgtEnable\000"
 7116      456E6162 
 7116      6C6500
 7117              	.LASF53:
 7118 08cf 64696666 		.ascii	"diff\000"
 7118      00
 7119              	.LASF127:
 7120 08d4 6D696E49 		.ascii	"minIdac\000"
 7120      64616300 
 7121              	.LASF61:
 7122 08dc 74756E65 		.ascii	"tunerCmd\000"
 7122      72436D64 
 7122      00
 7123              	.LASF167:
 7124 08e5 74656D70 		.ascii	"temp\000"
 7124      00
 7125              	.LASF29:
 7126 08ea 43617053 		.ascii	"CapSense_SENSE_METHOD_CSX_E\000"
 7126      656E7365 
ARM GAS  C:\Users\ADSTRU~1\AppData\Local\Temp\ccLLBSlA.s 			page 186


 7126      5F53454E 
 7126      53455F4D 
 7126      4554484F 
 7127              	.LASF81:
 7128 0906 70735074 		.ascii	"psPtr\000"
 7128      7200
 7129              	.LASF140:
 7130 090c 69646163 		.ascii	"idacARegValue\000"
 7130      41526567 
 7130      56616C75 
 7130      6500
 7131              	.LASF172:
 7132 091a 43617053 		.ascii	"CapSense_CSDCalibrateWidget\000"
 7132      656E7365 
 7132      5F435344 
 7132      43616C69 
 7132      62726174 
 7133              	.LASF105:
 7134 0936 6761696E 		.ascii	"gainReg\000"
 7134      52656700 
 7135              	.LASF176:
 7136 093e 43617053 		.ascii	"CapSense_dsFlash\000"
 7136      656E7365 
 7136      5F647346 
 7136      6C617368 
 7136      00
 7137              	.LASF43:
 7138 094f 66696E67 		.ascii	"fingerCap\000"
 7138      65724361 
 7138      7000
 7139              	.LASF150:
 7140 0959 43617053 		.ascii	"CapSense_CSDScanExt\000"
 7140      656E7365 
 7140      5F435344 
 7140      5363616E 
 7140      45787400 
 7141              	.LASF65:
 7142 096d 77646774 		.ascii	"wdgtStatus\000"
 7142      53746174 
 7142      757300
 7143              	.LASF48:
 7144 0978 43617053 		.ascii	"CapSense_RAM_WD_SLIDER_STRUCT\000"
 7144      656E7365 
 7144      5F52414D 
 7144      5F57445F 
 7144      534C4944 
 7145              	.LASF28:
 7146 0996 43617053 		.ascii	"CapSense_SENSE_METHOD_CSD_E\000"
 7146      656E7365 
 7146      5F53454E 
 7146      53455F4D 
 7146      4554484F 
 7147              	.LASF45:
 7148 09b2 73697A65 		.ascii	"sizetype\000"
 7148      74797065 
 7148      00
 7149              	.LASF85:
ARM GAS  C:\Users\ADSTRU~1\AppData\Local\Temp\ccLLBSlA.s 			page 187


 7150 09bb 64725368 		.ascii	"drShift\000"
 7150      69667400 
 7151              	.LASF5:
 7152 09c3 6C6F6E67 		.ascii	"long unsigned int\000"
 7152      20756E73 
 7152      69676E65 
 7152      6420696E 
 7152      7400
 7153              	.LASF39:
 7154 09d5 69646163 		.ascii	"idacMod\000"
 7154      4D6F6400 
 7155              	.LASF124:
 7156 09dd 43617053 		.ascii	"CapSense_SsCSDSwitchIdacGain\000"
 7156      656E7365 
 7156      5F537343 
 7156      53445377 
 7156      69746368 
 7157              	.LASF92:
 7158 09fa 70747232 		.ascii	"ptr2DebounceArr\000"
 7158      4465626F 
 7158      756E6365 
 7158      41727200 
 7159              	.LASF151:
 7160 0a0a 43617053 		.ascii	"CapSense_CSDConnectSns\000"
 7160      656E7365 
 7160      5F435344 
 7160      436F6E6E 
 7160      65637453 
 7161              	.LASF98:
 7162 0a21 7843656E 		.ascii	"xCentroidMultiplier\000"
 7162      74726F69 
 7162      644D756C 
 7162      7469706C 
 7162      69657200 
 7163              	.LASF33:
 7164 0a35 66696E67 		.ascii	"fingerTh\000"
 7164      65725468 
 7164      00
 7165              	.LASF52:
 7166 0a3e 62736C6E 		.ascii	"bslnExt\000"
 7166      45787400 
 7167              	.LASF107:
 7168 0a46 43617053 		.ascii	"CapSense_IDAC_GAIN_TABLE_STRUCT\000"
 7168      656E7365 
 7168      5F494441 
 7168      435F4741 
 7168      494E5F54 
 7169              	.LASF15:
 7170 0a66 63797374 		.ascii	"cystatus\000"
 7170      61747573 
 7170      00
 7171              	.LASF110:
 7172 0a6f 43617053 		.ascii	"CapSense_SsCSDSetFilterDelay\000"
 7172      656E7365 
 7172      5F537343 
 7172      53445365 
 7172      7446696C 
ARM GAS  C:\Users\ADSTRU~1\AppData\Local\Temp\ccLLBSlA.s 			page 188


 7173              	.LASF1:
 7174 0a8c 756E7369 		.ascii	"unsigned char\000"
 7174      676E6564 
 7174      20636861 
 7174      7200
 7175              	.LASF93:
 7176 0a9a 73746174 		.ascii	"staticConfig\000"
 7176      6963436F 
 7176      6E666967 
 7176      00
 7177              	.LASF76:
 7178 0aa7 7363616E 		.ascii	"scanCurrentISC\000"
 7178      43757272 
 7178      656E7449 
 7178      534300
 7179              	.LASF89:
 7180 0ab6 70747232 		.ascii	"ptr2WdgtRam\000"
 7180      57646774 
 7180      52616D00 
 7181              	.LASF17:
 7182 0ac2 43617053 		.ascii	"CapSense_THRESHOLD_TYPE\000"
 7182      656E7365 
 7182      5F544852 
 7182      4553484F 
 7182      4C445F54 
 7183              	.LASF156:
 7184 0ada 43617053 		.ascii	"CapSense_CSDScan\000"
 7184      656E7365 
 7184      5F435344 
 7184      5363616E 
 7184      00
 7185              	.LASF30:
 7186 0aeb 43617053 		.ascii	"CapSense_SENSE_METHOD_BIST_E\000"
 7186      656E7365 
 7186      5F53454E 
 7186      53455F4D 
 7186      4554484F 
 7187              	.LASF49:
 7188 0b08 6C696E65 		.ascii	"linearslider0\000"
 7188      6172736C 
 7188      69646572 
 7188      3000
 7189              	.LASF82:
 7190 0b16 6873696F 		.ascii	"hsiomMask\000"
 7190      6D4D6173 
 7190      6B00
 7191              	.LASF191:
 7192 0b20 4379496E 		.ascii	"CyIntEnable\000"
 7192      74456E61 
 7192      626C6500 
 7193              	.LASF41:
 7194 0b2c 736E7343 		.ascii	"snsClk\000"
 7194      6C6B00
 7195              	.LASF173:
 7196 0b33 6761696E 		.ascii	"gainSwitch\000"
 7196      53776974 
 7196      636800
ARM GAS  C:\Users\ADSTRU~1\AppData\Local\Temp\ccLLBSlA.s 			page 189


 7197              	.LASF188:
 7198 0b3e 4379456E 		.ascii	"CyEnterCriticalSection\000"
 7198      74657243 
 7198      72697469 
 7198      63616C53 
 7198      65637469 
 7199              	.LASF179:
 7200 0b55 43617053 		.ascii	"CapSense_curRamSnsPtr\000"
 7200      656E7365 
 7200      5F637572 
 7200      52616D53 
 7200      6E735074 
 7201              	.LASF0:
 7202 0b6b 7369676E 		.ascii	"signed char\000"
 7202      65642063 
 7202      68617200 
 7203              	.LASF180:
 7204 0b77 43617053 		.ascii	"CapSense_scanFreqIndex\000"
 7204      656E7365 
 7204      5F736361 
 7204      6E467265 
 7204      71496E64 
 7205              	.LASF51:
 7206 0b8e 62736C6E 		.ascii	"bsln\000"
 7206      00
 7207              	.LASF3:
 7208 0b93 73686F72 		.ascii	"short unsigned int\000"
 7208      7420756E 
 7208      7369676E 
 7208      65642069 
 7208      6E7400
 7209              	.LASF149:
 7210 0ba6 43617053 		.ascii	"CapSense_SsCSDStartSample\000"
 7210      656E7365 
 7210      5F537343 
 7210      53445374 
 7210      61727453 
 7211              	.LASF88:
 7212 0bc0 70747232 		.ascii	"ptr2SnsFlash\000"
 7212      536E7346 
 7212      6C617368 
 7212      00
 7213              	.LASF134:
 7214 0bcd 6E657752 		.ascii	"newRegValue\000"
 7214      65675661 
 7214      6C756500 
 7215              	.LASF198:
 7216 0bd9 433A5C55 		.ascii	"C:\\Users\\adstrumwin\\Desktop\\CapSense_Tasks\\Tas"
 7216      73657273 
 7216      5C616473 
 7216      7472756D 
 7216      77696E5C 
 7217 0c07 6B5F312E 		.ascii	"k_1.cydsn\000"
 7217      63796473 
 7217      6E00
 7218              	.LASF9:
 7219 0c11 75696E74 		.ascii	"uint8\000"
ARM GAS  C:\Users\ADSTRU~1\AppData\Local\Temp\ccLLBSlA.s 			page 190


 7219      3800
 7220              	.LASF13:
 7221 0c17 646F7562 		.ascii	"double\000"
 7221      6C6500
 7222              	.LASF54:
 7223 0c1e 6E656742 		.ascii	"negBslnRstCnt\000"
 7223      736C6E52 
 7223      7374436E 
 7223      7400
 7224              	.LASF19:
 7225 0c2c 70617261 		.ascii	"param0\000"
 7225      6D3000
 7226              	.LASF20:
 7227 0c33 70617261 		.ascii	"param1\000"
 7227      6D3100
 7228              	.LASF21:
 7229 0c3a 70617261 		.ascii	"param2\000"
 7229      6D3200
 7230              	.LASF22:
 7231 0c41 70617261 		.ascii	"param3\000"
 7231      6D3300
 7232              	.LASF23:
 7233 0c48 70617261 		.ascii	"param4\000"
 7233      6D3400
 7234              	.LASF24:
 7235 0c4f 70617261 		.ascii	"param5\000"
 7235      6D3500
 7236              	.LASF25:
 7237 0c56 70617261 		.ascii	"param6\000"
 7237      6D3600
 7238              	.LASF168:
 7239 0c5d 70747249 		.ascii	"ptrIdacMod\000"
 7239      6461634D 
 7239      6F6400
 7240              	.LASF108:
 7241 0c68 736E7343 		.ascii	"snsClkDivider\000"
 7241      6C6B4469 
 7241      76696465 
 7241      7200
 7242              	.LASF139:
 7243 0c76 69646163 		.ascii	"idacGain\000"
 7243      4761696E 
 7243      00
 7244              	.LASF59:
 7245 0c7f 64657669 		.ascii	"deviceId\000"
 7245      63654964 
 7245      00
 7246              	.LASF111:
 7247 0c88 77696467 		.ascii	"widgetId\000"
 7247      65744964 
 7247      00
 7248              	.LASF160:
 7249 0c91 6E657750 		.ascii	"newPcRegValue\000"
 7249      63526567 
 7249      56616C75 
 7249      6500
 7250              	.LASF47:
ARM GAS  C:\Users\ADSTRU~1\AppData\Local\Temp\ccLLBSlA.s 			page 191


 7251 0c9f 706F7369 		.ascii	"position\000"
 7251      74696F6E 
 7251      00
 7252              	.LASF182:
 7253 0ca8 43617053 		.ascii	"CapSense_idacGainTable\000"
 7253      656E7365 
 7253      5F696461 
 7253      63476169 
 7253      6E546162 
 7254              	.LASF57:
 7255 0cbf 43617053 		.ascii	"CapSense_RAM_SNS_LIST_STRUCT\000"
 7255      656E7365 
 7255      5F52414D 
 7255      5F534E53 
 7255      5F4C4953 
 7256              	.LASF102:
 7257 0cdc 77646774 		.ascii	"wdgtArray\000"
 7257      41727261 
 7257      7900
 7258              		.ident	"GCC: (GNU Tools for ARM Embedded Processors) 5.4.1 20160609 (release) [ARM/embedded-5-bran
